mode,variant,split,recording_id,class_id,score,pred
PC float32,clean,test,0003_0397s_shot_019_ch1,1,1.0,1
PC float32,clean,test,0005_0580s_shot_006_ch1,1,1.0,1
PC float32,clean,test,0005_0607s_shot_150_ch1,1,1.0,1
PC float32,clean,test,0005_0631s_shot_173_ch1,1,1.0,1
PC float32,clean,test,0005_0632s_shot_176_ch1,1,1.0,1
PC float32,clean,test,0005_0662s_shot_201_ch1,1,1.0,1
PC float32,clean,test,0005_0685s_shot_220_ch1,1,1.0,1
PC float32,clean,test,0005_0700s_shot_037_ch1,1,1.0,1
PC float32,clean,test,0011_0226s_shot_011_ch1,1,0.9999998807907104,1
PC float32,clean,test,0011_0333s_shot_018_ch1,1,1.0,1
PC float32,clean,test,171236__alukahn__gunshot2_uid-fcn21d,0,0.0,0
PC float32,clean,test,371041__morganpurkis__single-gunshot-3_uid-1k053k,0,2.0101953979852536e-28,0
PC float32,clean,test,384687__morganpurkis__single-gunshot-42_uid-u9d6r1,0,1.5991002346778295e-29,0
PC float32,clean,test,384689__dobroide__20170318gunshotparadiso_uid-kwsehz,0,0.0,0
PC float32,clean,test,384689__dobroide__20170318gunshotparadiso_uid-pjl13d,0,0.0,0
PC float32,clean,test,402008__eardeer__gunshot__high_3_uid-4j4q67,0,0.0,0
PC float32,clean,test,402791__acidsnowflake__ak47-and-various-other-gunshots-at-indoor-shooting-range_uid-6aezru,0,0.0,0
PC float32,clean,test,402791__acidsnowflake__ak47-and-various-other-gunshots-at-indoor-shooting-range_uid-byjlki,0,0.0,0
PC float32,clean,test,402791__acidsnowflake__ak47-and-various-other-gunshots-at-indoor-shooting-range_uid-garl1l,0,0.0,0
PC float32,clean,test,402791__acidsnowflake__ak47-and-various-other-gunshots-at-indoor-shooting-range_uid-l3ibfo,0,0.0,0
PC float32,clean,test,402791__acidsnowflake__ak47-and-various-other-gunshots-at-indoor-shooting-range_uid-qe3eyz,0,0.0,0
PC float32,clean,test,405132__fstagi__gunshots_uid-xcyi0z,0,1.876946812669827e-30,0
PC float32,clean,test,51470__smcameron__synthetic_gunshot_2_uid-vatpwv,0,1.2283043143816323e-16,0
PC float32,clean,test,518181__bolkmar__fx-gunshot_uid-al1o0i,0,0.0,0
PC float32,clean,test,518181__bolkmar__fx-gunshot_uid-es96l9,0,9.006906672504521e-20,0
PC float32,clean,test,518181__bolkmar__fx-gunshot_uid-j3vsmz,0,0.0,0
PC float32,clean,test,519623__nathanchurchyard__gunshots_uid-kvxx3q,0,5.7007802595034624e-33,0
PC float32,clean,test,683312__pnmcarrierailfan__pistol-gunshot-mix-weapons_uid-tmmoay,0,3.364876614300058e-36,0
PC float32,clean,test,Amusement_Park Ambiance -SoundBible_uid-2t9w3e,0,0.0,0
PC float32,clean,test,Amusement_Park Ambiance -SoundBible_uid-jwv6lq,0,0.0,0
PC float32,clean,test,Amusement_Park Ambiance -SoundBible_uid-l24o63,0,2.488144630182135e-30,0
PC float32,clean,test,Background_Noise-SoundBible_uid-m7qaag,0,7.949045137663165e-22,0
PC float32,clean,test,Background_Noise-SoundBible_uid-mnn2bm,0,1.2824993130656791e-21,0
PC float32,clean,test,Bi_Polar_Uncle-ScanMan-1810098860_uid-b8uks2,0,0.0,0
PC float32,clean,test,Bi_Polar_Uncle-ScanMan-1810098860_uid-evaiic,0,0.0,0
PC float32,clean,test,Bi_Polar_Uncle-ScanMan-1810098860_uid-l7n0jt,0,0.0,0
PC float32,clean,test,Bi_Polar_Uncle-ScanMan-1810098860_uid-omv54z,0,0.0,0
PC float32,clean,test,Bi_Polar_Uncle-ScanMan-1810098860_uid-p90ljg,0,0.0,0
PC float32,clean,test,Big_door_closed-Clemens_F-941522533_uid-n02it9,0,0.0,0
PC float32,clean,test,Cellar_Door Slam Shut-SoundBible_uid-pg4dq8,0,0.0,0
PC float32,clean,test,Citty_Traffic Ambiance-SoundBible_uid-87yimc,0,0.0,0
PC float32,clean,test,Citty_Traffic Ambiance-SoundBible_uid-8vk0wx,0,0.0,0
PC float32,clean,test,Citty_Traffic Ambiance-SoundBible_uid-mxbe2e,0,0.0,0
PC float32,clean,test,Citty_Traffic Ambiance-SoundBible_uid-q0srdn,0,0.0,0
PC float32,clean,test,City_Ambiance-SoundBible_uid-8yrqh9,0,0.0,0
PC float32,clean,test,City_Ambiance-SoundBible_uid-t8xlgr,0,0.0,0
PC float32,clean,test,Classroom_Ambiance-SoundBible_uid-q49pv1,0,6.063914406695403e-05,0
PC float32,clean,test,Classroom_Ambiance-SoundBible_uid-qfbdk0,0,4.670484376849415e-13,0
PC float32,clean,test,Classroom_Ambiance-SoundBible_uid-uu3ewb,0,0.0007704796735197306,0
PC float32,clean,test,Classroom_Ambiance-SoundBible_uid-xdl758,0,3.237424971302971e-05,0
PC float32,clean,test,Close_Vault_Or_Jail_Door-SoundBible_uid-lasl2n,0,6.565567859349863e-13,0
PC float32,clean,test,Dog_Barking-SoundBible_uid-3uyzqt,0,0.0,0
PC float32,clean,test,Dog_Barking-SoundBible_uid-udwefz,0,0.0,0
PC float32,clean,test,Dogs_Barking-SoundBible_uid-0ftva8,0,0.0,0
PC float32,clean,test,Dogs_Barking-SoundBible_uid-itlawo,0,0.0,0
PC float32,clean,test,Dogs_Barking-SoundBible_uid-k8qbi9,0,0.0,0
PC float32,clean,test,End_of_Game-Mike_Koenig-617089079_uid-0scusn,0,0.0,0
PC float32,clean,test,Engine_Inside_Car-SoundBible_uid-as3jed,0,0.9936277866363525,1
PC float32,clean,test,Fast_Heel_Walk-Kyanna_Johnson-1646343608_uid-8u9yx0,0,0.0,0
PC float32,clean,test,Fast_Heel_Walk-Kyanna_Johnson-1646343608_uid-9pwmgu,0,0.0,0
PC float32,clean,test,Female_Scream_Horror-NeoPhyTe-138499973_uid-w7fb5j,0,0.0,0
PC float32,clean,test,Footsteps_SoundBible_uid-4v6zy1,0,0.0,0
PC float32,clean,test,Footsteps_SoundBible_uid-dg95vk,0,0.0,0
PC float32,clean,test,Footsteps_SoundBible_uid-hnz36f,0,0.0,0
PC float32,clean,test,Frying_Pan_Impact-SoundBible_uid-nbylf3,0,0.0,0
PC float32,clean,test,Indian_Bell-SoundBible_uid-t0u6xu,0,0.0,0
PC float32,clean,test,Japanese_Temple Bell Small-SoundBible_uid-3fhudh,0,0.0,0
PC float32,clean,test,Japanese_Temple Bell Small-SoundBible_uid-8kpqn1,0,0.0,0
PC float32,clean,test,Large_Door_Slam-SoundBible_uid-ljg1k3,0,7.784159983259542e-09,0
PC float32,clean,test,Little_Girl_Talking-Mike_Koenig-782373463_uid-bstw5g,0,0.0,0
PC float32,clean,test,Metal_Gong-Dianakc-109711828_uid-hlegwg,0,0.0008790435967966914,0
PC float32,clean,test,Motorcycle_Engine-SoundBible_uid-bo8n5y,0,1.4036478646062278e-09,0
PC float32,clean,test,Neighborhood_Dogs Barking-SoundBible_uid-6a1kho,0,0.0,0
PC float32,clean,test,Neighborhood_Dogs Barking-SoundBible_uid-7mwktq,0,0.0,0
PC float32,clean,test,Neighborhood_Dogs Barking-SoundBible_uid-dwmjp4,0,0.0,0
PC float32,clean,test,Neighborhood_Dogs Barking-SoundBible_uid-kc7h7x,0,0.0,0
PC float32,clean,test,Neighborhood_Dogs Barking-SoundBible_uid-p7gr4b,0,0.0,0
PC float32,clean,test,Neighborhood_Dogs Barking-SoundBible_uid-rq1qkq,0,0.0,0
PC float32,clean,test,Obama_Speech Liar-SoundBible_uid-8mnhtv,0,0.0,0
PC float32,clean,test,Old_Door_Creaking-SoundBible_uid-e16ryq,0,0.0,0
PC float32,clean,test,Old_Door_Creaking-SoundBible_uid-f2vs74,0,0.0,0
PC float32,clean,test,Old_Door_Creaking-SoundBible_uid-ozrhlo,0,2.3362933003437435e-35,0
PC float32,clean,test,Old_Door_Creaking-SoundBible_uid-q6uf3u,0,0.0,0
PC float32,clean,test,Police Siren 3-SoundBible_uid-nytspf,0,0.0,0
PC float32,clean,test,Police_Siren-SoundBible_uid-uyk0z0,0,0.0,0
PC float32,clean,test,Psycho_Scream-SoundBible_uid-4qhwlo,0,0.0,0
PC float32,clean,test,Psycho_Scream-SoundBible_uid-uococi,0,0.0,0
PC float32,clean,test,Puppy_Dog Barking-SoundBible_uid-130qr7,0,0.0,0
PC float32,clean,test,Puppy_Dog Barking-SoundBible_uid-zrfwba,0,0.0,0
PC float32,clean,test,Race_Car Idle-SoundBible_uid-5il88u,0,0.0,0
PC float32,clean,test,Race_Car Idle-SoundBible_uid-bjwy2y,0,0.0,0
PC float32,clean,test,Race_Car Idle-SoundBible_uid-i7dn0k,0,0.0,0
PC float32,clean,test,Restaurant Walla Track-SoundBible_uid-19b0uq,0,0.0,0
PC float32,clean,test,Restaurant Walla Track-SoundBible_uid-e11kg8,0,0.0,0
PC float32,clean,test,Restaurant Walla Track-SoundBible_uid-fk59q6,0,0.0,0
PC float32,clean,test,School_Fire_Alarm-Cullen_Card-202875844_uid-rfkm7v,0,0.0,0
PC float32,clean,test,Shift_Gears-SoundBible_uid-cvmuj8,0,0.0,0
PC float32,clean,test,Ship_Bell-Mike_Koenig-1911209136_uid-e2z0y7,0,0.0,0
PC float32,clean,test,Ship_Brass_Bell-Mike_Koenig-1458750630_uid-oksrz0,0,0.0,0
PC float32,clean,test,Shopping_Mall Ambiance-SoundBible_uid-fa5yaq,0,0.0,0
PC float32,clean,test,Sleigh_Bells_Ringing-SoundBible_uid-i52bxo,0,0.0,0
PC float32,clean,test,Sleigh_Bells_Ringing-SoundBible_uid-xjtewi,0,0.0,0
PC float32,clean,test,Soldiers_Marching-SoundBible_uid-0eax5q,0,0.0,0
PC float32,clean,test,Soldiers_Marching-SoundBible_uid-4m3auc,0,0.0,0
PC float32,clean,test,Soldiers_Marching-SoundBible_uid-51ygbj,0,0.0,0
PC float32,clean,test,Soldiers_Marching-SoundBible_uid-5xkxw1,0,0.0,0
PC float32,clean,test,Soldiers_Marching-SoundBible_uid-bqrx9i,0,0.0,0
PC float32,clean,test,Sports_Bar Patrons Loud-SoundBible_uid-0qx8ca,0,0.0,0
PC float32,clean,test,Steam_Engine-John-1826274710_uid-1hznao,0,0.0,0
PC float32,clean,test,Steam_Engine-John-1826274710_uid-9qykmv,0,0.0,0
PC float32,clean,test,Steam_Engine-John-1826274710_uid-pe5dcl,0,0.0,0
PC float32,clean,test,Swimming_Pool Ambiance-SoundBible_uid-thd1td,0,0.0,0
PC float32,clean,test,Temple_Bell Huge-SoundBible_uid-vwd9pv,0,3.766617595601929e-08,0
PC float32,clean,test,Tornado_Siren_II-Delilah-747233690_uid-9imkus,0,0.0,0
PC float32,clean,test,Tornado_Siren_II-Delilah-747233690_uid-k23l64,0,0.0,0
PC float32,clean,test,Tornado_Siren_II-Delilah-747233690_uid-yu5cjs,0,0.0,0
PC float32,clean,test,Tornado_Siren_SoundBible_uid-6dnh9z,0,0.0,0
PC float32,clean,test,Tornado_Siren_SoundBible_uid-g7d17q,0,0.0,0
PC float32,clean,test,Walking-SoundBible_uid-62j3do,0,0.0,0
PC float32,clean,test,Walking_In_Snow-SoundBible_uid-hoifci,0,1.77595532112293e-20,0
PC float32,clean,test,Walking_On_Gravel-SoundBible_uid-7duozg,0,2.2936086772337197e-18,0
PC float32,clean,test,Walking_On_Gravel-SoundBible_uid-fi611q,0,5.575230997616713e-31,0
PC float32,clean,test,Walking_On_Gravel-SoundBible_uid-jhzvu7,0,0.0,0
PC float32,clean,test,Winston_Churchill Nazi Speech-SoundBible_uid-2unyd8,0,0.0,0
PC float32,clean,test,Winston_Churchill Nazi Speech-SoundBible_uid-761zdn,0,0.0,0
PC float32,clean,test,Winston_Churchill Nazi Speech-SoundBible_uid-g4x51s,0,0.0,0
PC float32,clean,test,Winston_Churchill Nazi Speech-SoundBible_uid-jp39dv,0,0.0,0
PC float32,clean,test,Winston_Churchill Nazi Speech-SoundBible_uid-rwukdv,0,0.0,0
PC float32,clean,test,Woman_Screaming 2-SoundBible_uid-c9acqz,0,0.0,0
PC float32,clean,test,church_chime-daniel_simon (1)_uid-zsrdac,0,0.0,0
PC float32,clean,test,church_chime-daniel_simon_uid-bbyw01,0,0.0,0
PC float32,clean,test,church_chime-daniel_simon_uid-sxzijw,0,0.0,0
PC float32,clean,test,doberman_pincher_daniel-simion_uid-348sts,0,0.0,0
PC float32,clean,test,doberman_pincher_daniel-simion_uid-4gutjw,0,0.0,0
PC float32,clean,test,doberman_pincher_daniel-simion_uid-db2xc6,0,0.0,0
PC float32,clean,test,doberman_pincher_daniel-simion_uid-m6nbjk,0,0.0,0
PC float32,clean,test,german_shephard-daniel_simon (1)_uid-x57o4h,0,0.0,0
PC float32,clean,test,german_shephard-daniel_simon_uid-35by3o,0,0.0,0
PC float32,clean,test,hard_shoes_1-daniel_simon_uid-lqfqp3,0,0.0,0
PC float32,clean,test,harley_davidson-daniel_simon_uid-3gnkx0,0,8.736856759430392e-20,0
PC float32,clean,test,harley_davidson-daniel_simon_uid-5tbvav,0,1.7949160321372421e-28,0
PC float32,clean,test,labrador_barking-daniel_simon_uid-cpx5m6,0,0.0,0
PC float32,clean,test,labrador_barking-daniel_simon_uid-cvf4k1,0,0.0,0
PC float32,clean,test,labrador_barking-daniel_simon_uid-j0e09a,0,0.0,0
PC float32,clean,test,labrador_barking-daniel_simon_uid-mwgdoo,0,0.0,0
PC float32,clean,test,labrador_barking-daniel_simon_uid-p1nd4y,0,0.0,0
PC float32,clean,test,labrador_barking-daniel_simon_uid-px7218,0,0.0,0
PC float32,clean,test,muscle_car-daniel_simon (1)_uid-hvisfn,0,1.0517399042400342e-30,0
PC float32,clean,test,muscle_car-daniel_simon_uid-jpcsdl,0,1.0517399042400342e-30,0
PC float32,clean,test,old_car-engine_daniel_simion_uid-2lzarp,0,0.0,0
PC float32,clean,test,old_car-engine_daniel_simion_uid-5xyl64,0,0.0,0
PC float32,clean,test,old_car-engine_daniel_simion_uid-8mfyeb,0,0.0,0
PC float32,clean,test,old_car-engine_daniel_simion_uid-9xmt28,0,0.0,0
PC float32,clean,test,old_fashioned-door-bell-daniel_simon_uid-1bqwmt,0,0.0,0
PC float32,clean,test,old_fashioned-door-bell-daniel_simon_uid-8q7aiq,0,5.891782810085523e-32,0
PC float32,clean,test,party_crowd-daniel_simon_uid-8pwj7x,0,0.0,0
PC float32,clean,test,party_crowd-daniel_simon_uid-vroqkp,0,0.0,0
PC float32,clean,test,railroad_crossing_bell-Brylon_Terry-1551570865 (1)_uid-55is8o,0,0.0,0
PC float32,clean,test,railroad_crossing_bell-Brylon_Terry-1551570865 (1)_uid-6mnkqh,0,0.0,0
PC float32,clean,test,railroad_crossing_bell-Brylon_Terry-1551570865 (1)_uid-mi9sxj,0,0.0,0
PC float32,clean,test,railroad_crossing_bell-Brylon_Terry-1551570865 (1)_uid-n15yft,0,0.0,0
PC float32,clean,test,railroad_crossing_bell-Brylon_Terry-1551570865 (1)_uid-vxl8al,0,0.0,0
PC float32,clean,test,railroad_crossing_bell-Brylon_Terry-1551570865 (1)_uid-waev1t,0,0.0,0
PC float32,clean,test,railroad_crossing_bell-Brylon_Terry-1551570865 (1)_uid-zyz59r,0,0.0,0
PC float32,clean,test,railroad_crossing_bell-Brylon_Terry-1551570865_uid-ejhzbl,0,0.0,0
PC float32,clean,test,railroad_crossing_bell-Brylon_Terry-1551570865_uid-po2yqk,0,0.0,0
PC float32,clean,test,tolling_bell_daniel-simion_uid-kg3lrg,0,0.0,0
PC float32,clean,test,tolling_bell_daniel-simion_uid-witt3h,0,0.0,0
PC int8,clean,test,0003_0397s_shot_019_ch1,1,0.99609375,1
PC int8,clean,test,0005_0580s_shot_006_ch1,1,0.99609375,1
PC int8,clean,test,0005_0607s_shot_150_ch1,1,0.99609375,1
PC int8,clean,test,0005_0631s_shot_173_ch1,1,0.99609375,1
PC int8,clean,test,0005_0632s_shot_176_ch1,1,0.99609375,1
PC int8,clean,test,0005_0662s_shot_201_ch1,1,0.99609375,1
PC int8,clean,test,0005_0685s_shot_220_ch1,1,0.99609375,1
PC int8,clean,test,0005_0700s_shot_037_ch1,1,0.99609375,1
PC int8,clean,test,0011_0226s_shot_011_ch1,1,0.99609375,1
PC int8,clean,test,0011_0333s_shot_018_ch1,1,0.99609375,1
PC int8,clean,test,171236__alukahn__gunshot2_uid-fcn21d,0,0.0,0
PC int8,clean,test,371041__morganpurkis__single-gunshot-3_uid-1k053k,0,0.0,0
PC int8,clean,test,384687__morganpurkis__single-gunshot-42_uid-u9d6r1,0,0.0,0
PC int8,clean,test,384689__dobroide__20170318gunshotparadiso_uid-kwsehz,0,0.0,0
PC int8,clean,test,384689__dobroide__20170318gunshotparadiso_uid-pjl13d,0,0.0,0
PC int8,clean,test,402008__eardeer__gunshot__high_3_uid-4j4q67,0,0.0,0
PC int8,clean,test,402791__acidsnowflake__ak47-and-various-other-gunshots-at-indoor-shooting-range_uid-6aezru,0,0.0,0
PC int8,clean,test,402791__acidsnowflake__ak47-and-various-other-gunshots-at-indoor-shooting-range_uid-byjlki,0,0.0,0
PC int8,clean,test,402791__acidsnowflake__ak47-and-various-other-gunshots-at-indoor-shooting-range_uid-garl1l,0,0.0,0
PC int8,clean,test,402791__acidsnowflake__ak47-and-various-other-gunshots-at-indoor-shooting-range_uid-l3ibfo,0,0.0,0
PC int8,clean,test,402791__acidsnowflake__ak47-and-various-other-gunshots-at-indoor-shooting-range_uid-qe3eyz,0,0.0,0
PC int8,clean,test,405132__fstagi__gunshots_uid-xcyi0z,0,0.0,0
PC int8,clean,test,51470__smcameron__synthetic_gunshot_2_uid-vatpwv,0,0.0,0
PC int8,clean,test,518181__bolkmar__fx-gunshot_uid-al1o0i,0,0.0,0
PC int8,clean,test,518181__bolkmar__fx-gunshot_uid-es96l9,0,0.0,0
PC int8,clean,test,518181__bolkmar__fx-gunshot_uid-j3vsmz,0,0.0,0
PC int8,clean,test,519623__nathanchurchyard__gunshots_uid-kvxx3q,0,0.0,0
PC int8,clean,test,683312__pnmcarrierailfan__pistol-gunshot-mix-weapons_uid-tmmoay,0,0.0,0
PC int8,clean,test,Amusement_Park Ambiance -SoundBible_uid-2t9w3e,0,0.0,0
PC int8,clean,test,Amusement_Park Ambiance -SoundBible_uid-jwv6lq,0,0.0,0
PC int8,clean,test,Amusement_Park Ambiance -SoundBible_uid-l24o63,0,0.0,0
PC int8,clean,test,Background_Noise-SoundBible_uid-m7qaag,0,0.0,0
PC int8,clean,test,Background_Noise-SoundBible_uid-mnn2bm,0,0.0,0
PC int8,clean,test,Bi_Polar_Uncle-ScanMan-1810098860_uid-b8uks2,0,0.0,0
PC int8,clean,test,Bi_Polar_Uncle-ScanMan-1810098860_uid-evaiic,0,0.0,0
PC int8,clean,test,Bi_Polar_Uncle-ScanMan-1810098860_uid-l7n0jt,0,0.0,0
PC int8,clean,test,Bi_Polar_Uncle-ScanMan-1810098860_uid-omv54z,0,0.0,0
PC int8,clean,test,Bi_Polar_Uncle-ScanMan-1810098860_uid-p90ljg,0,0.0,0
PC int8,clean,test,Big_door_closed-Clemens_F-941522533_uid-n02it9,0,0.0,0
PC int8,clean,test,Cellar_Door Slam Shut-SoundBible_uid-pg4dq8,0,0.0,0
PC int8,clean,test,Citty_Traffic Ambiance-SoundBible_uid-87yimc,0,0.0,0
PC int8,clean,test,Citty_Traffic Ambiance-SoundBible_uid-8vk0wx,0,0.0,0
PC int8,clean,test,Citty_Traffic Ambiance-SoundBible_uid-mxbe2e,0,0.0,0
PC int8,clean,test,Citty_Traffic Ambiance-SoundBible_uid-q0srdn,0,0.0,0
PC int8,clean,test,City_Ambiance-SoundBible_uid-8yrqh9,0,0.0,0
PC int8,clean,test,City_Ambiance-SoundBible_uid-t8xlgr,0,0.0,0
PC int8,clean,test,Classroom_Ambiance-SoundBible_uid-q49pv1,0,0.0,0
PC int8,clean,test,Classroom_Ambiance-SoundBible_uid-qfbdk0,0,0.0,0
PC int8,clean,test,Classroom_Ambiance-SoundBible_uid-uu3ewb,0,0.0,0
PC int8,clean,test,Classroom_Ambiance-SoundBible_uid-xdl758,0,0.0,0
PC int8,clean,test,Close_Vault_Or_Jail_Door-SoundBible_uid-lasl2n,0,0.0,0
PC int8,clean,test,Dog_Barking-SoundBible_uid-3uyzqt,0,0.0,0
PC int8,clean,test,Dog_Barking-SoundBible_uid-udwefz,0,0.0,0
PC int8,clean,test,Dogs_Barking-SoundBible_uid-0ftva8,0,0.0,0
PC int8,clean,test,Dogs_Barking-SoundBible_uid-itlawo,0,0.0,0
PC int8,clean,test,Dogs_Barking-SoundBible_uid-k8qbi9,0,0.0,0
PC int8,clean,test,End_of_Game-Mike_Koenig-617089079_uid-0scusn,0,0.0,0
PC int8,clean,test,Engine_Inside_Car-SoundBible_uid-as3jed,0,0.98828125,1
PC int8,clean,test,Fast_Heel_Walk-Kyanna_Johnson-1646343608_uid-8u9yx0,0,0.0,0
PC int8,clean,test,Fast_Heel_Walk-Kyanna_Johnson-1646343608_uid-9pwmgu,0,0.0,0
PC int8,clean,test,Female_Scream_Horror-NeoPhyTe-138499973_uid-w7fb5j,0,0.0,0
PC int8,clean,test,Footsteps_SoundBible_uid-4v6zy1,0,0.0,0
PC int8,clean,test,Footsteps_SoundBible_uid-dg95vk,0,0.0,0
PC int8,clean,test,Footsteps_SoundBible_uid-hnz36f,0,0.0,0
PC int8,clean,test,Frying_Pan_Impact-SoundBible_uid-nbylf3,0,0.0,0
PC int8,clean,test,Indian_Bell-SoundBible_uid-t0u6xu,0,0.0,0
PC int8,clean,test,Japanese_Temple Bell Small-SoundBible_uid-3fhudh,0,0.0,0
PC int8,clean,test,Japanese_Temple Bell Small-SoundBible_uid-8kpqn1,0,0.0,0
PC int8,clean,test,Large_Door_Slam-SoundBible_uid-ljg1k3,0,0.0,0
PC int8,clean,test,Little_Girl_Talking-Mike_Koenig-782373463_uid-bstw5g,0,0.0,0
PC int8,clean,test,Metal_Gong-Dianakc-109711828_uid-hlegwg,0,0.0,0
PC int8,clean,test,Motorcycle_Engine-SoundBible_uid-bo8n5y,0,0.0,0
PC int8,clean,test,Neighborhood_Dogs Barking-SoundBible_uid-6a1kho,0,0.0,0
PC int8,clean,test,Neighborhood_Dogs Barking-SoundBible_uid-7mwktq,0,0.0,0
PC int8,clean,test,Neighborhood_Dogs Barking-SoundBible_uid-dwmjp4,0,0.0,0
PC int8,clean,test,Neighborhood_Dogs Barking-SoundBible_uid-kc7h7x,0,0.0,0
PC int8,clean,test,Neighborhood_Dogs Barking-SoundBible_uid-p7gr4b,0,0.0,0
PC int8,clean,test,Neighborhood_Dogs Barking-SoundBible_uid-rq1qkq,0,0.0,0
PC int8,clean,test,Obama_Speech Liar-SoundBible_uid-8mnhtv,0,0.0,0
PC int8,clean,test,Old_Door_Creaking-SoundBible_uid-e16ryq,0,0.0,0
PC int8,clean,test,Old_Door_Creaking-SoundBible_uid-f2vs74,0,0.0,0
PC int8,clean,test,Old_Door_Creaking-SoundBible_uid-ozrhlo,0,0.0,0
PC int8,clean,test,Old_Door_Creaking-SoundBible_uid-q6uf3u,0,0.0,0
PC int8,clean,test,Police Siren 3-SoundBible_uid-nytspf,0,0.0,0
PC int8,clean,test,Police_Siren-SoundBible_uid-uyk0z0,0,0.0,0
PC int8,clean,test,Psycho_Scream-SoundBible_uid-4qhwlo,0,0.0,0
PC int8,clean,test,Psycho_Scream-SoundBible_uid-uococi,0,0.0,0
PC int8,clean,test,Puppy_Dog Barking-SoundBible_uid-130qr7,0,0.0,0
PC int8,clean,test,Puppy_Dog Barking-SoundBible_uid-zrfwba,0,0.0,0
PC int8,clean,test,Race_Car Idle-SoundBible_uid-5il88u,0,0.0,0
PC int8,clean,test,Race_Car Idle-SoundBible_uid-bjwy2y,0,0.0,0
PC int8,clean,test,Race_Car Idle-SoundBible_uid-i7dn0k,0,0.0,0
PC int8,clean,test,Restaurant Walla Track-SoundBible_uid-19b0uq,0,0.0,0
PC int8,clean,test,Restaurant Walla Track-SoundBible_uid-e11kg8,0,0.0,0
PC int8,clean,test,Restaurant Walla Track-SoundBible_uid-fk59q6,0,0.0,0
PC int8,clean,test,School_Fire_Alarm-Cullen_Card-202875844_uid-rfkm7v,0,0.0,0
PC int8,clean,test,Shift_Gears-SoundBible_uid-cvmuj8,0,0.0,0
PC int8,clean,test,Ship_Bell-Mike_Koenig-1911209136_uid-e2z0y7,0,0.0,0
PC int8,clean,test,Ship_Brass_Bell-Mike_Koenig-1458750630_uid-oksrz0,0,0.0,0
PC int8,clean,test,Shopping_Mall Ambiance-SoundBible_uid-fa5yaq,0,0.0,0
PC int8,clean,test,Sleigh_Bells_Ringing-SoundBible_uid-i52bxo,0,0.0,0
PC int8,clean,test,Sleigh_Bells_Ringing-SoundBible_uid-xjtewi,0,0.0,0
PC int8,clean,test,Soldiers_Marching-SoundBible_uid-0eax5q,0,0.0,0
PC int8,clean,test,Soldiers_Marching-SoundBible_uid-4m3auc,0,0.0,0
PC int8,clean,test,Soldiers_Marching-SoundBible_uid-51ygbj,0,0.0,0
PC int8,clean,test,Soldiers_Marching-SoundBible_uid-5xkxw1,0,0.0,0
PC int8,clean,test,Soldiers_Marching-SoundBible_uid-bqrx9i,0,0.0,0
PC int8,clean,test,Sports_Bar Patrons Loud-SoundBible_uid-0qx8ca,0,0.0,0
PC int8,clean,test,Steam_Engine-John-1826274710_uid-1hznao,0,0.0,0
PC int8,clean,test,Steam_Engine-John-1826274710_uid-9qykmv,0,0.0,0
PC int8,clean,test,Steam_Engine-John-1826274710_uid-pe5dcl,0,0.0,0
PC int8,clean,test,Swimming_Pool Ambiance-SoundBible_uid-thd1td,0,0.0,0
PC int8,clean,test,Temple_Bell Huge-SoundBible_uid-vwd9pv,0,0.0,0
PC int8,clean,test,Tornado_Siren_II-Delilah-747233690_uid-9imkus,0,0.0,0
PC int8,clean,test,Tornado_Siren_II-Delilah-747233690_uid-k23l64,0,0.0,0
PC int8,clean,test,Tornado_Siren_II-Delilah-747233690_uid-yu5cjs,0,0.0,0
PC int8,clean,test,Tornado_Siren_SoundBible_uid-6dnh9z,0,0.0,0
PC int8,clean,test,Tornado_Siren_SoundBible_uid-g7d17q,0,0.0,0
PC int8,clean,test,Walking-SoundBible_uid-62j3do,0,0.0,0
PC int8,clean,test,Walking_In_Snow-SoundBible_uid-hoifci,0,0.0,0
PC int8,clean,test,Walking_On_Gravel-SoundBible_uid-7duozg,0,0.0,0
PC int8,clean,test,Walking_On_Gravel-SoundBible_uid-fi611q,0,0.0,0
PC int8,clean,test,Walking_On_Gravel-SoundBible_uid-jhzvu7,0,0.0,0
PC int8,clean,test,Winston_Churchill Nazi Speech-SoundBible_uid-2unyd8,0,0.0,0
PC int8,clean,test,Winston_Churchill Nazi Speech-SoundBible_uid-761zdn,0,0.0,0
PC int8,clean,test,Winston_Churchill Nazi Speech-SoundBible_uid-g4x51s,0,0.0,0
PC int8,clean,test,Winston_Churchill Nazi Speech-SoundBible_uid-jp39dv,0,0.0,0
PC int8,clean,test,Winston_Churchill Nazi Speech-SoundBible_uid-rwukdv,0,0.0,0
PC int8,clean,test,Woman_Screaming 2-SoundBible_uid-c9acqz,0,0.0,0
PC int8,clean,test,church_chime-daniel_simon (1)_uid-zsrdac,0,0.0,0
PC int8,clean,test,church_chime-daniel_simon_uid-bbyw01,0,0.0,0
PC int8,clean,test,church_chime-daniel_simon_uid-sxzijw,0,0.0,0
PC int8,clean,test,doberman_pincher_daniel-simion_uid-348sts,0,0.0,0
PC int8,clean,test,doberman_pincher_daniel-simion_uid-4gutjw,0,0.0,0
PC int8,clean,test,doberman_pincher_daniel-simion_uid-db2xc6,0,0.0,0
PC int8,clean,test,doberman_pincher_daniel-simion_uid-m6nbjk,0,0.0,0
PC int8,clean,test,german_shephard-daniel_simon (1)_uid-x57o4h,0,0.0,0
PC int8,clean,test,german_shephard-daniel_simon_uid-35by3o,0,0.0,0
PC int8,clean,test,hard_shoes_1-daniel_simon_uid-lqfqp3,0,0.0,0
PC int8,clean,test,harley_davidson-daniel_simon_uid-3gnkx0,0,0.0,0
PC int8,clean,test,harley_davidson-daniel_simon_uid-5tbvav,0,0.0,0
PC int8,clean,test,labrador_barking-daniel_simon_uid-cpx5m6,0,0.0,0
PC int8,clean,test,labrador_barking-daniel_simon_uid-cvf4k1,0,0.0,0
PC int8,clean,test,labrador_barking-daniel_simon_uid-j0e09a,0,0.0,0
PC int8,clean,test,labrador_barking-daniel_simon_uid-mwgdoo,0,0.0,0
PC int8,clean,test,labrador_barking-daniel_simon_uid-p1nd4y,0,0.0,0
PC int8,clean,test,labrador_barking-daniel_simon_uid-px7218,0,0.0,0
PC int8,clean,test,muscle_car-daniel_simon (1)_uid-hvisfn,0,0.0,0
PC int8,clean,test,muscle_car-daniel_simon_uid-jpcsdl,0,0.0,0
PC int8,clean,test,old_car-engine_daniel_simion_uid-2lzarp,0,0.0,0
PC int8,clean,test,old_car-engine_daniel_simion_uid-5xyl64,0,0.0,0
PC int8,clean,test,old_car-engine_daniel_simion_uid-8mfyeb,0,0.0,0
PC int8,clean,test,old_car-engine_daniel_simion_uid-9xmt28,0,0.0,0
PC int8,clean,test,old_fashioned-door-bell-daniel_simon_uid-1bqwmt,0,0.0,0
PC int8,clean,test,old_fashioned-door-bell-daniel_simon_uid-8q7aiq,0,0.0,0
PC int8,clean,test,party_crowd-daniel_simon_uid-8pwj7x,0,0.0,0
PC int8,clean,test,party_crowd-daniel_simon_uid-vroqkp,0,0.0,0
PC int8,clean,test,railroad_crossing_bell-Brylon_Terry-1551570865 (1)_uid-55is8o,0,0.0,0
PC int8,clean,test,railroad_crossing_bell-Brylon_Terry-1551570865 (1)_uid-6mnkqh,0,0.0,0
PC int8,clean,test,railroad_crossing_bell-Brylon_Terry-1551570865 (1)_uid-mi9sxj,0,0.0,0
PC int8,clean,test,railroad_crossing_bell-Brylon_Terry-1551570865 (1)_uid-n15yft,0,0.0,0
PC int8,clean,test,railroad_crossing_bell-Brylon_Terry-1551570865 (1)_uid-vxl8al,0,0.0,0
PC int8,clean,test,railroad_crossing_bell-Brylon_Terry-1551570865 (1)_uid-waev1t,0,0.0,0
PC int8,clean,test,railroad_crossing_bell-Brylon_Terry-1551570865 (1)_uid-zyz59r,0,0.0,0
PC int8,clean,test,railroad_crossing_bell-Brylon_Terry-1551570865_uid-ejhzbl,0,0.0,0
PC int8,clean,test,railroad_crossing_bell-Brylon_Terry-1551570865_uid-po2yqk,0,0.0,0
PC int8,clean,test,tolling_bell_daniel-simion_uid-kg3lrg,0,0.0,0
PC int8,clean,test,tolling_bell_daniel-simion_uid-witt3h,0,0.0,0
PC float32,noise_snr30db,test,0003_0397s_shot_019_ch1,1,1.0,1
PC float32,noise_snr30db,test,0005_0580s_shot_006_ch1,1,1.0,1
PC float32,noise_snr30db,test,0005_0607s_shot_150_ch1,1,1.0,1
PC float32,noise_snr30db,test,0005_0631s_shot_173_ch1,1,1.0,1
PC float32,noise_snr30db,test,0005_0632s_shot_176_ch1,1,1.0,1
PC float32,noise_snr30db,test,0005_0662s_shot_201_ch1,1,1.0,1
PC float32,noise_snr30db,test,0005_0685s_shot_220_ch1,1,1.0,1
PC float32,noise_snr30db,test,0005_0700s_shot_037_ch1,1,1.0,1
PC float32,noise_snr30db,test,0011_0226s_shot_011_ch1,1,0.9999998807907104,1
PC float32,noise_snr30db,test,0011_0333s_shot_018_ch1,1,1.0,1
PC float32,noise_snr30db,test,171236__alukahn__gunshot2_uid-fcn21d,0,0.0,0
PC float32,noise_snr30db,test,371041__morganpurkis__single-gunshot-3_uid-1k053k,0,2.4289705680577864e-28,0
PC float32,noise_snr30db,test,384687__morganpurkis__single-gunshot-42_uid-u9d6r1,0,3.06831545297963e-29,0
PC float32,noise_snr30db,test,384689__dobroide__20170318gunshotparadiso_uid-kwsehz,0,0.0,0
PC float32,noise_snr30db,test,384689__dobroide__20170318gunshotparadiso_uid-pjl13d,0,0.0,0
PC float32,noise_snr30db,test,402008__eardeer__gunshot__high_3_uid-4j4q67,0,0.0,0
PC float32,noise_snr30db,test,402791__acidsnowflake__ak47-and-various-other-gunshots-at-indoor-shooting-range_uid-6aezru,0,0.0,0
PC float32,noise_snr30db,test,402791__acidsnowflake__ak47-and-various-other-gunshots-at-indoor-shooting-range_uid-byjlki,0,0.0,0
PC float32,noise_snr30db,test,402791__acidsnowflake__ak47-and-various-other-gunshots-at-indoor-shooting-range_uid-garl1l,0,0.0,0
PC float32,noise_snr30db,test,402791__acidsnowflake__ak47-and-various-other-gunshots-at-indoor-shooting-range_uid-l3ibfo,0,0.0,0
PC float32,noise_snr30db,test,402791__acidsnowflake__ak47-and-various-other-gunshots-at-indoor-shooting-range_uid-qe3eyz,0,0.0,0
PC float32,noise_snr30db,test,405132__fstagi__gunshots_uid-xcyi0z,0,4.424721202570644e-27,0
PC float32,noise_snr30db,test,51470__smcameron__synthetic_gunshot_2_uid-vatpwv,0,8.755149264140937e-18,0
PC float32,noise_snr30db,test,518181__bolkmar__fx-gunshot_uid-al1o0i,0,0.0,0
PC float32,noise_snr30db,test,518181__bolkmar__fx-gunshot_uid-es96l9,0,8.274611922168057e-18,0
PC float32,noise_snr30db,test,518181__bolkmar__fx-gunshot_uid-j3vsmz,0,0.0,0
PC float32,noise_snr30db,test,519623__nathanchurchyard__gunshots_uid-kvxx3q,0,1.0890998208257318e-35,0
PC float32,noise_snr30db,test,683312__pnmcarrierailfan__pistol-gunshot-mix-weapons_uid-tmmoay,0,0.0,0
PC float32,noise_snr30db,test,Amusement_Park Ambiance -SoundBible_uid-2t9w3e,0,0.0,0
PC float32,noise_snr30db,test,Amusement_Park Ambiance -SoundBible_uid-jwv6lq,0,0.0,0
PC float32,noise_snr30db,test,Amusement_Park Ambiance -SoundBible_uid-l24o63,0,4.096244991277657e-26,0
PC float32,noise_snr30db,test,Background_Noise-SoundBible_uid-m7qaag,0,2.433431234294403e-07,0
PC float32,noise_snr30db,test,Background_Noise-SoundBible_uid-mnn2bm,0,4.738022951755738e-08,0
PC float32,noise_snr30db,test,Bi_Polar_Uncle-ScanMan-1810098860_uid-b8uks2,0,0.0,0
PC float32,noise_snr30db,test,Bi_Polar_Uncle-ScanMan-1810098860_uid-evaiic,0,0.0,0
PC float32,noise_snr30db,test,Bi_Polar_Uncle-ScanMan-1810098860_uid-l7n0jt,0,0.0,0
PC float32,noise_snr30db,test,Bi_Polar_Uncle-ScanMan-1810098860_uid-omv54z,0,0.0,0
PC float32,noise_snr30db,test,Bi_Polar_Uncle-ScanMan-1810098860_uid-p90ljg,0,0.0,0
PC float32,noise_snr30db,test,Big_door_closed-Clemens_F-941522533_uid-n02it9,0,0.0,0
PC float32,noise_snr30db,test,Cellar_Door Slam Shut-SoundBible_uid-pg4dq8,0,0.0,0
PC float32,noise_snr30db,test,Citty_Traffic Ambiance-SoundBible_uid-87yimc,0,0.0,0
PC float32,noise_snr30db,test,Citty_Traffic Ambiance-SoundBible_uid-8vk0wx,0,0.0,0
PC float32,noise_snr30db,test,Citty_Traffic Ambiance-SoundBible_uid-mxbe2e,0,0.0,0
PC float32,noise_snr30db,test,Citty_Traffic Ambiance-SoundBible_uid-q0srdn,0,0.0,0
PC float32,noise_snr30db,test,City_Ambiance-SoundBible_uid-8yrqh9,0,0.0,0
PC float32,noise_snr30db,test,City_Ambiance-SoundBible_uid-t8xlgr,0,0.0,0
PC float32,noise_snr30db,test,Classroom_Ambiance-SoundBible_uid-q49pv1,0,0.00015229042037390172,0
PC float32,noise_snr30db,test,Classroom_Ambiance-SoundBible_uid-qfbdk0,0,0.00010624806600390002,0
PC float32,noise_snr30db,test,Classroom_Ambiance-SoundBible_uid-uu3ewb,0,0.00020699402375612408,0
PC float32,noise_snr30db,test,Classroom_Ambiance-SoundBible_uid-xdl758,0,1.0573708095762413e-05,0
PC float32,noise_snr30db,test,Close_Vault_Or_Jail_Door-SoundBible_uid-lasl2n,0,1.1914772120313888e-11,0
PC float32,noise_snr30db,test,Dog_Barking-SoundBible_uid-3uyzqt,0,0.0,0
PC float32,noise_snr30db,test,Dog_Barking-SoundBible_uid-udwefz,0,0.0,0
PC float32,noise_snr30db,test,Dogs_Barking-SoundBible_uid-0ftva8,0,0.0,0
PC float32,noise_snr30db,test,Dogs_Barking-SoundBible_uid-itlawo,0,0.0,0
PC float32,noise_snr30db,test,Dogs_Barking-SoundBible_uid-k8qbi9,0,0.0,0
PC float32,noise_snr30db,test,End_of_Game-Mike_Koenig-617089079_uid-0scusn,0,0.0,0
PC float32,noise_snr30db,test,Engine_Inside_Car-SoundBible_uid-as3jed,0,0.9509795904159546,1
PC float32,noise_snr30db,test,Fast_Heel_Walk-Kyanna_Johnson-1646343608_uid-8u9yx0,0,0.0,0
PC float32,noise_snr30db,test,Fast_Heel_Walk-Kyanna_Johnson-1646343608_uid-9pwmgu,0,0.0,0
PC float32,noise_snr30db,test,Female_Scream_Horror-NeoPhyTe-138499973_uid-w7fb5j,0,0.0,0
PC float32,noise_snr30db,test,Footsteps_SoundBible_uid-4v6zy1,0,0.0,0
PC float32,noise_snr30db,test,Footsteps_SoundBible_uid-dg95vk,0,0.0,0
PC float32,noise_snr30db,test,Footsteps_SoundBible_uid-hnz36f,0,3.8524414500342284e-19,0
PC float32,noise_snr30db,test,Frying_Pan_Impact-SoundBible_uid-nbylf3,0,0.0,0
PC float32,noise_snr30db,test,Indian_Bell-SoundBible_uid-t0u6xu,0,0.0,0
PC float32,noise_snr30db,test,Japanese_Temple Bell Small-SoundBible_uid-3fhudh,0,0.0,0
PC float32,noise_snr30db,test,Japanese_Temple Bell Small-SoundBible_uid-8kpqn1,0,0.0,0
PC float32,noise_snr30db,test,Large_Door_Slam-SoundBible_uid-ljg1k3,0,7.988577976902889e-07,0
PC float32,noise_snr30db,test,Little_Girl_Talking-Mike_Koenig-782373463_uid-bstw5g,0,0.0,0
PC float32,noise_snr30db,test,Metal_Gong-Dianakc-109711828_uid-hlegwg,0,4.2237748857587576e-05,0
PC float32,noise_snr30db,test,Motorcycle_Engine-SoundBible_uid-bo8n5y,0,1.0675054618047852e-08,0
PC float32,noise_snr30db,test,Neighborhood_Dogs Barking-SoundBible_uid-6a1kho,0,0.0,0
PC float32,noise_snr30db,test,Neighborhood_Dogs Barking-SoundBible_uid-7mwktq,0,0.0,0
PC float32,noise_snr30db,test,Neighborhood_Dogs Barking-SoundBible_uid-dwmjp4,0,0.0,0
PC float32,noise_snr30db,test,Neighborhood_Dogs Barking-SoundBible_uid-kc7h7x,0,0.0,0
PC float32,noise_snr30db,test,Neighborhood_Dogs Barking-SoundBible_uid-p7gr4b,0,0.0,0
PC float32,noise_snr30db,test,Neighborhood_Dogs Barking-SoundBible_uid-rq1qkq,0,0.0,0
PC float32,noise_snr30db,test,Obama_Speech Liar-SoundBible_uid-8mnhtv,0,0.0,0
PC float32,noise_snr30db,test,Old_Door_Creaking-SoundBible_uid-e16ryq,0,0.0,0
PC float32,noise_snr30db,test,Old_Door_Creaking-SoundBible_uid-f2vs74,0,0.0,0
PC float32,noise_snr30db,test,Old_Door_Creaking-SoundBible_uid-ozrhlo,0,3.0783421894136186e-35,0
PC float32,noise_snr30db,test,Old_Door_Creaking-SoundBible_uid-q6uf3u,0,0.0,0
PC float32,noise_snr30db,test,Police Siren 3-SoundBible_uid-nytspf,0,0.0,0
PC float32,noise_snr30db,test,Police_Siren-SoundBible_uid-uyk0z0,0,0.0,0
PC float32,noise_snr30db,test,Psycho_Scream-SoundBible_uid-4qhwlo,0,0.0,0
PC float32,noise_snr30db,test,Psycho_Scream-SoundBible_uid-uococi,0,0.0,0
PC float32,noise_snr30db,test,Puppy_Dog Barking-SoundBible_uid-130qr7,0,0.0,0
PC float32,noise_snr30db,test,Puppy_Dog Barking-SoundBible_uid-zrfwba,0,0.0,0
PC float32,noise_snr30db,test,Race_Car Idle-SoundBible_uid-5il88u,0,0.0,0
PC float32,noise_snr30db,test,Race_Car Idle-SoundBible_uid-bjwy2y,0,0.0,0
PC float32,noise_snr30db,test,Race_Car Idle-SoundBible_uid-i7dn0k,0,0.0,0
PC float32,noise_snr30db,test,Restaurant Walla Track-SoundBible_uid-19b0uq,0,0.0,0
PC float32,noise_snr30db,test,Restaurant Walla Track-SoundBible_uid-e11kg8,0,0.0,0
PC float32,noise_snr30db,test,Restaurant Walla Track-SoundBible_uid-fk59q6,0,0.0,0
PC float32,noise_snr30db,test,School_Fire_Alarm-Cullen_Card-202875844_uid-rfkm7v,0,0.0,0
PC float32,noise_snr30db,test,Shift_Gears-SoundBible_uid-cvmuj8,0,0.0,0
PC float32,noise_snr30db,test,Ship_Bell-Mike_Koenig-1911209136_uid-e2z0y7,0,0.0,0
PC float32,noise_snr30db,test,Ship_Brass_Bell-Mike_Koenig-1458750630_uid-oksrz0,0,0.0,0
PC float32,noise_snr30db,test,Shopping_Mall Ambiance-SoundBible_uid-fa5yaq,0,0.0,0
PC float32,noise_snr30db,test,Sleigh_Bells_Ringing-SoundBible_uid-i52bxo,0,0.0,0
PC float32,noise_snr30db,test,Sleigh_Bells_Ringing-SoundBible_uid-xjtewi,0,0.0,0
PC float32,noise_snr30db,test,Soldiers_Marching-SoundBible_uid-0eax5q,0,0.0,0
PC float32,noise_snr30db,test,Soldiers_Marching-SoundBible_uid-4m3auc,0,0.0,0
PC float32,noise_snr30db,test,Soldiers_Marching-SoundBible_uid-51ygbj,0,0.0,0
PC float32,noise_snr30db,test,Soldiers_Marching-SoundBible_uid-5xkxw1,0,0.0,0
PC float32,noise_snr30db,test,Soldiers_Marching-SoundBible_uid-bqrx9i,0,0.0,0
PC float32,noise_snr30db,test,Sports_Bar Patrons Loud-SoundBible_uid-0qx8ca,0,0.0,0
PC float32,noise_snr30db,test,Steam_Engine-John-1826274710_uid-1hznao,0,0.0,0
PC float32,noise_snr30db,test,Steam_Engine-John-1826274710_uid-9qykmv,0,0.0,0
PC float32,noise_snr30db,test,Steam_Engine-John-1826274710_uid-pe5dcl,0,0.0,0
PC float32,noise_snr30db,test,Swimming_Pool Ambiance-SoundBible_uid-thd1td,0,0.0,0
PC float32,noise_snr30db,test,Temple_Bell Huge-SoundBible_uid-vwd9pv,0,1.3702194337383844e-05,0
PC float32,noise_snr30db,test,Tornado_Siren_II-Delilah-747233690_uid-9imkus,0,0.0,0
PC float32,noise_snr30db,test,Tornado_Siren_II-Delilah-747233690_uid-k23l64,0,0.0,0
PC float32,noise_snr30db,test,Tornado_Siren_II-Delilah-747233690_uid-yu5cjs,0,0.0,0
PC float32,noise_snr30db,test,Tornado_Siren_SoundBible_uid-6dnh9z,0,0.0,0
PC float32,noise_snr30db,test,Tornado_Siren_SoundBible_uid-g7d17q,0,0.0,0
PC float32,noise_snr30db,test,Walking-SoundBible_uid-62j3do,0,0.0,0
PC float32,noise_snr30db,test,Walking_In_Snow-SoundBible_uid-hoifci,0,1.5916168614575233e-19,0
PC float32,noise_snr30db,test,Walking_On_Gravel-SoundBible_uid-7duozg,0,5.312170851018101e-18,0
PC float32,noise_snr30db,test,Walking_On_Gravel-SoundBible_uid-fi611q,0,1.270955682815277e-30,0
PC float32,noise_snr30db,test,Walking_On_Gravel-SoundBible_uid-jhzvu7,0,0.0,0
PC float32,noise_snr30db,test,Winston_Churchill Nazi Speech-SoundBible_uid-2unyd8,0,0.0,0
PC float32,noise_snr30db,test,Winston_Churchill Nazi Speech-SoundBible_uid-761zdn,0,0.0,0
PC float32,noise_snr30db,test,Winston_Churchill Nazi Speech-SoundBible_uid-g4x51s,0,0.0,0
PC float32,noise_snr30db,test,Winston_Churchill Nazi Speech-SoundBible_uid-jp39dv,0,0.0,0
PC float32,noise_snr30db,test,Winston_Churchill Nazi Speech-SoundBible_uid-rwukdv,0,0.0,0
PC float32,noise_snr30db,test,Woman_Screaming 2-SoundBible_uid-c9acqz,0,0.0,0
PC float32,noise_snr30db,test,church_chime-daniel_simon (1)_uid-zsrdac,0,0.0,0
PC float32,noise_snr30db,test,church_chime-daniel_simon_uid-bbyw01,0,0.0,0
PC float32,noise_snr30db,test,church_chime-daniel_simon_uid-sxzijw,0,0.0,0
PC float32,noise_snr30db,test,doberman_pincher_daniel-simion_uid-348sts,0,0.0,0
PC float32,noise_snr30db,test,doberman_pincher_daniel-simion_uid-4gutjw,0,0.0,0
PC float32,noise_snr30db,test,doberman_pincher_daniel-simion_uid-db2xc6,0,0.0,0
PC float32,noise_snr30db,test,doberman_pincher_daniel-simion_uid-m6nbjk,0,0.0,0
PC float32,noise_snr30db,test,german_shephard-daniel_simon (1)_uid-x57o4h,0,0.0,0
PC float32,noise_snr30db,test,german_shephard-daniel_simon_uid-35by3o,0,0.0,0
PC float32,noise_snr30db,test,hard_shoes_1-daniel_simon_uid-lqfqp3,0,0.0,0
PC float32,noise_snr30db,test,harley_davidson-daniel_simon_uid-3gnkx0,0,5.370819240735347e-12,0
PC float32,noise_snr30db,test,harley_davidson-daniel_simon_uid-5tbvav,0,3.7949525832543133e-22,0
PC float32,noise_snr30db,test,labrador_barking-daniel_simon_uid-cpx5m6,0,0.0,0
PC float32,noise_snr30db,test,labrador_barking-daniel_simon_uid-cvf4k1,0,0.0,0
PC float32,noise_snr30db,test,labrador_barking-daniel_simon_uid-j0e09a,0,0.0,0
PC float32,noise_snr30db,test,labrador_barking-daniel_simon_uid-mwgdoo,0,0.0,0
PC float32,noise_snr30db,test,labrador_barking-daniel_simon_uid-p1nd4y,0,0.0,0
PC float32,noise_snr30db,test,labrador_barking-daniel_simon_uid-px7218,0,0.0,0
PC float32,noise_snr30db,test,muscle_car-daniel_simon (1)_uid-hvisfn,0,5.289672292711569e-30,0
PC float32,noise_snr30db,test,muscle_car-daniel_simon_uid-jpcsdl,0,1.812093002583548e-30,0
PC float32,noise_snr30db,test,old_car-engine_daniel_simion_uid-2lzarp,0,0.0,0
PC float32,noise_snr30db,test,old_car-engine_daniel_simion_uid-5xyl64,0,0.0,0
PC float32,noise_snr30db,test,old_car-engine_daniel_simion_uid-8mfyeb,0,0.0,0
PC float32,noise_snr30db,test,old_car-engine_daniel_simion_uid-9xmt28,0,0.0,0
PC float32,noise_snr30db,test,old_fashioned-door-bell-daniel_simon_uid-1bqwmt,0,0.0,0
PC float32,noise_snr30db,test,old_fashioned-door-bell-daniel_simon_uid-8q7aiq,0,8.553950027309804e-37,0
PC float32,noise_snr30db,test,party_crowd-daniel_simon_uid-8pwj7x,0,0.0,0
PC float32,noise_snr30db,test,party_crowd-daniel_simon_uid-vroqkp,0,0.0,0
PC float32,noise_snr30db,test,railroad_crossing_bell-Brylon_Terry-1551570865 (1)_uid-55is8o,0,0.0,0
PC float32,noise_snr30db,test,railroad_crossing_bell-Brylon_Terry-1551570865 (1)_uid-6mnkqh,0,0.0,0
PC float32,noise_snr30db,test,railroad_crossing_bell-Brylon_Terry-1551570865 (1)_uid-mi9sxj,0,0.0,0
PC float32,noise_snr30db,test,railroad_crossing_bell-Brylon_Terry-1551570865 (1)_uid-n15yft,0,0.0,0
PC float32,noise_snr30db,test,railroad_crossing_bell-Brylon_Terry-1551570865 (1)_uid-vxl8al,0,0.0,0
PC float32,noise_snr30db,test,railroad_crossing_bell-Brylon_Terry-1551570865 (1)_uid-waev1t,0,0.0,0
PC float32,noise_snr30db,test,railroad_crossing_bell-Brylon_Terry-1551570865 (1)_uid-zyz59r,0,0.0,0
PC float32,noise_snr30db,test,railroad_crossing_bell-Brylon_Terry-1551570865_uid-ejhzbl,0,0.0,0
PC float32,noise_snr30db,test,railroad_crossing_bell-Brylon_Terry-1551570865_uid-po2yqk,0,0.0,0
PC float32,noise_snr30db,test,tolling_bell_daniel-simion_uid-kg3lrg,0,0.0,0
PC float32,noise_snr30db,test,tolling_bell_daniel-simion_uid-witt3h,0,0.0,0
PC int8,noise_snr30db,test,0003_0397s_shot_019_ch1,1,0.99609375,1
PC int8,noise_snr30db,test,0005_0580s_shot_006_ch1,1,0.99609375,1
PC int8,noise_snr30db,test,0005_0607s_shot_150_ch1,1,0.99609375,1
PC int8,noise_snr30db,test,0005_0631s_shot_173_ch1,1,0.99609375,1
PC int8,noise_snr30db,test,0005_0632s_shot_176_ch1,1,0.99609375,1
PC int8,noise_snr30db,test,0005_0662s_shot_201_ch1,1,0.99609375,1
PC int8,noise_snr30db,test,0005_0685s_shot_220_ch1,1,0.99609375,1
PC int8,noise_snr30db,test,0005_0700s_shot_037_ch1,1,0.99609375,1
PC int8,noise_snr30db,test,0011_0226s_shot_011_ch1,1,0.99609375,1
PC int8,noise_snr30db,test,0011_0333s_shot_018_ch1,1,0.99609375,1
PC int8,noise_snr30db,test,171236__alukahn__gunshot2_uid-fcn21d,0,0.0,0
PC int8,noise_snr30db,test,371041__morganpurkis__single-gunshot-3_uid-1k053k,0,0.0,0
PC int8,noise_snr30db,test,384687__morganpurkis__single-gunshot-42_uid-u9d6r1,0,0.0,0
PC int8,noise_snr30db,test,384689__dobroide__20170318gunshotparadiso_uid-kwsehz,0,0.0,0
PC int8,noise_snr30db,test,384689__dobroide__20170318gunshotparadiso_uid-pjl13d,0,0.0,0
PC int8,noise_snr30db,test,402008__eardeer__gunshot__high_3_uid-4j4q67,0,0.0,0
PC int8,noise_snr30db,test,402791__acidsnowflake__ak47-and-various-other-gunshots-at-indoor-shooting-range_uid-6aezru,0,0.0,0
PC int8,noise_snr30db,test,402791__acidsnowflake__ak47-and-various-other-gunshots-at-indoor-shooting-range_uid-byjlki,0,0.0,0
PC int8,noise_snr30db,test,402791__acidsnowflake__ak47-and-various-other-gunshots-at-indoor-shooting-range_uid-garl1l,0,0.0,0
PC int8,noise_snr30db,test,402791__acidsnowflake__ak47-and-various-other-gunshots-at-indoor-shooting-range_uid-l3ibfo,0,0.0,0
PC int8,noise_snr30db,test,402791__acidsnowflake__ak47-and-various-other-gunshots-at-indoor-shooting-range_uid-qe3eyz,0,0.0,0
PC int8,noise_snr30db,test,405132__fstagi__gunshots_uid-xcyi0z,0,0.0,0
PC int8,noise_snr30db,test,51470__smcameron__synthetic_gunshot_2_uid-vatpwv,0,0.0,0
PC int8,noise_snr30db,test,518181__bolkmar__fx-gunshot_uid-al1o0i,0,0.0,0
PC int8,noise_snr30db,test,518181__bolkmar__fx-gunshot_uid-es96l9,0,0.0,0
PC int8,noise_snr30db,test,518181__bolkmar__fx-gunshot_uid-j3vsmz,0,0.0,0
PC int8,noise_snr30db,test,519623__nathanchurchyard__gunshots_uid-kvxx3q,0,0.0,0
PC int8,noise_snr30db,test,683312__pnmcarrierailfan__pistol-gunshot-mix-weapons_uid-tmmoay,0,0.0,0
PC int8,noise_snr30db,test,Amusement_Park Ambiance -SoundBible_uid-2t9w3e,0,0.0,0
PC int8,noise_snr30db,test,Amusement_Park Ambiance -SoundBible_uid-jwv6lq,0,0.0,0
PC int8,noise_snr30db,test,Amusement_Park Ambiance -SoundBible_uid-l24o63,0,0.0,0
PC int8,noise_snr30db,test,Background_Noise-SoundBible_uid-m7qaag,0,0.0,0
PC int8,noise_snr30db,test,Background_Noise-SoundBible_uid-mnn2bm,0,0.0,0
PC int8,noise_snr30db,test,Bi_Polar_Uncle-ScanMan-1810098860_uid-b8uks2,0,0.0,0
PC int8,noise_snr30db,test,Bi_Polar_Uncle-ScanMan-1810098860_uid-evaiic,0,0.0,0
PC int8,noise_snr30db,test,Bi_Polar_Uncle-ScanMan-1810098860_uid-l7n0jt,0,0.0,0
PC int8,noise_snr30db,test,Bi_Polar_Uncle-ScanMan-1810098860_uid-omv54z,0,0.0,0
PC int8,noise_snr30db,test,Bi_Polar_Uncle-ScanMan-1810098860_uid-p90ljg,0,0.0,0
PC int8,noise_snr30db,test,Big_door_closed-Clemens_F-941522533_uid-n02it9,0,0.0,0
PC int8,noise_snr30db,test,Cellar_Door Slam Shut-SoundBible_uid-pg4dq8,0,0.0,0
PC int8,noise_snr30db,test,Citty_Traffic Ambiance-SoundBible_uid-87yimc,0,0.0,0
PC int8,noise_snr30db,test,Citty_Traffic Ambiance-SoundBible_uid-8vk0wx,0,0.0,0
PC int8,noise_snr30db,test,Citty_Traffic Ambiance-SoundBible_uid-mxbe2e,0,0.0,0
PC int8,noise_snr30db,test,Citty_Traffic Ambiance-SoundBible_uid-q0srdn,0,0.0,0
PC int8,noise_snr30db,test,City_Ambiance-SoundBible_uid-8yrqh9,0,0.0,0
PC int8,noise_snr30db,test,City_Ambiance-SoundBible_uid-t8xlgr,0,0.0,0
PC int8,noise_snr30db,test,Classroom_Ambiance-SoundBible_uid-q49pv1,0,0.0,0
PC int8,noise_snr30db,test,Classroom_Ambiance-SoundBible_uid-qfbdk0,0,0.0,0
PC int8,noise_snr30db,test,Classroom_Ambiance-SoundBible_uid-uu3ewb,0,0.0,0
PC int8,noise_snr30db,test,Classroom_Ambiance-SoundBible_uid-xdl758,0,0.0,0
PC int8,noise_snr30db,test,Close_Vault_Or_Jail_Door-SoundBible_uid-lasl2n,0,0.0,0
PC int8,noise_snr30db,test,Dog_Barking-SoundBible_uid-3uyzqt,0,0.0,0
PC int8,noise_snr30db,test,Dog_Barking-SoundBible_uid-udwefz,0,0.0,0
PC int8,noise_snr30db,test,Dogs_Barking-SoundBible_uid-0ftva8,0,0.0,0
PC int8,noise_snr30db,test,Dogs_Barking-SoundBible_uid-itlawo,0,0.0,0
PC int8,noise_snr30db,test,Dogs_Barking-SoundBible_uid-k8qbi9,0,0.0,0
PC int8,noise_snr30db,test,End_of_Game-Mike_Koenig-617089079_uid-0scusn,0,0.0,0
PC int8,noise_snr30db,test,Engine_Inside_Car-SoundBible_uid-as3jed,0,0.5,1
PC int8,noise_snr30db,test,Fast_Heel_Walk-Kyanna_Johnson-1646343608_uid-8u9yx0,0,0.0,0
PC int8,noise_snr30db,test,Fast_Heel_Walk-Kyanna_Johnson-1646343608_uid-9pwmgu,0,0.0,0
PC int8,noise_snr30db,test,Female_Scream_Horror-NeoPhyTe-138499973_uid-w7fb5j,0,0.0,0
PC int8,noise_snr30db,test,Footsteps_SoundBible_uid-4v6zy1,0,0.0,0
PC int8,noise_snr30db,test,Footsteps_SoundBible_uid-dg95vk,0,0.0,0
PC int8,noise_snr30db,test,Footsteps_SoundBible_uid-hnz36f,0,0.0,0
PC int8,noise_snr30db,test,Frying_Pan_Impact-SoundBible_uid-nbylf3,0,0.0,0
PC int8,noise_snr30db,test,Indian_Bell-SoundBible_uid-t0u6xu,0,0.0,0
PC int8,noise_snr30db,test,Japanese_Temple Bell Small-SoundBible_uid-3fhudh,0,0.0,0
PC int8,noise_snr30db,test,Japanese_Temple Bell Small-SoundBible_uid-8kpqn1,0,0.0,0
PC int8,noise_snr30db,test,Large_Door_Slam-SoundBible_uid-ljg1k3,0,0.0,0
PC int8,noise_snr30db,test,Little_Girl_Talking-Mike_Koenig-782373463_uid-bstw5g,0,0.0,0
PC int8,noise_snr30db,test,Metal_Gong-Dianakc-109711828_uid-hlegwg,0,0.0,0
PC int8,noise_snr30db,test,Motorcycle_Engine-SoundBible_uid-bo8n5y,0,0.0,0
PC int8,noise_snr30db,test,Neighborhood_Dogs Barking-SoundBible_uid-6a1kho,0,0.0,0
PC int8,noise_snr30db,test,Neighborhood_Dogs Barking-SoundBible_uid-7mwktq,0,0.0,0
PC int8,noise_snr30db,test,Neighborhood_Dogs Barking-SoundBible_uid-dwmjp4,0,0.0,0
PC int8,noise_snr30db,test,Neighborhood_Dogs Barking-SoundBible_uid-kc7h7x,0,0.0,0
PC int8,noise_snr30db,test,Neighborhood_Dogs Barking-SoundBible_uid-p7gr4b,0,0.0,0
PC int8,noise_snr30db,test,Neighborhood_Dogs Barking-SoundBible_uid-rq1qkq,0,0.0,0
PC int8,noise_snr30db,test,Obama_Speech Liar-SoundBible_uid-8mnhtv,0,0.0,0
PC int8,noise_snr30db,test,Old_Door_Creaking-SoundBible_uid-e16ryq,0,0.0,0
PC int8,noise_snr30db,test,Old_Door_Creaking-SoundBible_uid-f2vs74,0,0.0,0
PC int8,noise_snr30db,test,Old_Door_Creaking-SoundBible_uid-ozrhlo,0,0.0,0
PC int8,noise_snr30db,test,Old_Door_Creaking-SoundBible_uid-q6uf3u,0,0.0,0
PC int8,noise_snr30db,test,Police Siren 3-SoundBible_uid-nytspf,0,0.0,0
PC int8,noise_snr30db,test,Police_Siren-SoundBible_uid-uyk0z0,0,0.0,0
PC int8,noise_snr30db,test,Psycho_Scream-SoundBible_uid-4qhwlo,0,0.0,0
PC int8,noise_snr30db,test,Psycho_Scream-SoundBible_uid-uococi,0,0.0,0
PC int8,noise_snr30db,test,Puppy_Dog Barking-SoundBible_uid-130qr7,0,0.0,0
PC int8,noise_snr30db,test,Puppy_Dog Barking-SoundBible_uid-zrfwba,0,0.0,0
PC int8,noise_snr30db,test,Race_Car Idle-SoundBible_uid-5il88u,0,0.0,0
PC int8,noise_snr30db,test,Race_Car Idle-SoundBible_uid-bjwy2y,0,0.0,0
PC int8,noise_snr30db,test,Race_Car Idle-SoundBible_uid-i7dn0k,0,0.0,0
PC int8,noise_snr30db,test,Restaurant Walla Track-SoundBible_uid-19b0uq,0,0.0,0
PC int8,noise_snr30db,test,Restaurant Walla Track-SoundBible_uid-e11kg8,0,0.0,0
PC int8,noise_snr30db,test,Restaurant Walla Track-SoundBible_uid-fk59q6,0,0.0,0
PC int8,noise_snr30db,test,School_Fire_Alarm-Cullen_Card-202875844_uid-rfkm7v,0,0.0,0
PC int8,noise_snr30db,test,Shift_Gears-SoundBible_uid-cvmuj8,0,0.0,0
PC int8,noise_snr30db,test,Ship_Bell-Mike_Koenig-1911209136_uid-e2z0y7,0,0.0,0
PC int8,noise_snr30db,test,Ship_Brass_Bell-Mike_Koenig-1458750630_uid-oksrz0,0,0.0,0
PC int8,noise_snr30db,test,Shopping_Mall Ambiance-SoundBible_uid-fa5yaq,0,0.0,0
PC int8,noise_snr30db,test,Sleigh_Bells_Ringing-SoundBible_uid-i52bxo,0,0.0,0
PC int8,noise_snr30db,test,Sleigh_Bells_Ringing-SoundBible_uid-xjtewi,0,0.0,0
PC int8,noise_snr30db,test,Soldiers_Marching-SoundBible_uid-0eax5q,0,0.0,0
PC int8,noise_snr30db,test,Soldiers_Marching-SoundBible_uid-4m3auc,0,0.0,0
PC int8,noise_snr30db,test,Soldiers_Marching-SoundBible_uid-51ygbj,0,0.0,0
PC int8,noise_snr30db,test,Soldiers_Marching-SoundBible_uid-5xkxw1,0,0.0,0
PC int8,noise_snr30db,test,Soldiers_Marching-SoundBible_uid-bqrx9i,0,0.0,0
PC int8,noise_snr30db,test,Sports_Bar Patrons Loud-SoundBible_uid-0qx8ca,0,0.0,0
PC int8,noise_snr30db,test,Steam_Engine-John-1826274710_uid-1hznao,0,0.0,0
PC int8,noise_snr30db,test,Steam_Engine-John-1826274710_uid-9qykmv,0,0.0,0
PC int8,noise_snr30db,test,Steam_Engine-John-1826274710_uid-pe5dcl,0,0.0,0
PC int8,noise_snr30db,test,Swimming_Pool Ambiance-SoundBible_uid-thd1td,0,0.0,0
PC int8,noise_snr30db,test,Temple_Bell Huge-SoundBible_uid-vwd9pv,0,0.0,0
PC int8,noise_snr30db,test,Tornado_Siren_II-Delilah-747233690_uid-9imkus,0,0.0,0
PC int8,noise_snr30db,test,Tornado_Siren_II-Delilah-747233690_uid-k23l64,0,0.0,0
PC int8,noise_snr30db,test,Tornado_Siren_II-Delilah-747233690_uid-yu5cjs,0,0.0,0
PC int8,noise_snr30db,test,Tornado_Siren_SoundBible_uid-6dnh9z,0,0.0,0
PC int8,noise_snr30db,test,Tornado_Siren_SoundBible_uid-g7d17q,0,0.0,0
PC int8,noise_snr30db,test,Walking-SoundBible_uid-62j3do,0,0.0,0
PC int8,noise_snr30db,test,Walking_In_Snow-SoundBible_uid-hoifci,0,0.0,0
PC int8,noise_snr30db,test,Walking_On_Gravel-SoundBible_uid-7duozg,0,0.0,0
PC int8,noise_snr30db,test,Walking_On_Gravel-SoundBible_uid-fi611q,0,0.0,0
PC int8,noise_snr30db,test,Walking_On_Gravel-SoundBible_uid-jhzvu7,0,0.0,0
PC int8,noise_snr30db,test,Winston_Churchill Nazi Speech-SoundBible_uid-2unyd8,0,0.0,0
PC int8,noise_snr30db,test,Winston_Churchill Nazi Speech-SoundBible_uid-761zdn,0,0.0,0
PC int8,noise_snr30db,test,Winston_Churchill Nazi Speech-SoundBible_uid-g4x51s,0,0.0,0
PC int8,noise_snr30db,test,Winston_Churchill Nazi Speech-SoundBible_uid-jp39dv,0,0.0,0
PC int8,noise_snr30db,test,Winston_Churchill Nazi Speech-SoundBible_uid-rwukdv,0,0.0,0
PC int8,noise_snr30db,test,Woman_Screaming 2-SoundBible_uid-c9acqz,0,0.0,0
PC int8,noise_snr30db,test,church_chime-daniel_simon (1)_uid-zsrdac,0,0.0,0
PC int8,noise_snr30db,test,church_chime-daniel_simon_uid-bbyw01,0,0.0,0
PC int8,noise_snr30db,test,church_chime-daniel_simon_uid-sxzijw,0,0.0,0
PC int8,noise_snr30db,test,doberman_pincher_daniel-simion_uid-348sts,0,0.0,0
PC int8,noise_snr30db,test,doberman_pincher_daniel-simion_uid-4gutjw,0,0.0,0
PC int8,noise_snr30db,test,doberman_pincher_daniel-simion_uid-db2xc6,0,0.0,0
PC int8,noise_snr30db,test,doberman_pincher_daniel-simion_uid-m6nbjk,0,0.0,0
PC int8,noise_snr30db,test,german_shephard-daniel_simon (1)_uid-x57o4h,0,0.0,0
PC int8,noise_snr30db,test,german_shephard-daniel_simon_uid-35by3o,0,0.0,0
PC int8,noise_snr30db,test,hard_shoes_1-daniel_simon_uid-lqfqp3,0,0.0,0
PC int8,noise_snr30db,test,harley_davidson-daniel_simon_uid-3gnkx0,0,0.0,0
PC int8,noise_snr30db,test,harley_davidson-daniel_simon_uid-5tbvav,0,0.0,0
PC int8,noise_snr30db,test,labrador_barking-daniel_simon_uid-cpx5m6,0,0.0,0
PC int8,noise_snr30db,test,labrador_barking-daniel_simon_uid-cvf4k1,0,0.0,0
PC int8,noise_snr30db,test,labrador_barking-daniel_simon_uid-j0e09a,0,0.0,0
PC int8,noise_snr30db,test,labrador_barking-daniel_simon_uid-mwgdoo,0,0.0,0
PC int8,noise_snr30db,test,labrador_barking-daniel_simon_uid-p1nd4y,0,0.0,0
PC int8,noise_snr30db,test,labrador_barking-daniel_simon_uid-px7218,0,0.0,0
PC int8,noise_snr30db,test,muscle_car-daniel_simon (1)_uid-hvisfn,0,0.0,0
PC int8,noise_snr30db,test,muscle_car-daniel_simon_uid-jpcsdl,0,0.0,0
PC int8,noise_snr30db,test,old_car-engine_daniel_simion_uid-2lzarp,0,0.0,0
PC int8,noise_snr30db,test,old_car-engine_daniel_simion_uid-5xyl64,0,0.0,0
PC int8,noise_snr30db,test,old_car-engine_daniel_simion_uid-8mfyeb,0,0.0,0
PC int8,noise_snr30db,test,old_car-engine_daniel_simion_uid-9xmt28,0,0.0,0
PC int8,noise_snr30db,test,old_fashioned-door-bell-daniel_simon_uid-1bqwmt,0,0.0,0
PC int8,noise_snr30db,test,old_fashioned-door-bell-daniel_simon_uid-8q7aiq,0,0.0,0
PC int8,noise_snr30db,test,party_crowd-daniel_simon_uid-8pwj7x,0,0.0,0
PC int8,noise_snr30db,test,party_crowd-daniel_simon_uid-vroqkp,0,0.0,0
PC int8,noise_snr30db,test,railroad_crossing_bell-Brylon_Terry-1551570865 (1)_uid-55is8o,0,0.0,0
PC int8,noise_snr30db,test,railroad_crossing_bell-Brylon_Terry-1551570865 (1)_uid-6mnkqh,0,0.0,0
PC int8,noise_snr30db,test,railroad_crossing_bell-Brylon_Terry-1551570865 (1)_uid-mi9sxj,0,0.0,0
PC int8,noise_snr30db,test,railroad_crossing_bell-Brylon_Terry-1551570865 (1)_uid-n15yft,0,0.0,0
PC int8,noise_snr30db,test,railroad_crossing_bell-Brylon_Terry-1551570865 (1)_uid-vxl8al,0,0.0,0
PC int8,noise_snr30db,test,railroad_crossing_bell-Brylon_Terry-1551570865 (1)_uid-waev1t,0,0.0,0
PC int8,noise_snr30db,test,railroad_crossing_bell-Brylon_Terry-1551570865 (1)_uid-zyz59r,0,0.0,0
PC int8,noise_snr30db,test,railroad_crossing_bell-Brylon_Terry-1551570865_uid-ejhzbl,0,0.0,0
PC int8,noise_snr30db,test,railroad_crossing_bell-Brylon_Terry-1551570865_uid-po2yqk,0,0.0,0
PC int8,noise_snr30db,test,tolling_bell_daniel-simion_uid-kg3lrg,0,0.0,0
PC int8,noise_snr30db,test,tolling_bell_daniel-simion_uid-witt3h,0,0.0,0
PC float32,noise_snr20db,test,0003_0397s_shot_019_ch1,1,1.0,1
PC float32,noise_snr20db,test,0005_0580s_shot_006_ch1,1,1.0,1
PC float32,noise_snr20db,test,0005_0607s_shot_150_ch1,1,1.0,1
PC float32,noise_snr20db,test,0005_0631s_shot_173_ch1,1,1.0,1
PC float32,noise_snr20db,test,0005_0632s_shot_176_ch1,1,1.0,1
PC float32,noise_snr20db,test,0005_0662s_shot_201_ch1,1,1.0,1
PC float32,noise_snr20db,test,0005_0685s_shot_220_ch1,1,1.0,1
PC float32,noise_snr20db,test,0005_0700s_shot_037_ch1,1,1.0,1
PC float32,noise_snr20db,test,0011_0226s_shot_011_ch1,1,0.9999943375587463,1
PC float32,noise_snr20db,test,0011_0333s_shot_018_ch1,1,1.0,1
PC float32,noise_snr20db,test,171236__alukahn__gunshot2_uid-fcn21d,0,0.0,0
PC float32,noise_snr20db,test,371041__morganpurkis__single-gunshot-3_uid-1k053k,0,6.698267827817171e-28,0
PC float32,noise_snr20db,test,384687__morganpurkis__single-gunshot-42_uid-u9d6r1,0,0.0,0
PC float32,noise_snr20db,test,384689__dobroide__20170318gunshotparadiso_uid-kwsehz,0,0.0,0
PC float32,noise_snr20db,test,384689__dobroide__20170318gunshotparadiso_uid-pjl13d,0,0.0,0
PC float32,noise_snr20db,test,402008__eardeer__gunshot__high_3_uid-4j4q67,0,0.0,0
PC float32,noise_snr20db,test,402791__acidsnowflake__ak47-and-various-other-gunshots-at-indoor-shooting-range_uid-6aezru,0,0.0,0
PC float32,noise_snr20db,test,402791__acidsnowflake__ak47-and-various-other-gunshots-at-indoor-shooting-range_uid-byjlki,0,0.0,0
PC float32,noise_snr20db,test,402791__acidsnowflake__ak47-and-various-other-gunshots-at-indoor-shooting-range_uid-garl1l,0,0.0,0
PC float32,noise_snr20db,test,402791__acidsnowflake__ak47-and-various-other-gunshots-at-indoor-shooting-range_uid-l3ibfo,0,0.0,0
PC float32,noise_snr20db,test,402791__acidsnowflake__ak47-and-various-other-gunshots-at-indoor-shooting-range_uid-qe3eyz,0,0.0,0
PC float32,noise_snr20db,test,405132__fstagi__gunshots_uid-xcyi0z,0,6.588088649779683e-27,0
PC float32,noise_snr20db,test,51470__smcameron__synthetic_gunshot_2_uid-vatpwv,0,8.408883940720646e-13,0
PC float32,noise_snr20db,test,518181__bolkmar__fx-gunshot_uid-al1o0i,0,0.0,0
PC float32,noise_snr20db,test,518181__bolkmar__fx-gunshot_uid-es96l9,0,6.2694467080007124e-18,0
PC float32,noise_snr20db,test,518181__bolkmar__fx-gunshot_uid-j3vsmz,0,0.0,0
PC float32,noise_snr20db,test,519623__nathanchurchyard__gunshots_uid-kvxx3q,0,2.001518048057918e-36,0
PC float32,noise_snr20db,test,683312__pnmcarrierailfan__pistol-gunshot-mix-weapons_uid-tmmoay,0,4.7739763425939134e-37,0
PC float32,noise_snr20db,test,Amusement_Park Ambiance -SoundBible_uid-2t9w3e,0,0.0,0
PC float32,noise_snr20db,test,Amusement_Park Ambiance -SoundBible_uid-jwv6lq,0,0.0,0
PC float32,noise_snr20db,test,Amusement_Park Ambiance -SoundBible_uid-l24o63,0,4.91877843434916e-29,0
PC float32,noise_snr20db,test,Background_Noise-SoundBible_uid-m7qaag,0,1.8028969428485198e-09,0
PC float32,noise_snr20db,test,Background_Noise-SoundBible_uid-mnn2bm,0,7.06762222080215e-08,0
PC float32,noise_snr20db,test,Bi_Polar_Uncle-ScanMan-1810098860_uid-b8uks2,0,0.0,0
PC float32,noise_snr20db,test,Bi_Polar_Uncle-ScanMan-1810098860_uid-evaiic,0,0.0,0
PC float32,noise_snr20db,test,Bi_Polar_Uncle-ScanMan-1810098860_uid-l7n0jt,0,0.0,0
PC float32,noise_snr20db,test,Bi_Polar_Uncle-ScanMan-1810098860_uid-omv54z,0,0.0,0
PC float32,noise_snr20db,test,Bi_Polar_Uncle-ScanMan-1810098860_uid-p90ljg,0,0.0,0
PC float32,noise_snr20db,test,Big_door_closed-Clemens_F-941522533_uid-n02it9,0,0.0,0
PC float32,noise_snr20db,test,Cellar_Door Slam Shut-SoundBible_uid-pg4dq8,0,0.0,0
PC float32,noise_snr20db,test,Citty_Traffic Ambiance-SoundBible_uid-87yimc,0,0.0,0
PC float32,noise_snr20db,test,Citty_Traffic Ambiance-SoundBible_uid-8vk0wx,0,0.0,0
PC float32,noise_snr20db,test,Citty_Traffic Ambiance-SoundBible_uid-mxbe2e,0,0.0,0
PC float32,noise_snr20db,test,Citty_Traffic Ambiance-SoundBible_uid-q0srdn,0,0.0,0
PC float32,noise_snr20db,test,City_Ambiance-SoundBible_uid-8yrqh9,0,0.0,0
PC float32,noise_snr20db,test,City_Ambiance-SoundBible_uid-t8xlgr,0,0.0,0
PC float32,noise_snr20db,test,Classroom_Ambiance-SoundBible_uid-q49pv1,0,3.9284735976252705e-05,0
PC float32,noise_snr20db,test,Classroom_Ambiance-SoundBible_uid-qfbdk0,0,0.00012851231440436095,0
PC float32,noise_snr20db,test,Classroom_Ambiance-SoundBible_uid-uu3ewb,0,0.00030751345911994576,0
PC float32,noise_snr20db,test,Classroom_Ambiance-SoundBible_uid-xdl758,0,0.00042804048280231655,0
PC float32,noise_snr20db,test,Close_Vault_Or_Jail_Door-SoundBible_uid-lasl2n,0,9.777942899802383e-10,0
PC float32,noise_snr20db,test,Dog_Barking-SoundBible_uid-3uyzqt,0,0.0,0
PC float32,noise_snr20db,test,Dog_Barking-SoundBible_uid-udwefz,0,0.0,0
PC float32,noise_snr20db,test,Dogs_Barking-SoundBible_uid-0ftva8,0,0.0,0
PC float32,noise_snr20db,test,Dogs_Barking-SoundBible_uid-itlawo,0,0.0,0
PC float32,noise_snr20db,test,Dogs_Barking-SoundBible_uid-k8qbi9,0,0.0,0
PC float32,noise_snr20db,test,End_of_Game-Mike_Koenig-617089079_uid-0scusn,0,0.0,0
PC float32,noise_snr20db,test,Engine_Inside_Car-SoundBible_uid-as3jed,0,0.009810439310967922,0
PC float32,noise_snr20db,test,Fast_Heel_Walk-Kyanna_Johnson-1646343608_uid-8u9yx0,0,0.0,0
PC float32,noise_snr20db,test,Fast_Heel_Walk-Kyanna_Johnson-1646343608_uid-9pwmgu,0,0.0,0
PC float32,noise_snr20db,test,Female_Scream_Horror-NeoPhyTe-138499973_uid-w7fb5j,0,0.0,0
PC float32,noise_snr20db,test,Footsteps_SoundBible_uid-4v6zy1,0,0.0,0
PC float32,noise_snr20db,test,Footsteps_SoundBible_uid-dg95vk,0,0.0,0
PC float32,noise_snr20db,test,Footsteps_SoundBible_uid-hnz36f,0,4.315999472708144e-17,0
PC float32,noise_snr20db,test,Frying_Pan_Impact-SoundBible_uid-nbylf3,0,0.0,0
PC float32,noise_snr20db,test,Indian_Bell-SoundBible_uid-t0u6xu,0,0.0,0
PC float32,noise_snr20db,test,Japanese_Temple Bell Small-SoundBible_uid-3fhudh,0,0.0,0
PC float32,noise_snr20db,test,Japanese_Temple Bell Small-SoundBible_uid-8kpqn1,0,0.0,0
PC float32,noise_snr20db,test,Large_Door_Slam-SoundBible_uid-ljg1k3,0,2.1131842004251666e-05,0
PC float32,noise_snr20db,test,Little_Girl_Talking-Mike_Koenig-782373463_uid-bstw5g,0,0.0,0
PC float32,noise_snr20db,test,Metal_Gong-Dianakc-109711828_uid-hlegwg,0,2.869602212740574e-06,0
PC float32,noise_snr20db,test,Motorcycle_Engine-SoundBible_uid-bo8n5y,0,7.965347270655343e-10,0
PC float32,noise_snr20db,test,Neighborhood_Dogs Barking-SoundBible_uid-6a1kho,0,0.0,0
PC float32,noise_snr20db,test,Neighborhood_Dogs Barking-SoundBible_uid-7mwktq,0,0.0,0
PC float32,noise_snr20db,test,Neighborhood_Dogs Barking-SoundBible_uid-dwmjp4,0,0.0,0
PC float32,noise_snr20db,test,Neighborhood_Dogs Barking-SoundBible_uid-kc7h7x,0,0.0,0
PC float32,noise_snr20db,test,Neighborhood_Dogs Barking-SoundBible_uid-p7gr4b,0,0.0,0
PC float32,noise_snr20db,test,Neighborhood_Dogs Barking-SoundBible_uid-rq1qkq,0,0.0,0
PC float32,noise_snr20db,test,Obama_Speech Liar-SoundBible_uid-8mnhtv,0,0.0,0
PC float32,noise_snr20db,test,Old_Door_Creaking-SoundBible_uid-e16ryq,0,0.0,0
PC float32,noise_snr20db,test,Old_Door_Creaking-SoundBible_uid-f2vs74,0,0.0,0
PC float32,noise_snr20db,test,Old_Door_Creaking-SoundBible_uid-ozrhlo,0,1.801166831081797e-33,0
PC float32,noise_snr20db,test,Old_Door_Creaking-SoundBible_uid-q6uf3u,0,0.0,0
PC float32,noise_snr20db,test,Police Siren 3-SoundBible_uid-nytspf,0,0.0,0
PC float32,noise_snr20db,test,Police_Siren-SoundBible_uid-uyk0z0,0,0.0,0
PC float32,noise_snr20db,test,Psycho_Scream-SoundBible_uid-4qhwlo,0,0.0,0
PC float32,noise_snr20db,test,Psycho_Scream-SoundBible_uid-uococi,0,0.0,0
PC float32,noise_snr20db,test,Puppy_Dog Barking-SoundBible_uid-130qr7,0,0.0,0
PC float32,noise_snr20db,test,Puppy_Dog Barking-SoundBible_uid-zrfwba,0,0.0,0
PC float32,noise_snr20db,test,Race_Car Idle-SoundBible_uid-5il88u,0,0.0,0
PC float32,noise_snr20db,test,Race_Car Idle-SoundBible_uid-bjwy2y,0,0.0,0
PC float32,noise_snr20db,test,Race_Car Idle-SoundBible_uid-i7dn0k,0,0.0,0
PC float32,noise_snr20db,test,Restaurant Walla Track-SoundBible_uid-19b0uq,0,0.0,0
PC float32,noise_snr20db,test,Restaurant Walla Track-SoundBible_uid-e11kg8,0,0.0,0
PC float32,noise_snr20db,test,Restaurant Walla Track-SoundBible_uid-fk59q6,0,0.0,0
PC float32,noise_snr20db,test,School_Fire_Alarm-Cullen_Card-202875844_uid-rfkm7v,0,0.0,0
PC float32,noise_snr20db,test,Shift_Gears-SoundBible_uid-cvmuj8,0,0.0,0
PC float32,noise_snr20db,test,Ship_Bell-Mike_Koenig-1911209136_uid-e2z0y7,0,0.0,0
PC float32,noise_snr20db,test,Ship_Brass_Bell-Mike_Koenig-1458750630_uid-oksrz0,0,0.0,0
PC float32,noise_snr20db,test,Shopping_Mall Ambiance-SoundBible_uid-fa5yaq,0,0.0,0
PC float32,noise_snr20db,test,Sleigh_Bells_Ringing-SoundBible_uid-i52bxo,0,0.0,0
PC float32,noise_snr20db,test,Sleigh_Bells_Ringing-SoundBible_uid-xjtewi,0,0.0,0
PC float32,noise_snr20db,test,Soldiers_Marching-SoundBible_uid-0eax5q,0,0.0,0
PC float32,noise_snr20db,test,Soldiers_Marching-SoundBible_uid-4m3auc,0,0.0,0
PC float32,noise_snr20db,test,Soldiers_Marching-SoundBible_uid-51ygbj,0,0.0,0
PC float32,noise_snr20db,test,Soldiers_Marching-SoundBible_uid-5xkxw1,0,0.0,0
PC float32,noise_snr20db,test,Soldiers_Marching-SoundBible_uid-bqrx9i,0,0.0,0
PC float32,noise_snr20db,test,Sports_Bar Patrons Loud-SoundBible_uid-0qx8ca,0,0.0,0
PC float32,noise_snr20db,test,Steam_Engine-John-1826274710_uid-1hznao,0,0.0,0
PC float32,noise_snr20db,test,Steam_Engine-John-1826274710_uid-9qykmv,0,0.0,0
PC float32,noise_snr20db,test,Steam_Engine-John-1826274710_uid-pe5dcl,0,0.0,0
PC float32,noise_snr20db,test,Swimming_Pool Ambiance-SoundBible_uid-thd1td,0,0.0,0
PC float32,noise_snr20db,test,Temple_Bell Huge-SoundBible_uid-vwd9pv,0,4.901560828329821e-07,0
PC float32,noise_snr20db,test,Tornado_Siren_II-Delilah-747233690_uid-9imkus,0,0.0,0
PC float32,noise_snr20db,test,Tornado_Siren_II-Delilah-747233690_uid-k23l64,0,0.0,0
PC float32,noise_snr20db,test,Tornado_Siren_II-Delilah-747233690_uid-yu5cjs,0,0.0,0
PC float32,noise_snr20db,test,Tornado_Siren_SoundBible_uid-6dnh9z,0,0.0,0
PC float32,noise_snr20db,test,Tornado_Siren_SoundBible_uid-g7d17q,0,0.0,0
PC float32,noise_snr20db,test,Walking-SoundBible_uid-62j3do,0,0.0,0
PC float32,noise_snr20db,test,Walking_In_Snow-SoundBible_uid-hoifci,0,1.0427575286644538e-18,0
PC float32,noise_snr20db,test,Walking_On_Gravel-SoundBible_uid-7duozg,0,8.66728779383678e-18,0
PC float32,noise_snr20db,test,Walking_On_Gravel-SoundBible_uid-fi611q,0,5.051778040557127e-29,0
PC float32,noise_snr20db,test,Walking_On_Gravel-SoundBible_uid-jhzvu7,0,0.0,0
PC float32,noise_snr20db,test,Winston_Churchill Nazi Speech-SoundBible_uid-2unyd8,0,1.882480734444967e-32,0
PC float32,noise_snr20db,test,Winston_Churchill Nazi Speech-SoundBible_uid-761zdn,0,7.601552275487112e-27,0
PC float32,noise_snr20db,test,Winston_Churchill Nazi Speech-SoundBible_uid-g4x51s,0,0.0,0
PC float32,noise_snr20db,test,Winston_Churchill Nazi Speech-SoundBible_uid-jp39dv,0,0.0,0
PC float32,noise_snr20db,test,Winston_Churchill Nazi Speech-SoundBible_uid-rwukdv,0,0.0,0
PC float32,noise_snr20db,test,Woman_Screaming 2-SoundBible_uid-c9acqz,0,0.0,0
PC float32,noise_snr20db,test,church_chime-daniel_simon (1)_uid-zsrdac,0,0.0,0
PC float32,noise_snr20db,test,church_chime-daniel_simon_uid-bbyw01,0,0.0,0
PC float32,noise_snr20db,test,church_chime-daniel_simon_uid-sxzijw,0,0.0,0
PC float32,noise_snr20db,test,doberman_pincher_daniel-simion_uid-348sts,0,0.0,0
PC float32,noise_snr20db,test,doberman_pincher_daniel-simion_uid-4gutjw,0,0.0,0
PC float32,noise_snr20db,test,doberman_pincher_daniel-simion_uid-db2xc6,0,0.0,0
PC float32,noise_snr20db,test,doberman_pincher_daniel-simion_uid-m6nbjk,0,0.0,0
PC float32,noise_snr20db,test,german_shephard-daniel_simon (1)_uid-x57o4h,0,0.0,0
PC float32,noise_snr20db,test,german_shephard-daniel_simon_uid-35by3o,0,0.0,0
PC float32,noise_snr20db,test,hard_shoes_1-daniel_simon_uid-lqfqp3,0,0.0,0
PC float32,noise_snr20db,test,harley_davidson-daniel_simon_uid-3gnkx0,0,1.6287815540749762e-09,0
PC float32,noise_snr20db,test,harley_davidson-daniel_simon_uid-5tbvav,0,4.6216015981700436e-18,0
PC float32,noise_snr20db,test,labrador_barking-daniel_simon_uid-cpx5m6,0,0.0,0
PC float32,noise_snr20db,test,labrador_barking-daniel_simon_uid-cvf4k1,0,0.0,0
PC float32,noise_snr20db,test,labrador_barking-daniel_simon_uid-j0e09a,0,0.0,0
PC float32,noise_snr20db,test,labrador_barking-daniel_simon_uid-mwgdoo,0,0.0,0
PC float32,noise_snr20db,test,labrador_barking-daniel_simon_uid-p1nd4y,0,0.0,0
PC float32,noise_snr20db,test,labrador_barking-daniel_simon_uid-px7218,0,0.0,0
PC float32,noise_snr20db,test,muscle_car-daniel_simon (1)_uid-hvisfn,0,1.375844873292469e-32,0
PC float32,noise_snr20db,test,muscle_car-daniel_simon_uid-jpcsdl,0,9.093316751023222e-28,0
PC float32,noise_snr20db,test,old_car-engine_daniel_simion_uid-2lzarp,0,0.0,0
PC float32,noise_snr20db,test,old_car-engine_daniel_simion_uid-5xyl64,0,0.0,0
PC float32,noise_snr20db,test,old_car-engine_daniel_simion_uid-8mfyeb,0,0.0,0
PC float32,noise_snr20db,test,old_car-engine_daniel_simion_uid-9xmt28,0,0.0,0
PC float32,noise_snr20db,test,old_fashioned-door-bell-daniel_simon_uid-1bqwmt,0,0.0,0
PC float32,noise_snr20db,test,old_fashioned-door-bell-daniel_simon_uid-8q7aiq,0,0.0,0
PC float32,noise_snr20db,test,party_crowd-daniel_simon_uid-8pwj7x,0,0.0,0
PC float32,noise_snr20db,test,party_crowd-daniel_simon_uid-vroqkp,0,0.0,0
PC float32,noise_snr20db,test,railroad_crossing_bell-Brylon_Terry-1551570865 (1)_uid-55is8o,0,0.0,0
PC float32,noise_snr20db,test,railroad_crossing_bell-Brylon_Terry-1551570865 (1)_uid-6mnkqh,0,0.0,0
PC float32,noise_snr20db,test,railroad_crossing_bell-Brylon_Terry-1551570865 (1)_uid-mi9sxj,0,0.0,0
PC float32,noise_snr20db,test,railroad_crossing_bell-Brylon_Terry-1551570865 (1)_uid-n15yft,0,0.0,0
PC float32,noise_snr20db,test,railroad_crossing_bell-Brylon_Terry-1551570865 (1)_uid-vxl8al,0,0.0,0
PC float32,noise_snr20db,test,railroad_crossing_bell-Brylon_Terry-1551570865 (1)_uid-waev1t,0,0.0,0
PC float32,noise_snr20db,test,railroad_crossing_bell-Brylon_Terry-1551570865 (1)_uid-zyz59r,0,0.0,0
PC float32,noise_snr20db,test,railroad_crossing_bell-Brylon_Terry-1551570865_uid-ejhzbl,0,0.0,0
PC float32,noise_snr20db,test,railroad_crossing_bell-Brylon_Terry-1551570865_uid-po2yqk,0,0.0,0
PC float32,noise_snr20db,test,tolling_bell_daniel-simion_uid-kg3lrg,0,0.0,0
PC float32,noise_snr20db,test,tolling_bell_daniel-simion_uid-witt3h,0,0.0,0
PC int8,noise_snr20db,test,0003_0397s_shot_019_ch1,1,0.99609375,1
PC int8,noise_snr20db,test,0005_0580s_shot_006_ch1,1,0.99609375,1
PC int8,noise_snr20db,test,0005_0607s_shot_150_ch1,1,0.99609375,1
PC int8,noise_snr20db,test,0005_0631s_shot_173_ch1,1,0.99609375,1
PC int8,noise_snr20db,test,0005_0632s_shot_176_ch1,1,0.99609375,1
PC int8,noise_snr20db,test,0005_0662s_shot_201_ch1,1,0.99609375,1
PC int8,noise_snr20db,test,0005_0685s_shot_220_ch1,1,0.99609375,1
PC int8,noise_snr20db,test,0005_0700s_shot_037_ch1,1,0.99609375,1
PC int8,noise_snr20db,test,0011_0226s_shot_011_ch1,1,0.99609375,1
PC int8,noise_snr20db,test,0011_0333s_shot_018_ch1,1,0.99609375,1
PC int8,noise_snr20db,test,171236__alukahn__gunshot2_uid-fcn21d,0,0.0,0
PC int8,noise_snr20db,test,371041__morganpurkis__single-gunshot-3_uid-1k053k,0,0.0,0
PC int8,noise_snr20db,test,384687__morganpurkis__single-gunshot-42_uid-u9d6r1,0,0.0,0
PC int8,noise_snr20db,test,384689__dobroide__20170318gunshotparadiso_uid-kwsehz,0,0.0,0
PC int8,noise_snr20db,test,384689__dobroide__20170318gunshotparadiso_uid-pjl13d,0,0.0,0
PC int8,noise_snr20db,test,402008__eardeer__gunshot__high_3_uid-4j4q67,0,0.0,0
PC int8,noise_snr20db,test,402791__acidsnowflake__ak47-and-various-other-gunshots-at-indoor-shooting-range_uid-6aezru,0,0.0,0
PC int8,noise_snr20db,test,402791__acidsnowflake__ak47-and-various-other-gunshots-at-indoor-shooting-range_uid-byjlki,0,0.0,0
PC int8,noise_snr20db,test,402791__acidsnowflake__ak47-and-various-other-gunshots-at-indoor-shooting-range_uid-garl1l,0,0.0,0
PC int8,noise_snr20db,test,402791__acidsnowflake__ak47-and-various-other-gunshots-at-indoor-shooting-range_uid-l3ibfo,0,0.0,0
PC int8,noise_snr20db,test,402791__acidsnowflake__ak47-and-various-other-gunshots-at-indoor-shooting-range_uid-qe3eyz,0,0.0,0
PC int8,noise_snr20db,test,405132__fstagi__gunshots_uid-xcyi0z,0,0.0,0
PC int8,noise_snr20db,test,51470__smcameron__synthetic_gunshot_2_uid-vatpwv,0,0.0,0
PC int8,noise_snr20db,test,518181__bolkmar__fx-gunshot_uid-al1o0i,0,0.0,0
PC int8,noise_snr20db,test,518181__bolkmar__fx-gunshot_uid-es96l9,0,0.0,0
PC int8,noise_snr20db,test,518181__bolkmar__fx-gunshot_uid-j3vsmz,0,0.0,0
PC int8,noise_snr20db,test,519623__nathanchurchyard__gunshots_uid-kvxx3q,0,0.0,0
PC int8,noise_snr20db,test,683312__pnmcarrierailfan__pistol-gunshot-mix-weapons_uid-tmmoay,0,0.0,0
PC int8,noise_snr20db,test,Amusement_Park Ambiance -SoundBible_uid-2t9w3e,0,0.0,0
PC int8,noise_snr20db,test,Amusement_Park Ambiance -SoundBible_uid-jwv6lq,0,0.0,0
PC int8,noise_snr20db,test,Amusement_Park Ambiance -SoundBible_uid-l24o63,0,0.0,0
PC int8,noise_snr20db,test,Background_Noise-SoundBible_uid-m7qaag,0,0.0,0
PC int8,noise_snr20db,test,Background_Noise-SoundBible_uid-mnn2bm,0,0.0,0
PC int8,noise_snr20db,test,Bi_Polar_Uncle-ScanMan-1810098860_uid-b8uks2,0,0.0,0
PC int8,noise_snr20db,test,Bi_Polar_Uncle-ScanMan-1810098860_uid-evaiic,0,0.0,0
PC int8,noise_snr20db,test,Bi_Polar_Uncle-ScanMan-1810098860_uid-l7n0jt,0,0.0,0
PC int8,noise_snr20db,test,Bi_Polar_Uncle-ScanMan-1810098860_uid-omv54z,0,0.0,0
PC int8,noise_snr20db,test,Bi_Polar_Uncle-ScanMan-1810098860_uid-p90ljg,0,0.0,0
PC int8,noise_snr20db,test,Big_door_closed-Clemens_F-941522533_uid-n02it9,0,0.0,0
PC int8,noise_snr20db,test,Cellar_Door Slam Shut-SoundBible_uid-pg4dq8,0,0.0,0
PC int8,noise_snr20db,test,Citty_Traffic Ambiance-SoundBible_uid-87yimc,0,0.0,0
PC int8,noise_snr20db,test,Citty_Traffic Ambiance-SoundBible_uid-8vk0wx,0,0.0,0
PC int8,noise_snr20db,test,Citty_Traffic Ambiance-SoundBible_uid-mxbe2e,0,0.0,0
PC int8,noise_snr20db,test,Citty_Traffic Ambiance-SoundBible_uid-q0srdn,0,0.0,0
PC int8,noise_snr20db,test,City_Ambiance-SoundBible_uid-8yrqh9,0,0.0,0
PC int8,noise_snr20db,test,City_Ambiance-SoundBible_uid-t8xlgr,0,0.0,0
PC int8,noise_snr20db,test,Classroom_Ambiance-SoundBible_uid-q49pv1,0,0.0,0
PC int8,noise_snr20db,test,Classroom_Ambiance-SoundBible_uid-qfbdk0,0,0.0,0
PC int8,noise_snr20db,test,Classroom_Ambiance-SoundBible_uid-uu3ewb,0,0.0,0
PC int8,noise_snr20db,test,Classroom_Ambiance-SoundBible_uid-xdl758,0,0.0,0
PC int8,noise_snr20db,test,Close_Vault_Or_Jail_Door-SoundBible_uid-lasl2n,0,0.0,0
PC int8,noise_snr20db,test,Dog_Barking-SoundBible_uid-3uyzqt,0,0.0,0
PC int8,noise_snr20db,test,Dog_Barking-SoundBible_uid-udwefz,0,0.0,0
PC int8,noise_snr20db,test,Dogs_Barking-SoundBible_uid-0ftva8,0,0.0,0
PC int8,noise_snr20db,test,Dogs_Barking-SoundBible_uid-itlawo,0,0.0,0
PC int8,noise_snr20db,test,Dogs_Barking-SoundBible_uid-k8qbi9,0,0.0,0
PC int8,noise_snr20db,test,End_of_Game-Mike_Koenig-617089079_uid-0scusn,0,0.0,0
PC int8,noise_snr20db,test,Engine_Inside_Car-SoundBible_uid-as3jed,0,0.01171875,0
PC int8,noise_snr20db,test,Fast_Heel_Walk-Kyanna_Johnson-1646343608_uid-8u9yx0,0,0.0,0
PC int8,noise_snr20db,test,Fast_Heel_Walk-Kyanna_Johnson-1646343608_uid-9pwmgu,0,0.0,0
PC int8,noise_snr20db,test,Female_Scream_Horror-NeoPhyTe-138499973_uid-w7fb5j,0,0.0,0
PC int8,noise_snr20db,test,Footsteps_SoundBible_uid-4v6zy1,0,0.0,0
PC int8,noise_snr20db,test,Footsteps_SoundBible_uid-dg95vk,0,0.0,0
PC int8,noise_snr20db,test,Footsteps_SoundBible_uid-hnz36f,0,0.0,0
PC int8,noise_snr20db,test,Frying_Pan_Impact-SoundBible_uid-nbylf3,0,0.0,0
PC int8,noise_snr20db,test,Indian_Bell-SoundBible_uid-t0u6xu,0,0.0,0
PC int8,noise_snr20db,test,Japanese_Temple Bell Small-SoundBible_uid-3fhudh,0,0.0,0
PC int8,noise_snr20db,test,Japanese_Temple Bell Small-SoundBible_uid-8kpqn1,0,0.0,0
PC int8,noise_snr20db,test,Large_Door_Slam-SoundBible_uid-ljg1k3,0,0.0,0
PC int8,noise_snr20db,test,Little_Girl_Talking-Mike_Koenig-782373463_uid-bstw5g,0,0.0,0
PC int8,noise_snr20db,test,Metal_Gong-Dianakc-109711828_uid-hlegwg,0,0.0,0
PC int8,noise_snr20db,test,Motorcycle_Engine-SoundBible_uid-bo8n5y,0,0.0,0
PC int8,noise_snr20db,test,Neighborhood_Dogs Barking-SoundBible_uid-6a1kho,0,0.0,0
PC int8,noise_snr20db,test,Neighborhood_Dogs Barking-SoundBible_uid-7mwktq,0,0.0,0
PC int8,noise_snr20db,test,Neighborhood_Dogs Barking-SoundBible_uid-dwmjp4,0,0.0,0
PC int8,noise_snr20db,test,Neighborhood_Dogs Barking-SoundBible_uid-kc7h7x,0,0.0,0
PC int8,noise_snr20db,test,Neighborhood_Dogs Barking-SoundBible_uid-p7gr4b,0,0.0,0
PC int8,noise_snr20db,test,Neighborhood_Dogs Barking-SoundBible_uid-rq1qkq,0,0.0,0
PC int8,noise_snr20db,test,Obama_Speech Liar-SoundBible_uid-8mnhtv,0,0.0,0
PC int8,noise_snr20db,test,Old_Door_Creaking-SoundBible_uid-e16ryq,0,0.0,0
PC int8,noise_snr20db,test,Old_Door_Creaking-SoundBible_uid-f2vs74,0,0.0,0
PC int8,noise_snr20db,test,Old_Door_Creaking-SoundBible_uid-ozrhlo,0,0.0,0
PC int8,noise_snr20db,test,Old_Door_Creaking-SoundBible_uid-q6uf3u,0,0.0,0
PC int8,noise_snr20db,test,Police Siren 3-SoundBible_uid-nytspf,0,0.0,0
PC int8,noise_snr20db,test,Police_Siren-SoundBible_uid-uyk0z0,0,0.0,0
PC int8,noise_snr20db,test,Psycho_Scream-SoundBible_uid-4qhwlo,0,0.0,0
PC int8,noise_snr20db,test,Psycho_Scream-SoundBible_uid-uococi,0,0.0,0
PC int8,noise_snr20db,test,Puppy_Dog Barking-SoundBible_uid-130qr7,0,0.0,0
PC int8,noise_snr20db,test,Puppy_Dog Barking-SoundBible_uid-zrfwba,0,0.0,0
PC int8,noise_snr20db,test,Race_Car Idle-SoundBible_uid-5il88u,0,0.0,0
PC int8,noise_snr20db,test,Race_Car Idle-SoundBible_uid-bjwy2y,0,0.0,0
PC int8,noise_snr20db,test,Race_Car Idle-SoundBible_uid-i7dn0k,0,0.0,0
PC int8,noise_snr20db,test,Restaurant Walla Track-SoundBible_uid-19b0uq,0,0.0,0
PC int8,noise_snr20db,test,Restaurant Walla Track-SoundBible_uid-e11kg8,0,0.0,0
PC int8,noise_snr20db,test,Restaurant Walla Track-SoundBible_uid-fk59q6,0,0.0,0
PC int8,noise_snr20db,test,School_Fire_Alarm-Cullen_Card-202875844_uid-rfkm7v,0,0.0,0
PC int8,noise_snr20db,test,Shift_Gears-SoundBible_uid-cvmuj8,0,0.0,0
PC int8,noise_snr20db,test,Ship_Bell-Mike_Koenig-1911209136_uid-e2z0y7,0,0.0,0
PC int8,noise_snr20db,test,Ship_Brass_Bell-Mike_Koenig-1458750630_uid-oksrz0,0,0.0,0
PC int8,noise_snr20db,test,Shopping_Mall Ambiance-SoundBible_uid-fa5yaq,0,0.0,0
PC int8,noise_snr20db,test,Sleigh_Bells_Ringing-SoundBible_uid-i52bxo,0,0.0,0
PC int8,noise_snr20db,test,Sleigh_Bells_Ringing-SoundBible_uid-xjtewi,0,0.0,0
PC int8,noise_snr20db,test,Soldiers_Marching-SoundBible_uid-0eax5q,0,0.0,0
PC int8,noise_snr20db,test,Soldiers_Marching-SoundBible_uid-4m3auc,0,0.0,0
PC int8,noise_snr20db,test,Soldiers_Marching-SoundBible_uid-51ygbj,0,0.0,0
PC int8,noise_snr20db,test,Soldiers_Marching-SoundBible_uid-5xkxw1,0,0.0,0
PC int8,noise_snr20db,test,Soldiers_Marching-SoundBible_uid-bqrx9i,0,0.0,0
PC int8,noise_snr20db,test,Sports_Bar Patrons Loud-SoundBible_uid-0qx8ca,0,0.0,0
PC int8,noise_snr20db,test,Steam_Engine-John-1826274710_uid-1hznao,0,0.0,0
PC int8,noise_snr20db,test,Steam_Engine-John-1826274710_uid-9qykmv,0,0.0,0
PC int8,noise_snr20db,test,Steam_Engine-John-1826274710_uid-pe5dcl,0,0.0,0
PC int8,noise_snr20db,test,Swimming_Pool Ambiance-SoundBible_uid-thd1td,0,0.0,0
PC int8,noise_snr20db,test,Temple_Bell Huge-SoundBible_uid-vwd9pv,0,0.0,0
PC int8,noise_snr20db,test,Tornado_Siren_II-Delilah-747233690_uid-9imkus,0,0.0,0
PC int8,noise_snr20db,test,Tornado_Siren_II-Delilah-747233690_uid-k23l64,0,0.0,0
PC int8,noise_snr20db,test,Tornado_Siren_II-Delilah-747233690_uid-yu5cjs,0,0.0,0
PC int8,noise_snr20db,test,Tornado_Siren_SoundBible_uid-6dnh9z,0,0.0,0
PC int8,noise_snr20db,test,Tornado_Siren_SoundBible_uid-g7d17q,0,0.0,0
PC int8,noise_snr20db,test,Walking-SoundBible_uid-62j3do,0,0.0,0
PC int8,noise_snr20db,test,Walking_In_Snow-SoundBible_uid-hoifci,0,0.0,0
PC int8,noise_snr20db,test,Walking_On_Gravel-SoundBible_uid-7duozg,0,0.0,0
PC int8,noise_snr20db,test,Walking_On_Gravel-SoundBible_uid-fi611q,0,0.0,0
PC int8,noise_snr20db,test,Walking_On_Gravel-SoundBible_uid-jhzvu7,0,0.0,0
PC int8,noise_snr20db,test,Winston_Churchill Nazi Speech-SoundBible_uid-2unyd8,0,0.0,0
PC int8,noise_snr20db,test,Winston_Churchill Nazi Speech-SoundBible_uid-761zdn,0,0.0,0
PC int8,noise_snr20db,test,Winston_Churchill Nazi Speech-SoundBible_uid-g4x51s,0,0.0,0
PC int8,noise_snr20db,test,Winston_Churchill Nazi Speech-SoundBible_uid-jp39dv,0,0.0,0
PC int8,noise_snr20db,test,Winston_Churchill Nazi Speech-SoundBible_uid-rwukdv,0,0.0,0
PC int8,noise_snr20db,test,Woman_Screaming 2-SoundBible_uid-c9acqz,0,0.0,0
PC int8,noise_snr20db,test,church_chime-daniel_simon (1)_uid-zsrdac,0,0.0,0
PC int8,noise_snr20db,test,church_chime-daniel_simon_uid-bbyw01,0,0.0,0
PC int8,noise_snr20db,test,church_chime-daniel_simon_uid-sxzijw,0,0.0,0
PC int8,noise_snr20db,test,doberman_pincher_daniel-simion_uid-348sts,0,0.0,0
PC int8,noise_snr20db,test,doberman_pincher_daniel-simion_uid-4gutjw,0,0.0,0
PC int8,noise_snr20db,test,doberman_pincher_daniel-simion_uid-db2xc6,0,0.0,0
PC int8,noise_snr20db,test,doberman_pincher_daniel-simion_uid-m6nbjk,0,0.0,0
PC int8,noise_snr20db,test,german_shephard-daniel_simon (1)_uid-x57o4h,0,0.0,0
PC int8,noise_snr20db,test,german_shephard-daniel_simon_uid-35by3o,0,0.0,0
PC int8,noise_snr20db,test,hard_shoes_1-daniel_simon_uid-lqfqp3,0,0.0,0
PC int8,noise_snr20db,test,harley_davidson-daniel_simon_uid-3gnkx0,0,0.0,0
PC int8,noise_snr20db,test,harley_davidson-daniel_simon_uid-5tbvav,0,0.0,0
PC int8,noise_snr20db,test,labrador_barking-daniel_simon_uid-cpx5m6,0,0.0,0
PC int8,noise_snr20db,test,labrador_barking-daniel_simon_uid-cvf4k1,0,0.0,0
PC int8,noise_snr20db,test,labrador_barking-daniel_simon_uid-j0e09a,0,0.0,0
PC int8,noise_snr20db,test,labrador_barking-daniel_simon_uid-mwgdoo,0,0.0,0
PC int8,noise_snr20db,test,labrador_barking-daniel_simon_uid-p1nd4y,0,0.0,0
PC int8,noise_snr20db,test,labrador_barking-daniel_simon_uid-px7218,0,0.0,0
PC int8,noise_snr20db,test,muscle_car-daniel_simon (1)_uid-hvisfn,0,0.0,0
PC int8,noise_snr20db,test,muscle_car-daniel_simon_uid-jpcsdl,0,0.0,0
PC int8,noise_snr20db,test,old_car-engine_daniel_simion_uid-2lzarp,0,0.0,0
PC int8,noise_snr20db,test,old_car-engine_daniel_simion_uid-5xyl64,0,0.0,0
PC int8,noise_snr20db,test,old_car-engine_daniel_simion_uid-8mfyeb,0,0.0,0
PC int8,noise_snr20db,test,old_car-engine_daniel_simion_uid-9xmt28,0,0.0,0
PC int8,noise_snr20db,test,old_fashioned-door-bell-daniel_simon_uid-1bqwmt,0,0.0,0
PC int8,noise_snr20db,test,old_fashioned-door-bell-daniel_simon_uid-8q7aiq,0,0.0,0
PC int8,noise_snr20db,test,party_crowd-daniel_simon_uid-8pwj7x,0,0.0,0
PC int8,noise_snr20db,test,party_crowd-daniel_simon_uid-vroqkp,0,0.0,0
PC int8,noise_snr20db,test,railroad_crossing_bell-Brylon_Terry-1551570865 (1)_uid-55is8o,0,0.0,0
PC int8,noise_snr20db,test,railroad_crossing_bell-Brylon_Terry-1551570865 (1)_uid-6mnkqh,0,0.0,0
PC int8,noise_snr20db,test,railroad_crossing_bell-Brylon_Terry-1551570865 (1)_uid-mi9sxj,0,0.0,0
PC int8,noise_snr20db,test,railroad_crossing_bell-Brylon_Terry-1551570865 (1)_uid-n15yft,0,0.0,0
PC int8,noise_snr20db,test,railroad_crossing_bell-Brylon_Terry-1551570865 (1)_uid-vxl8al,0,0.0,0
PC int8,noise_snr20db,test,railroad_crossing_bell-Brylon_Terry-1551570865 (1)_uid-waev1t,0,0.0,0
PC int8,noise_snr20db,test,railroad_crossing_bell-Brylon_Terry-1551570865 (1)_uid-zyz59r,0,0.0,0
PC int8,noise_snr20db,test,railroad_crossing_bell-Brylon_Terry-1551570865_uid-ejhzbl,0,0.0,0
PC int8,noise_snr20db,test,railroad_crossing_bell-Brylon_Terry-1551570865_uid-po2yqk,0,0.0,0
PC int8,noise_snr20db,test,tolling_bell_daniel-simion_uid-kg3lrg,0,0.0,0
PC int8,noise_snr20db,test,tolling_bell_daniel-simion_uid-witt3h,0,0.0,0
PC float32,noise_snr10db,test,0003_0397s_shot_019_ch1,1,1.0,1
PC float32,noise_snr10db,test,0005_0580s_shot_006_ch1,1,1.0,1
PC float32,noise_snr10db,test,0005_0607s_shot_150_ch1,1,1.0,1
PC float32,noise_snr10db,test,0005_0631s_shot_173_ch1,1,1.0,1
PC float32,noise_snr10db,test,0005_0632s_shot_176_ch1,1,1.0,1
PC float32,noise_snr10db,test,0005_0662s_shot_201_ch1,1,1.0,1
PC float32,noise_snr10db,test,0005_0685s_shot_220_ch1,1,1.0,1
PC float32,noise_snr10db,test,0005_0700s_shot_037_ch1,1,1.0,1
PC float32,noise_snr10db,test,0011_0226s_shot_011_ch1,1,0.9972466230392456,1
PC float32,noise_snr10db,test,0011_0333s_shot_018_ch1,1,1.0,1
PC float32,noise_snr10db,test,171236__alukahn__gunshot2_uid-fcn21d,0,0.0,0
PC float32,noise_snr10db,test,371041__morganpurkis__single-gunshot-3_uid-1k053k,0,3.053124701162282e-22,0
PC float32,noise_snr10db,test,384687__morganpurkis__single-gunshot-42_uid-u9d6r1,0,5.455061906455134e-24,0
PC float32,noise_snr10db,test,384689__dobroide__20170318gunshotparadiso_uid-kwsehz,0,0.0,0
PC float32,noise_snr10db,test,384689__dobroide__20170318gunshotparadiso_uid-pjl13d,0,0.0,0
PC float32,noise_snr10db,test,402008__eardeer__gunshot__high_3_uid-4j4q67,0,0.0,0
PC float32,noise_snr10db,test,402791__acidsnowflake__ak47-and-various-other-gunshots-at-indoor-shooting-range_uid-6aezru,0,0.0,0
PC float32,noise_snr10db,test,402791__acidsnowflake__ak47-and-various-other-gunshots-at-indoor-shooting-range_uid-byjlki,0,0.0,0
PC float32,noise_snr10db,test,402791__acidsnowflake__ak47-and-various-other-gunshots-at-indoor-shooting-range_uid-garl1l,0,0.0,0
PC float32,noise_snr10db,test,402791__acidsnowflake__ak47-and-various-other-gunshots-at-indoor-shooting-range_uid-l3ibfo,0,0.0,0
PC float32,noise_snr10db,test,402791__acidsnowflake__ak47-and-various-other-gunshots-at-indoor-shooting-range_uid-qe3eyz,0,0.0,0
PC float32,noise_snr10db,test,405132__fstagi__gunshots_uid-xcyi0z,0,6.728115302348109e-32,0
PC float32,noise_snr10db,test,51470__smcameron__synthetic_gunshot_2_uid-vatpwv,0,2.4662270584562516e-14,0
PC float32,noise_snr10db,test,518181__bolkmar__fx-gunshot_uid-al1o0i,0,0.0,0
PC float32,noise_snr10db,test,518181__bolkmar__fx-gunshot_uid-es96l9,0,5.956712987448265e-12,0
PC float32,noise_snr10db,test,518181__bolkmar__fx-gunshot_uid-j3vsmz,0,0.0,0
PC float32,noise_snr10db,test,519623__nathanchurchyard__gunshots_uid-kvxx3q,0,1.7889194009909856e-30,0
PC float32,noise_snr10db,test,683312__pnmcarrierailfan__pistol-gunshot-mix-weapons_uid-tmmoay,0,2.2236957408251742e-32,0
PC float32,noise_snr10db,test,Amusement_Park Ambiance -SoundBible_uid-2t9w3e,0,0.0,0
PC float32,noise_snr10db,test,Amusement_Park Ambiance -SoundBible_uid-jwv6lq,0,2.1546644530374713e-31,0
PC float32,noise_snr10db,test,Amusement_Park Ambiance -SoundBible_uid-l24o63,0,8.198040226454329e-19,0
PC float32,noise_snr10db,test,Background_Noise-SoundBible_uid-m7qaag,0,6.121477724718716e-08,0
PC float32,noise_snr10db,test,Background_Noise-SoundBible_uid-mnn2bm,0,1.2946295945004405e-11,0
PC float32,noise_snr10db,test,Bi_Polar_Uncle-ScanMan-1810098860_uid-b8uks2,0,0.0,0
PC float32,noise_snr10db,test,Bi_Polar_Uncle-ScanMan-1810098860_uid-evaiic,0,0.0,0
PC float32,noise_snr10db,test,Bi_Polar_Uncle-ScanMan-1810098860_uid-l7n0jt,0,0.0,0
PC float32,noise_snr10db,test,Bi_Polar_Uncle-ScanMan-1810098860_uid-omv54z,0,0.0,0
PC float32,noise_snr10db,test,Bi_Polar_Uncle-ScanMan-1810098860_uid-p90ljg,0,0.0,0
PC float32,noise_snr10db,test,Big_door_closed-Clemens_F-941522533_uid-n02it9,0,0.0,0
PC float32,noise_snr10db,test,Cellar_Door Slam Shut-SoundBible_uid-pg4dq8,0,0.0,0
PC float32,noise_snr10db,test,Citty_Traffic Ambiance-SoundBible_uid-87yimc,0,0.0,0
PC float32,noise_snr10db,test,Citty_Traffic Ambiance-SoundBible_uid-8vk0wx,0,0.0,0
PC float32,noise_snr10db,test,Citty_Traffic Ambiance-SoundBible_uid-mxbe2e,0,0.0,0
PC float32,noise_snr10db,test,Citty_Traffic Ambiance-SoundBible_uid-q0srdn,0,0.0,0
PC float32,noise_snr10db,test,City_Ambiance-SoundBible_uid-8yrqh9,0,0.0,0
PC float32,noise_snr10db,test,City_Ambiance-SoundBible_uid-t8xlgr,0,0.0,0
PC float32,noise_snr10db,test,Classroom_Ambiance-SoundBible_uid-q49pv1,0,0.0001659818080952391,0
PC float32,noise_snr10db,test,Classroom_Ambiance-SoundBible_uid-qfbdk0,0,5.686391887138598e-05,0
PC float32,noise_snr10db,test,Classroom_Ambiance-SoundBible_uid-uu3ewb,0,0.0038169065956026316,0
PC float32,noise_snr10db,test,Classroom_Ambiance-SoundBible_uid-xdl758,0,9.328744636150077e-05,0
PC float32,noise_snr10db,test,Close_Vault_Or_Jail_Door-SoundBible_uid-lasl2n,0,2.857826189028856e-07,0
PC float32,noise_snr10db,test,Dog_Barking-SoundBible_uid-3uyzqt,0,0.0,0
PC float32,noise_snr10db,test,Dog_Barking-SoundBible_uid-udwefz,0,0.0,0
PC float32,noise_snr10db,test,Dogs_Barking-SoundBible_uid-0ftva8,0,0.0,0
PC float32,noise_snr10db,test,Dogs_Barking-SoundBible_uid-itlawo,0,0.0,0
PC float32,noise_snr10db,test,Dogs_Barking-SoundBible_uid-k8qbi9,0,0.0,0
PC float32,noise_snr10db,test,End_of_Game-Mike_Koenig-617089079_uid-0scusn,0,0.0,0
PC float32,noise_snr10db,test,Engine_Inside_Car-SoundBible_uid-as3jed,0,0.000632391544058919,0
PC float32,noise_snr10db,test,Fast_Heel_Walk-Kyanna_Johnson-1646343608_uid-8u9yx0,0,0.0,0
PC float32,noise_snr10db,test,Fast_Heel_Walk-Kyanna_Johnson-1646343608_uid-9pwmgu,0,0.0,0
PC float32,noise_snr10db,test,Female_Scream_Horror-NeoPhyTe-138499973_uid-w7fb5j,0,0.0,0
PC float32,noise_snr10db,test,Footsteps_SoundBible_uid-4v6zy1,0,0.0,0
PC float32,noise_snr10db,test,Footsteps_SoundBible_uid-dg95vk,0,0.0,0
PC float32,noise_snr10db,test,Footsteps_SoundBible_uid-hnz36f,0,6.004250644852521e-14,0
PC float32,noise_snr10db,test,Frying_Pan_Impact-SoundBible_uid-nbylf3,0,0.0,0
PC float32,noise_snr10db,test,Indian_Bell-SoundBible_uid-t0u6xu,0,0.0,0
PC float32,noise_snr10db,test,Japanese_Temple Bell Small-SoundBible_uid-3fhudh,0,0.0,0
PC float32,noise_snr10db,test,Japanese_Temple Bell Small-SoundBible_uid-8kpqn1,0,0.0,0
PC float32,noise_snr10db,test,Large_Door_Slam-SoundBible_uid-ljg1k3,0,3.41670920533943e-06,0
PC float32,noise_snr10db,test,Little_Girl_Talking-Mike_Koenig-782373463_uid-bstw5g,0,0.0,0
PC float32,noise_snr10db,test,Metal_Gong-Dianakc-109711828_uid-hlegwg,0,1.4142261761662667e-07,0
PC float32,noise_snr10db,test,Motorcycle_Engine-SoundBible_uid-bo8n5y,0,1.6601082730716143e-09,0
PC float32,noise_snr10db,test,Neighborhood_Dogs Barking-SoundBible_uid-6a1kho,0,0.0,0
PC float32,noise_snr10db,test,Neighborhood_Dogs Barking-SoundBible_uid-7mwktq,0,0.0,0
PC float32,noise_snr10db,test,Neighborhood_Dogs Barking-SoundBible_uid-dwmjp4,0,0.0,0
PC float32,noise_snr10db,test,Neighborhood_Dogs Barking-SoundBible_uid-kc7h7x,0,0.0,0
PC float32,noise_snr10db,test,Neighborhood_Dogs Barking-SoundBible_uid-p7gr4b,0,0.0,0
PC float32,noise_snr10db,test,Neighborhood_Dogs Barking-SoundBible_uid-rq1qkq,0,0.0,0
PC float32,noise_snr10db,test,Obama_Speech Liar-SoundBible_uid-8mnhtv,0,0.0,0
PC float32,noise_snr10db,test,Old_Door_Creaking-SoundBible_uid-e16ryq,0,0.0,0
PC float32,noise_snr10db,test,Old_Door_Creaking-SoundBible_uid-f2vs74,0,5.437836866903902e-32,0
PC float32,noise_snr10db,test,Old_Door_Creaking-SoundBible_uid-ozrhlo,0,1.1380882172186695e-28,0
PC float32,noise_snr10db,test,Old_Door_Creaking-SoundBible_uid-q6uf3u,0,3.9376029463708604e-36,0
PC float32,noise_snr10db,test,Police Siren 3-SoundBible_uid-nytspf,0,0.0,0
PC float32,noise_snr10db,test,Police_Siren-SoundBible_uid-uyk0z0,0,0.0,0
PC float32,noise_snr10db,test,Psycho_Scream-SoundBible_uid-4qhwlo,0,0.0,0
PC float32,noise_snr10db,test,Psycho_Scream-SoundBible_uid-uococi,0,0.0,0
PC float32,noise_snr10db,test,Puppy_Dog Barking-SoundBible_uid-130qr7,0,0.0,0
PC float32,noise_snr10db,test,Puppy_Dog Barking-SoundBible_uid-zrfwba,0,0.0,0
PC float32,noise_snr10db,test,Race_Car Idle-SoundBible_uid-5il88u,0,0.0,0
PC float32,noise_snr10db,test,Race_Car Idle-SoundBible_uid-bjwy2y,0,0.0,0
PC float32,noise_snr10db,test,Race_Car Idle-SoundBible_uid-i7dn0k,0,0.0,0
PC float32,noise_snr10db,test,Restaurant Walla Track-SoundBible_uid-19b0uq,0,0.0,0
PC float32,noise_snr10db,test,Restaurant Walla Track-SoundBible_uid-e11kg8,0,0.0,0
PC float32,noise_snr10db,test,Restaurant Walla Track-SoundBible_uid-fk59q6,0,0.0,0
PC float32,noise_snr10db,test,School_Fire_Alarm-Cullen_Card-202875844_uid-rfkm7v,0,0.0,0
PC float32,noise_snr10db,test,Shift_Gears-SoundBible_uid-cvmuj8,0,0.0,0
PC float32,noise_snr10db,test,Ship_Bell-Mike_Koenig-1911209136_uid-e2z0y7,0,0.0,0
PC float32,noise_snr10db,test,Ship_Brass_Bell-Mike_Koenig-1458750630_uid-oksrz0,0,0.0,0
PC float32,noise_snr10db,test,Shopping_Mall Ambiance-SoundBible_uid-fa5yaq,0,0.0,0
PC float32,noise_snr10db,test,Sleigh_Bells_Ringing-SoundBible_uid-i52bxo,0,0.0,0
PC float32,noise_snr10db,test,Sleigh_Bells_Ringing-SoundBible_uid-xjtewi,0,0.0,0
PC float32,noise_snr10db,test,Soldiers_Marching-SoundBible_uid-0eax5q,0,0.0,0
PC float32,noise_snr10db,test,Soldiers_Marching-SoundBible_uid-4m3auc,0,0.0,0
PC float32,noise_snr10db,test,Soldiers_Marching-SoundBible_uid-51ygbj,0,0.0,0
PC float32,noise_snr10db,test,Soldiers_Marching-SoundBible_uid-5xkxw1,0,0.0,0
PC float32,noise_snr10db,test,Soldiers_Marching-SoundBible_uid-bqrx9i,0,0.0,0
PC float32,noise_snr10db,test,Sports_Bar Patrons Loud-SoundBible_uid-0qx8ca,0,0.0,0
PC float32,noise_snr10db,test,Steam_Engine-John-1826274710_uid-1hznao,0,2.319268936387071e-29,0
PC float32,noise_snr10db,test,Steam_Engine-John-1826274710_uid-9qykmv,0,0.0,0
PC float32,noise_snr10db,test,Steam_Engine-John-1826274710_uid-pe5dcl,0,0.0,0
PC float32,noise_snr10db,test,Swimming_Pool Ambiance-SoundBible_uid-thd1td,0,0.0,0
PC float32,noise_snr10db,test,Temple_Bell Huge-SoundBible_uid-vwd9pv,0,4.714512868986276e-08,0
PC float32,noise_snr10db,test,Tornado_Siren_II-Delilah-747233690_uid-9imkus,0,0.0,0
PC float32,noise_snr10db,test,Tornado_Siren_II-Delilah-747233690_uid-k23l64,0,0.0,0
PC float32,noise_snr10db,test,Tornado_Siren_II-Delilah-747233690_uid-yu5cjs,0,0.0,0
PC float32,noise_snr10db,test,Tornado_Siren_SoundBible_uid-6dnh9z,0,0.0,0
PC float32,noise_snr10db,test,Tornado_Siren_SoundBible_uid-g7d17q,0,0.0,0
PC float32,noise_snr10db,test,Walking-SoundBible_uid-62j3do,0,0.0,0
PC float32,noise_snr10db,test,Walking_In_Snow-SoundBible_uid-hoifci,0,3.332978552322948e-20,0
PC float32,noise_snr10db,test,Walking_On_Gravel-SoundBible_uid-7duozg,0,1.2195767937771313e-18,0
PC float32,noise_snr10db,test,Walking_On_Gravel-SoundBible_uid-fi611q,0,1.4145597883810853e-20,0
PC float32,noise_snr10db,test,Walking_On_Gravel-SoundBible_uid-jhzvu7,0,0.0,0
PC float32,noise_snr10db,test,Winston_Churchill Nazi Speech-SoundBible_uid-2unyd8,0,5.61175804993776e-17,0
PC float32,noise_snr10db,test,Winston_Churchill Nazi Speech-SoundBible_uid-761zdn,0,6.783530791885239e-22,0
PC float32,noise_snr10db,test,Winston_Churchill Nazi Speech-SoundBible_uid-g4x51s,0,0.0,0
PC float32,noise_snr10db,test,Winston_Churchill Nazi Speech-SoundBible_uid-jp39dv,0,5.128815932462031e-33,0
PC float32,noise_snr10db,test,Winston_Churchill Nazi Speech-SoundBible_uid-rwukdv,0,2.6716029388751394e-09,0
PC float32,noise_snr10db,test,Woman_Screaming 2-SoundBible_uid-c9acqz,0,0.0,0
PC float32,noise_snr10db,test,church_chime-daniel_simon (1)_uid-zsrdac,0,0.0,0
PC float32,noise_snr10db,test,church_chime-daniel_simon_uid-bbyw01,0,0.0,0
PC float32,noise_snr10db,test,church_chime-daniel_simon_uid-sxzijw,0,0.0,0
PC float32,noise_snr10db,test,doberman_pincher_daniel-simion_uid-348sts,0,0.0,0
PC float32,noise_snr10db,test,doberman_pincher_daniel-simion_uid-4gutjw,0,0.0,0
PC float32,noise_snr10db,test,doberman_pincher_daniel-simion_uid-db2xc6,0,0.0,0
PC float32,noise_snr10db,test,doberman_pincher_daniel-simion_uid-m6nbjk,0,0.0,0
PC float32,noise_snr10db,test,german_shephard-daniel_simon (1)_uid-x57o4h,0,0.0,0
PC float32,noise_snr10db,test,german_shephard-daniel_simon_uid-35by3o,0,0.0,0
PC float32,noise_snr10db,test,hard_shoes_1-daniel_simon_uid-lqfqp3,0,0.0,0
PC float32,noise_snr10db,test,harley_davidson-daniel_simon_uid-3gnkx0,0,3.7052219070687897e-09,0
PC float32,noise_snr10db,test,harley_davidson-daniel_simon_uid-5tbvav,0,4.314664538195359e-14,0
PC float32,noise_snr10db,test,labrador_barking-daniel_simon_uid-cpx5m6,0,0.0,0
PC float32,noise_snr10db,test,labrador_barking-daniel_simon_uid-cvf4k1,0,0.0,0
PC float32,noise_snr10db,test,labrador_barking-daniel_simon_uid-j0e09a,0,0.0,0
PC float32,noise_snr10db,test,labrador_barking-daniel_simon_uid-mwgdoo,0,0.0,0
PC float32,noise_snr10db,test,labrador_barking-daniel_simon_uid-p1nd4y,0,0.0,0
PC float32,noise_snr10db,test,labrador_barking-daniel_simon_uid-px7218,0,0.0,0
PC float32,noise_snr10db,test,muscle_car-daniel_simon (1)_uid-hvisfn,0,2.8727387103925613e-18,0
PC float32,noise_snr10db,test,muscle_car-daniel_simon_uid-jpcsdl,0,2.424476823066753e-24,0
PC float32,noise_snr10db,test,old_car-engine_daniel_simion_uid-2lzarp,0,0.0,0
PC float32,noise_snr10db,test,old_car-engine_daniel_simion_uid-5xyl64,0,0.0,0
PC float32,noise_snr10db,test,old_car-engine_daniel_simion_uid-8mfyeb,0,0.0,0
PC float32,noise_snr10db,test,old_car-engine_daniel_simion_uid-9xmt28,0,0.0,0
PC float32,noise_snr10db,test,old_fashioned-door-bell-daniel_simon_uid-1bqwmt,0,0.0,0
PC float32,noise_snr10db,test,old_fashioned-door-bell-daniel_simon_uid-8q7aiq,0,0.0,0
PC float32,noise_snr10db,test,party_crowd-daniel_simon_uid-8pwj7x,0,0.0,0
PC float32,noise_snr10db,test,party_crowd-daniel_simon_uid-vroqkp,0,0.0,0
PC float32,noise_snr10db,test,railroad_crossing_bell-Brylon_Terry-1551570865 (1)_uid-55is8o,0,0.0,0
PC float32,noise_snr10db,test,railroad_crossing_bell-Brylon_Terry-1551570865 (1)_uid-6mnkqh,0,0.0,0
PC float32,noise_snr10db,test,railroad_crossing_bell-Brylon_Terry-1551570865 (1)_uid-mi9sxj,0,0.0,0
PC float32,noise_snr10db,test,railroad_crossing_bell-Brylon_Terry-1551570865 (1)_uid-n15yft,0,0.0,0
PC float32,noise_snr10db,test,railroad_crossing_bell-Brylon_Terry-1551570865 (1)_uid-vxl8al,0,0.0,0
PC float32,noise_snr10db,test,railroad_crossing_bell-Brylon_Terry-1551570865 (1)_uid-waev1t,0,0.0,0
PC float32,noise_snr10db,test,railroad_crossing_bell-Brylon_Terry-1551570865 (1)_uid-zyz59r,0,0.0,0
PC float32,noise_snr10db,test,railroad_crossing_bell-Brylon_Terry-1551570865_uid-ejhzbl,0,0.0,0
PC float32,noise_snr10db,test,railroad_crossing_bell-Brylon_Terry-1551570865_uid-po2yqk,0,0.0,0
PC float32,noise_snr10db,test,tolling_bell_daniel-simion_uid-kg3lrg,0,0.0,0
PC float32,noise_snr10db,test,tolling_bell_daniel-simion_uid-witt3h,0,0.0,0
PC int8,noise_snr10db,test,0003_0397s_shot_019_ch1,1,0.99609375,1
PC int8,noise_snr10db,test,0005_0580s_shot_006_ch1,1,0.99609375,1
PC int8,noise_snr10db,test,0005_0607s_shot_150_ch1,1,0.99609375,1
PC int8,noise_snr10db,test,0005_0631s_shot_173_ch1,1,0.99609375,1
PC int8,noise_snr10db,test,0005_0632s_shot_176_ch1,1,0.99609375,1
PC int8,noise_snr10db,test,0005_0662s_shot_201_ch1,1,0.99609375,1
PC int8,noise_snr10db,test,0005_0685s_shot_220_ch1,1,0.99609375,1
PC int8,noise_snr10db,test,0005_0700s_shot_037_ch1,1,0.99609375,1
PC int8,noise_snr10db,test,0011_0226s_shot_011_ch1,1,0.98828125,1
PC int8,noise_snr10db,test,0011_0333s_shot_018_ch1,1,0.99609375,1
PC int8,noise_snr10db,test,171236__alukahn__gunshot2_uid-fcn21d,0,0.0,0
PC int8,noise_snr10db,test,371041__morganpurkis__single-gunshot-3_uid-1k053k,0,0.0,0
PC int8,noise_snr10db,test,384687__morganpurkis__single-gunshot-42_uid-u9d6r1,0,0.0,0
PC int8,noise_snr10db,test,384689__dobroide__20170318gunshotparadiso_uid-kwsehz,0,0.0,0
PC int8,noise_snr10db,test,384689__dobroide__20170318gunshotparadiso_uid-pjl13d,0,0.0,0
PC int8,noise_snr10db,test,402008__eardeer__gunshot__high_3_uid-4j4q67,0,0.0,0
PC int8,noise_snr10db,test,402791__acidsnowflake__ak47-and-various-other-gunshots-at-indoor-shooting-range_uid-6aezru,0,0.0,0
PC int8,noise_snr10db,test,402791__acidsnowflake__ak47-and-various-other-gunshots-at-indoor-shooting-range_uid-byjlki,0,0.0,0
PC int8,noise_snr10db,test,402791__acidsnowflake__ak47-and-various-other-gunshots-at-indoor-shooting-range_uid-garl1l,0,0.0,0
PC int8,noise_snr10db,test,402791__acidsnowflake__ak47-and-various-other-gunshots-at-indoor-shooting-range_uid-l3ibfo,0,0.0,0
PC int8,noise_snr10db,test,402791__acidsnowflake__ak47-and-various-other-gunshots-at-indoor-shooting-range_uid-qe3eyz,0,0.0,0
PC int8,noise_snr10db,test,405132__fstagi__gunshots_uid-xcyi0z,0,0.0,0
PC int8,noise_snr10db,test,51470__smcameron__synthetic_gunshot_2_uid-vatpwv,0,0.0,0
PC int8,noise_snr10db,test,518181__bolkmar__fx-gunshot_uid-al1o0i,0,0.0,0
PC int8,noise_snr10db,test,518181__bolkmar__fx-gunshot_uid-es96l9,0,0.0,0
PC int8,noise_snr10db,test,518181__bolkmar__fx-gunshot_uid-j3vsmz,0,0.0,0
PC int8,noise_snr10db,test,519623__nathanchurchyard__gunshots_uid-kvxx3q,0,0.0,0
PC int8,noise_snr10db,test,683312__pnmcarrierailfan__pistol-gunshot-mix-weapons_uid-tmmoay,0,0.0,0
PC int8,noise_snr10db,test,Amusement_Park Ambiance -SoundBible_uid-2t9w3e,0,0.0,0
PC int8,noise_snr10db,test,Amusement_Park Ambiance -SoundBible_uid-jwv6lq,0,0.0,0
PC int8,noise_snr10db,test,Amusement_Park Ambiance -SoundBible_uid-l24o63,0,0.0,0
PC int8,noise_snr10db,test,Background_Noise-SoundBible_uid-m7qaag,0,0.0,0
PC int8,noise_snr10db,test,Background_Noise-SoundBible_uid-mnn2bm,0,0.0,0
PC int8,noise_snr10db,test,Bi_Polar_Uncle-ScanMan-1810098860_uid-b8uks2,0,0.0,0
PC int8,noise_snr10db,test,Bi_Polar_Uncle-ScanMan-1810098860_uid-evaiic,0,0.0,0
PC int8,noise_snr10db,test,Bi_Polar_Uncle-ScanMan-1810098860_uid-l7n0jt,0,0.0,0
PC int8,noise_snr10db,test,Bi_Polar_Uncle-ScanMan-1810098860_uid-omv54z,0,0.0,0
PC int8,noise_snr10db,test,Bi_Polar_Uncle-ScanMan-1810098860_uid-p90ljg,0,0.0,0
PC int8,noise_snr10db,test,Big_door_closed-Clemens_F-941522533_uid-n02it9,0,0.0,0
PC int8,noise_snr10db,test,Cellar_Door Slam Shut-SoundBible_uid-pg4dq8,0,0.0,0
PC int8,noise_snr10db,test,Citty_Traffic Ambiance-SoundBible_uid-87yimc,0,0.0,0
PC int8,noise_snr10db,test,Citty_Traffic Ambiance-SoundBible_uid-8vk0wx,0,0.0,0
PC int8,noise_snr10db,test,Citty_Traffic Ambiance-SoundBible_uid-mxbe2e,0,0.0,0
PC int8,noise_snr10db,test,Citty_Traffic Ambiance-SoundBible_uid-q0srdn,0,0.0,0
PC int8,noise_snr10db,test,City_Ambiance-SoundBible_uid-8yrqh9,0,0.0,0
PC int8,noise_snr10db,test,City_Ambiance-SoundBible_uid-t8xlgr,0,0.0,0
PC int8,noise_snr10db,test,Classroom_Ambiance-SoundBible_uid-q49pv1,0,0.0,0
PC int8,noise_snr10db,test,Classroom_Ambiance-SoundBible_uid-qfbdk0,0,0.0,0
PC int8,noise_snr10db,test,Classroom_Ambiance-SoundBible_uid-uu3ewb,0,0.01171875,0
PC int8,noise_snr10db,test,Classroom_Ambiance-SoundBible_uid-xdl758,0,0.0,0
PC int8,noise_snr10db,test,Close_Vault_Or_Jail_Door-SoundBible_uid-lasl2n,0,0.0,0
PC int8,noise_snr10db,test,Dog_Barking-SoundBible_uid-3uyzqt,0,0.0,0
PC int8,noise_snr10db,test,Dog_Barking-SoundBible_uid-udwefz,0,0.0,0
PC int8,noise_snr10db,test,Dogs_Barking-SoundBible_uid-0ftva8,0,0.0,0
PC int8,noise_snr10db,test,Dogs_Barking-SoundBible_uid-itlawo,0,0.0,0
PC int8,noise_snr10db,test,Dogs_Barking-SoundBible_uid-k8qbi9,0,0.0,0
PC int8,noise_snr10db,test,End_of_Game-Mike_Koenig-617089079_uid-0scusn,0,0.0,0
PC int8,noise_snr10db,test,Engine_Inside_Car-SoundBible_uid-as3jed,0,0.0,0
PC int8,noise_snr10db,test,Fast_Heel_Walk-Kyanna_Johnson-1646343608_uid-8u9yx0,0,0.0,0
PC int8,noise_snr10db,test,Fast_Heel_Walk-Kyanna_Johnson-1646343608_uid-9pwmgu,0,0.0,0
PC int8,noise_snr10db,test,Female_Scream_Horror-NeoPhyTe-138499973_uid-w7fb5j,0,0.0,0
PC int8,noise_snr10db,test,Footsteps_SoundBible_uid-4v6zy1,0,0.0,0
PC int8,noise_snr10db,test,Footsteps_SoundBible_uid-dg95vk,0,0.0,0
PC int8,noise_snr10db,test,Footsteps_SoundBible_uid-hnz36f,0,0.0,0
PC int8,noise_snr10db,test,Frying_Pan_Impact-SoundBible_uid-nbylf3,0,0.0,0
PC int8,noise_snr10db,test,Indian_Bell-SoundBible_uid-t0u6xu,0,0.0,0
PC int8,noise_snr10db,test,Japanese_Temple Bell Small-SoundBible_uid-3fhudh,0,0.0,0
PC int8,noise_snr10db,test,Japanese_Temple Bell Small-SoundBible_uid-8kpqn1,0,0.0,0
PC int8,noise_snr10db,test,Large_Door_Slam-SoundBible_uid-ljg1k3,0,0.0,0
PC int8,noise_snr10db,test,Little_Girl_Talking-Mike_Koenig-782373463_uid-bstw5g,0,0.0,0
PC int8,noise_snr10db,test,Metal_Gong-Dianakc-109711828_uid-hlegwg,0,0.0,0
PC int8,noise_snr10db,test,Motorcycle_Engine-SoundBible_uid-bo8n5y,0,0.0,0
PC int8,noise_snr10db,test,Neighborhood_Dogs Barking-SoundBible_uid-6a1kho,0,0.0,0
PC int8,noise_snr10db,test,Neighborhood_Dogs Barking-SoundBible_uid-7mwktq,0,0.0,0
PC int8,noise_snr10db,test,Neighborhood_Dogs Barking-SoundBible_uid-dwmjp4,0,0.0,0
PC int8,noise_snr10db,test,Neighborhood_Dogs Barking-SoundBible_uid-kc7h7x,0,0.0,0
PC int8,noise_snr10db,test,Neighborhood_Dogs Barking-SoundBible_uid-p7gr4b,0,0.0,0
PC int8,noise_snr10db,test,Neighborhood_Dogs Barking-SoundBible_uid-rq1qkq,0,0.0,0
PC int8,noise_snr10db,test,Obama_Speech Liar-SoundBible_uid-8mnhtv,0,0.0,0
PC int8,noise_snr10db,test,Old_Door_Creaking-SoundBible_uid-e16ryq,0,0.0,0
PC int8,noise_snr10db,test,Old_Door_Creaking-SoundBible_uid-f2vs74,0,0.0,0
PC int8,noise_snr10db,test,Old_Door_Creaking-SoundBible_uid-ozrhlo,0,0.0,0
PC int8,noise_snr10db,test,Old_Door_Creaking-SoundBible_uid-q6uf3u,0,0.0,0
PC int8,noise_snr10db,test,Police Siren 3-SoundBible_uid-nytspf,0,0.0,0
PC int8,noise_snr10db,test,Police_Siren-SoundBible_uid-uyk0z0,0,0.0,0
PC int8,noise_snr10db,test,Psycho_Scream-SoundBible_uid-4qhwlo,0,0.0,0
PC int8,noise_snr10db,test,Psycho_Scream-SoundBible_uid-uococi,0,0.0,0
PC int8,noise_snr10db,test,Puppy_Dog Barking-SoundBible_uid-130qr7,0,0.0,0
PC int8,noise_snr10db,test,Puppy_Dog Barking-SoundBible_uid-zrfwba,0,0.0,0
PC int8,noise_snr10db,test,Race_Car Idle-SoundBible_uid-5il88u,0,0.0,0
PC int8,noise_snr10db,test,Race_Car Idle-SoundBible_uid-bjwy2y,0,0.0,0
PC int8,noise_snr10db,test,Race_Car Idle-SoundBible_uid-i7dn0k,0,0.0,0
PC int8,noise_snr10db,test,Restaurant Walla Track-SoundBible_uid-19b0uq,0,0.0,0
PC int8,noise_snr10db,test,Restaurant Walla Track-SoundBible_uid-e11kg8,0,0.0,0
PC int8,noise_snr10db,test,Restaurant Walla Track-SoundBible_uid-fk59q6,0,0.0,0
PC int8,noise_snr10db,test,School_Fire_Alarm-Cullen_Card-202875844_uid-rfkm7v,0,0.0,0
PC int8,noise_snr10db,test,Shift_Gears-SoundBible_uid-cvmuj8,0,0.0,0
PC int8,noise_snr10db,test,Ship_Bell-Mike_Koenig-1911209136_uid-e2z0y7,0,0.0,0
PC int8,noise_snr10db,test,Ship_Brass_Bell-Mike_Koenig-1458750630_uid-oksrz0,0,0.0,0
PC int8,noise_snr10db,test,Shopping_Mall Ambiance-SoundBible_uid-fa5yaq,0,0.0,0
PC int8,noise_snr10db,test,Sleigh_Bells_Ringing-SoundBible_uid-i52bxo,0,0.0,0
PC int8,noise_snr10db,test,Sleigh_Bells_Ringing-SoundBible_uid-xjtewi,0,0.0,0
PC int8,noise_snr10db,test,Soldiers_Marching-SoundBible_uid-0eax5q,0,0.0,0
PC int8,noise_snr10db,test,Soldiers_Marching-SoundBible_uid-4m3auc,0,0.0,0
PC int8,noise_snr10db,test,Soldiers_Marching-SoundBible_uid-51ygbj,0,0.0,0
PC int8,noise_snr10db,test,Soldiers_Marching-SoundBible_uid-5xkxw1,0,0.0,0
PC int8,noise_snr10db,test,Soldiers_Marching-SoundBible_uid-bqrx9i,0,0.0,0
PC int8,noise_snr10db,test,Sports_Bar Patrons Loud-SoundBible_uid-0qx8ca,0,0.0,0
PC int8,noise_snr10db,test,Steam_Engine-John-1826274710_uid-1hznao,0,0.0,0
PC int8,noise_snr10db,test,Steam_Engine-John-1826274710_uid-9qykmv,0,0.0,0
PC int8,noise_snr10db,test,Steam_Engine-John-1826274710_uid-pe5dcl,0,0.0,0
PC int8,noise_snr10db,test,Swimming_Pool Ambiance-SoundBible_uid-thd1td,0,0.0,0
PC int8,noise_snr10db,test,Temple_Bell Huge-SoundBible_uid-vwd9pv,0,0.0,0
PC int8,noise_snr10db,test,Tornado_Siren_II-Delilah-747233690_uid-9imkus,0,0.0,0
PC int8,noise_snr10db,test,Tornado_Siren_II-Delilah-747233690_uid-k23l64,0,0.0,0
PC int8,noise_snr10db,test,Tornado_Siren_II-Delilah-747233690_uid-yu5cjs,0,0.0,0
PC int8,noise_snr10db,test,Tornado_Siren_SoundBible_uid-6dnh9z,0,0.0,0
PC int8,noise_snr10db,test,Tornado_Siren_SoundBible_uid-g7d17q,0,0.0,0
PC int8,noise_snr10db,test,Walking-SoundBible_uid-62j3do,0,0.0,0
PC int8,noise_snr10db,test,Walking_In_Snow-SoundBible_uid-hoifci,0,0.0,0
PC int8,noise_snr10db,test,Walking_On_Gravel-SoundBible_uid-7duozg,0,0.0,0
PC int8,noise_snr10db,test,Walking_On_Gravel-SoundBible_uid-fi611q,0,0.0,0
PC int8,noise_snr10db,test,Walking_On_Gravel-SoundBible_uid-jhzvu7,0,0.0,0
PC int8,noise_snr10db,test,Winston_Churchill Nazi Speech-SoundBible_uid-2unyd8,0,0.0,0
PC int8,noise_snr10db,test,Winston_Churchill Nazi Speech-SoundBible_uid-761zdn,0,0.0,0
PC int8,noise_snr10db,test,Winston_Churchill Nazi Speech-SoundBible_uid-g4x51s,0,0.0,0
PC int8,noise_snr10db,test,Winston_Churchill Nazi Speech-SoundBible_uid-jp39dv,0,0.0,0
PC int8,noise_snr10db,test,Winston_Churchill Nazi Speech-SoundBible_uid-rwukdv,0,0.0,0
PC int8,noise_snr10db,test,Woman_Screaming 2-SoundBible_uid-c9acqz,0,0.0,0
PC int8,noise_snr10db,test,church_chime-daniel_simon (1)_uid-zsrdac,0,0.0,0
PC int8,noise_snr10db,test,church_chime-daniel_simon_uid-bbyw01,0,0.0,0
PC int8,noise_snr10db,test,church_chime-daniel_simon_uid-sxzijw,0,0.0,0
PC int8,noise_snr10db,test,doberman_pincher_daniel-simion_uid-348sts,0,0.0,0
PC int8,noise_snr10db,test,doberman_pincher_daniel-simion_uid-4gutjw,0,0.0,0
PC int8,noise_snr10db,test,doberman_pincher_daniel-simion_uid-db2xc6,0,0.0,0
PC int8,noise_snr10db,test,doberman_pincher_daniel-simion_uid-m6nbjk,0,0.0,0
PC int8,noise_snr10db,test,german_shephard-daniel_simon (1)_uid-x57o4h,0,0.0,0
PC int8,noise_snr10db,test,german_shephard-daniel_simon_uid-35by3o,0,0.0,0
PC int8,noise_snr10db,test,hard_shoes_1-daniel_simon_uid-lqfqp3,0,0.0,0
PC int8,noise_snr10db,test,harley_davidson-daniel_simon_uid-3gnkx0,0,0.0,0
PC int8,noise_snr10db,test,harley_davidson-daniel_simon_uid-5tbvav,0,0.0,0
PC int8,noise_snr10db,test,labrador_barking-daniel_simon_uid-cpx5m6,0,0.0,0
PC int8,noise_snr10db,test,labrador_barking-daniel_simon_uid-cvf4k1,0,0.0,0
PC int8,noise_snr10db,test,labrador_barking-daniel_simon_uid-j0e09a,0,0.0,0
PC int8,noise_snr10db,test,labrador_barking-daniel_simon_uid-mwgdoo,0,0.0,0
PC int8,noise_snr10db,test,labrador_barking-daniel_simon_uid-p1nd4y,0,0.0,0
PC int8,noise_snr10db,test,labrador_barking-daniel_simon_uid-px7218,0,0.0,0
PC int8,noise_snr10db,test,muscle_car-daniel_simon (1)_uid-hvisfn,0,0.0,0
PC int8,noise_snr10db,test,muscle_car-daniel_simon_uid-jpcsdl,0,0.0,0
PC int8,noise_snr10db,test,old_car-engine_daniel_simion_uid-2lzarp,0,0.0,0
PC int8,noise_snr10db,test,old_car-engine_daniel_simion_uid-5xyl64,0,0.0,0
PC int8,noise_snr10db,test,old_car-engine_daniel_simion_uid-8mfyeb,0,0.0,0
PC int8,noise_snr10db,test,old_car-engine_daniel_simion_uid-9xmt28,0,0.0,0
PC int8,noise_snr10db,test,old_fashioned-door-bell-daniel_simon_uid-1bqwmt,0,0.0,0
PC int8,noise_snr10db,test,old_fashioned-door-bell-daniel_simon_uid-8q7aiq,0,0.0,0
PC int8,noise_snr10db,test,party_crowd-daniel_simon_uid-8pwj7x,0,0.0,0
PC int8,noise_snr10db,test,party_crowd-daniel_simon_uid-vroqkp,0,0.0,0
PC int8,noise_snr10db,test,railroad_crossing_bell-Brylon_Terry-1551570865 (1)_uid-55is8o,0,0.0,0
PC int8,noise_snr10db,test,railroad_crossing_bell-Brylon_Terry-1551570865 (1)_uid-6mnkqh,0,0.0,0
PC int8,noise_snr10db,test,railroad_crossing_bell-Brylon_Terry-1551570865 (1)_uid-mi9sxj,0,0.0,0
PC int8,noise_snr10db,test,railroad_crossing_bell-Brylon_Terry-1551570865 (1)_uid-n15yft,0,0.0,0
PC int8,noise_snr10db,test,railroad_crossing_bell-Brylon_Terry-1551570865 (1)_uid-vxl8al,0,0.0,0
PC int8,noise_snr10db,test,railroad_crossing_bell-Brylon_Terry-1551570865 (1)_uid-waev1t,0,0.0,0
PC int8,noise_snr10db,test,railroad_crossing_bell-Brylon_Terry-1551570865 (1)_uid-zyz59r,0,0.0,0
PC int8,noise_snr10db,test,railroad_crossing_bell-Brylon_Terry-1551570865_uid-ejhzbl,0,0.0,0
PC int8,noise_snr10db,test,railroad_crossing_bell-Brylon_Terry-1551570865_uid-po2yqk,0,0.0,0
PC int8,noise_snr10db,test,tolling_bell_daniel-simion_uid-kg3lrg,0,0.0,0
PC int8,noise_snr10db,test,tolling_bell_daniel-simion_uid-witt3h,0,0.0,0
PC float32,noise_snr5db,test,0003_0397s_shot_019_ch1,1,1.0,1
PC float32,noise_snr5db,test,0005_0580s_shot_006_ch1,1,1.0,1
PC float32,noise_snr5db,test,0005_0607s_shot_150_ch1,1,1.0,1
PC float32,noise_snr5db,test,0005_0631s_shot_173_ch1,1,1.0,1
PC float32,noise_snr5db,test,0005_0632s_shot_176_ch1,1,1.0,1
PC float32,noise_snr5db,test,0005_0662s_shot_201_ch1,1,1.0,1
PC float32,noise_snr5db,test,0005_0685s_shot_220_ch1,1,1.0,1
PC float32,noise_snr5db,test,0005_0700s_shot_037_ch1,1,1.0,1
PC float32,noise_snr5db,test,0011_0226s_shot_011_ch1,1,0.6689003705978394,1
PC float32,noise_snr5db,test,0011_0333s_shot_018_ch1,1,1.0,1
PC float32,noise_snr5db,test,171236__alukahn__gunshot2_uid-fcn21d,0,0.0,0
PC float32,noise_snr5db,test,371041__morganpurkis__single-gunshot-3_uid-1k053k,0,1.2338116415409798e-18,0
PC float32,noise_snr5db,test,384687__morganpurkis__single-gunshot-42_uid-u9d6r1,0,0.0,0
PC float32,noise_snr5db,test,384689__dobroide__20170318gunshotparadiso_uid-kwsehz,0,0.0,0
PC float32,noise_snr5db,test,384689__dobroide__20170318gunshotparadiso_uid-pjl13d,0,0.0,0
PC float32,noise_snr5db,test,402008__eardeer__gunshot__high_3_uid-4j4q67,0,0.0,0
PC float32,noise_snr5db,test,402791__acidsnowflake__ak47-and-various-other-gunshots-at-indoor-shooting-range_uid-6aezru,0,0.0,0
PC float32,noise_snr5db,test,402791__acidsnowflake__ak47-and-various-other-gunshots-at-indoor-shooting-range_uid-byjlki,0,0.0,0
PC float32,noise_snr5db,test,402791__acidsnowflake__ak47-and-various-other-gunshots-at-indoor-shooting-range_uid-garl1l,0,0.0,0
PC float32,noise_snr5db,test,402791__acidsnowflake__ak47-and-various-other-gunshots-at-indoor-shooting-range_uid-l3ibfo,0,0.0,0
PC float32,noise_snr5db,test,402791__acidsnowflake__ak47-and-various-other-gunshots-at-indoor-shooting-range_uid-qe3eyz,0,0.0,0
PC float32,noise_snr5db,test,405132__fstagi__gunshots_uid-xcyi0z,0,4.093306407368511e-27,0
PC float32,noise_snr5db,test,51470__smcameron__synthetic_gunshot_2_uid-vatpwv,0,4.4543700867573366e-14,0
PC float32,noise_snr5db,test,518181__bolkmar__fx-gunshot_uid-al1o0i,0,0.0,0
PC float32,noise_snr5db,test,518181__bolkmar__fx-gunshot_uid-es96l9,0,9.223581100281653e-12,0
PC float32,noise_snr5db,test,518181__bolkmar__fx-gunshot_uid-j3vsmz,0,0.0,0
PC float32,noise_snr5db,test,519623__nathanchurchyard__gunshots_uid-kvxx3q,0,2.4948634895377313e-23,0
PC float32,noise_snr5db,test,683312__pnmcarrierailfan__pistol-gunshot-mix-weapons_uid-tmmoay,0,4.852951012916412e-36,0
PC float32,noise_snr5db,test,Amusement_Park Ambiance -SoundBible_uid-2t9w3e,0,0.0,0
PC float32,noise_snr5db,test,Amusement_Park Ambiance -SoundBible_uid-jwv6lq,0,5.2507907011682906e-30,0
PC float32,noise_snr5db,test,Amusement_Park Ambiance -SoundBible_uid-l24o63,0,9.601502268931719e-18,0
PC float32,noise_snr5db,test,Background_Noise-SoundBible_uid-m7qaag,0,6.587745756889141e-13,0
PC float32,noise_snr5db,test,Background_Noise-SoundBible_uid-mnn2bm,0,1.2567468866570437e-16,0
PC float32,noise_snr5db,test,Bi_Polar_Uncle-ScanMan-1810098860_uid-b8uks2,0,0.0,0
PC float32,noise_snr5db,test,Bi_Polar_Uncle-ScanMan-1810098860_uid-evaiic,0,0.0,0
PC float32,noise_snr5db,test,Bi_Polar_Uncle-ScanMan-1810098860_uid-l7n0jt,0,0.0,0
PC float32,noise_snr5db,test,Bi_Polar_Uncle-ScanMan-1810098860_uid-omv54z,0,0.0,0
PC float32,noise_snr5db,test,Bi_Polar_Uncle-ScanMan-1810098860_uid-p90ljg,0,0.0,0
PC float32,noise_snr5db,test,Big_door_closed-Clemens_F-941522533_uid-n02it9,0,0.0,0
PC float32,noise_snr5db,test,Cellar_Door Slam Shut-SoundBible_uid-pg4dq8,0,0.0,0
PC float32,noise_snr5db,test,Citty_Traffic Ambiance-SoundBible_uid-87yimc,0,0.0,0
PC float32,noise_snr5db,test,Citty_Traffic Ambiance-SoundBible_uid-8vk0wx,0,0.0,0
PC float32,noise_snr5db,test,Citty_Traffic Ambiance-SoundBible_uid-mxbe2e,0,0.0,0
PC float32,noise_snr5db,test,Citty_Traffic Ambiance-SoundBible_uid-q0srdn,0,0.0,0
PC float32,noise_snr5db,test,City_Ambiance-SoundBible_uid-8yrqh9,0,0.0,0
PC float32,noise_snr5db,test,City_Ambiance-SoundBible_uid-t8xlgr,0,0.0,0
PC float32,noise_snr5db,test,Classroom_Ambiance-SoundBible_uid-q49pv1,0,2.889454481191933e-05,0
PC float32,noise_snr5db,test,Classroom_Ambiance-SoundBible_uid-qfbdk0,0,9.360235708300024e-05,0
PC float32,noise_snr5db,test,Classroom_Ambiance-SoundBible_uid-uu3ewb,0,0.00019202106341253966,0
PC float32,noise_snr5db,test,Classroom_Ambiance-SoundBible_uid-xdl758,0,5.07304139318876e-05,0
PC float32,noise_snr5db,test,Close_Vault_Or_Jail_Door-SoundBible_uid-lasl2n,0,1.068708899154558e-09,0
PC float32,noise_snr5db,test,Dog_Barking-SoundBible_uid-3uyzqt,0,0.0,0
PC float32,noise_snr5db,test,Dog_Barking-SoundBible_uid-udwefz,0,0.0,0
PC float32,noise_snr5db,test,Dogs_Barking-SoundBible_uid-0ftva8,0,0.0,0
PC float32,noise_snr5db,test,Dogs_Barking-SoundBible_uid-itlawo,0,0.0,0
PC float32,noise_snr5db,test,Dogs_Barking-SoundBible_uid-k8qbi9,0,0.0,0
PC float32,noise_snr5db,test,End_of_Game-Mike_Koenig-617089079_uid-0scusn,0,0.0,0
PC float32,noise_snr5db,test,Engine_Inside_Car-SoundBible_uid-as3jed,0,5.078849198980606e-07,0
PC float32,noise_snr5db,test,Fast_Heel_Walk-Kyanna_Johnson-1646343608_uid-8u9yx0,0,0.0,0
PC float32,noise_snr5db,test,Fast_Heel_Walk-Kyanna_Johnson-1646343608_uid-9pwmgu,0,0.0,0
PC float32,noise_snr5db,test,Female_Scream_Horror-NeoPhyTe-138499973_uid-w7fb5j,0,0.0,0
PC float32,noise_snr5db,test,Footsteps_SoundBible_uid-4v6zy1,0,0.0,0
PC float32,noise_snr5db,test,Footsteps_SoundBible_uid-dg95vk,0,0.0,0
PC float32,noise_snr5db,test,Footsteps_SoundBible_uid-hnz36f,0,4.9260111204741586e-20,0
PC float32,noise_snr5db,test,Frying_Pan_Impact-SoundBible_uid-nbylf3,0,0.0,0
PC float32,noise_snr5db,test,Indian_Bell-SoundBible_uid-t0u6xu,0,0.0,0
PC float32,noise_snr5db,test,Japanese_Temple Bell Small-SoundBible_uid-3fhudh,0,0.0,0
PC float32,noise_snr5db,test,Japanese_Temple Bell Small-SoundBible_uid-8kpqn1,0,0.0,0
PC float32,noise_snr5db,test,Large_Door_Slam-SoundBible_uid-ljg1k3,0,4.406483071761613e-07,0
PC float32,noise_snr5db,test,Little_Girl_Talking-Mike_Koenig-782373463_uid-bstw5g,0,0.0,0
PC float32,noise_snr5db,test,Metal_Gong-Dianakc-109711828_uid-hlegwg,0,1.5876624017210905e-12,0
PC float32,noise_snr5db,test,Motorcycle_Engine-SoundBible_uid-bo8n5y,0,2.1346409084799234e-06,0
PC float32,noise_snr5db,test,Neighborhood_Dogs Barking-SoundBible_uid-6a1kho,0,0.0,0
PC float32,noise_snr5db,test,Neighborhood_Dogs Barking-SoundBible_uid-7mwktq,0,0.0,0
PC float32,noise_snr5db,test,Neighborhood_Dogs Barking-SoundBible_uid-dwmjp4,0,0.0,0
PC float32,noise_snr5db,test,Neighborhood_Dogs Barking-SoundBible_uid-kc7h7x,0,0.0,0
PC float32,noise_snr5db,test,Neighborhood_Dogs Barking-SoundBible_uid-p7gr4b,0,0.0,0
PC float32,noise_snr5db,test,Neighborhood_Dogs Barking-SoundBible_uid-rq1qkq,0,0.0,0
PC float32,noise_snr5db,test,Obama_Speech Liar-SoundBible_uid-8mnhtv,0,0.0,0
PC float32,noise_snr5db,test,Old_Door_Creaking-SoundBible_uid-e16ryq,0,2.215328388365029e-34,0
PC float32,noise_snr5db,test,Old_Door_Creaking-SoundBible_uid-f2vs74,0,1.9982210236353355e-22,0
PC float32,noise_snr5db,test,Old_Door_Creaking-SoundBible_uid-ozrhlo,0,9.01903784603996e-29,0
PC float32,noise_snr5db,test,Old_Door_Creaking-SoundBible_uid-q6uf3u,0,2.6309333395697392e-30,0
PC float32,noise_snr5db,test,Police Siren 3-SoundBible_uid-nytspf,0,0.0,0
PC float32,noise_snr5db,test,Police_Siren-SoundBible_uid-uyk0z0,0,0.0,0
PC float32,noise_snr5db,test,Psycho_Scream-SoundBible_uid-4qhwlo,0,0.0,0
PC float32,noise_snr5db,test,Psycho_Scream-SoundBible_uid-uococi,0,0.0,0
PC float32,noise_snr5db,test,Puppy_Dog Barking-SoundBible_uid-130qr7,0,0.0,0
PC float32,noise_snr5db,test,Puppy_Dog Barking-SoundBible_uid-zrfwba,0,0.0,0
PC float32,noise_snr5db,test,Race_Car Idle-SoundBible_uid-5il88u,0,0.0,0
PC float32,noise_snr5db,test,Race_Car Idle-SoundBible_uid-bjwy2y,0,0.0,0
PC float32,noise_snr5db,test,Race_Car Idle-SoundBible_uid-i7dn0k,0,0.0,0
PC float32,noise_snr5db,test,Restaurant Walla Track-SoundBible_uid-19b0uq,0,0.0,0
PC float32,noise_snr5db,test,Restaurant Walla Track-SoundBible_uid-e11kg8,0,0.0,0
PC float32,noise_snr5db,test,Restaurant Walla Track-SoundBible_uid-fk59q6,0,0.0,0
PC float32,noise_snr5db,test,School_Fire_Alarm-Cullen_Card-202875844_uid-rfkm7v,0,0.0,0
PC float32,noise_snr5db,test,Shift_Gears-SoundBible_uid-cvmuj8,0,0.0,0
PC float32,noise_snr5db,test,Ship_Bell-Mike_Koenig-1911209136_uid-e2z0y7,0,0.0,0
PC float32,noise_snr5db,test,Ship_Brass_Bell-Mike_Koenig-1458750630_uid-oksrz0,0,0.0,0
PC float32,noise_snr5db,test,Shopping_Mall Ambiance-SoundBible_uid-fa5yaq,0,0.0,0
PC float32,noise_snr5db,test,Sleigh_Bells_Ringing-SoundBible_uid-i52bxo,0,0.0,0
PC float32,noise_snr5db,test,Sleigh_Bells_Ringing-SoundBible_uid-xjtewi,0,0.0,0
PC float32,noise_snr5db,test,Soldiers_Marching-SoundBible_uid-0eax5q,0,4.816466290421416e-38,0
PC float32,noise_snr5db,test,Soldiers_Marching-SoundBible_uid-4m3auc,0,0.0,0
PC float32,noise_snr5db,test,Soldiers_Marching-SoundBible_uid-51ygbj,0,1.0035129230333764e-36,0
PC float32,noise_snr5db,test,Soldiers_Marching-SoundBible_uid-5xkxw1,0,0.0,0
PC float32,noise_snr5db,test,Soldiers_Marching-SoundBible_uid-bqrx9i,0,0.0,0
PC float32,noise_snr5db,test,Sports_Bar Patrons Loud-SoundBible_uid-0qx8ca,0,0.0,0
PC float32,noise_snr5db,test,Steam_Engine-John-1826274710_uid-1hznao,0,0.0,0
PC float32,noise_snr5db,test,Steam_Engine-John-1826274710_uid-9qykmv,0,0.0,0
PC float32,noise_snr5db,test,Steam_Engine-John-1826274710_uid-pe5dcl,0,0.0,0
PC float32,noise_snr5db,test,Swimming_Pool Ambiance-SoundBible_uid-thd1td,0,0.0,0
PC float32,noise_snr5db,test,Temple_Bell Huge-SoundBible_uid-vwd9pv,0,5.535461954260523e-13,0
PC float32,noise_snr5db,test,Tornado_Siren_II-Delilah-747233690_uid-9imkus,0,3.923042446391631e-37,0
PC float32,noise_snr5db,test,Tornado_Siren_II-Delilah-747233690_uid-k23l64,0,0.0,0
PC float32,noise_snr5db,test,Tornado_Siren_II-Delilah-747233690_uid-yu5cjs,0,0.0,0
PC float32,noise_snr5db,test,Tornado_Siren_SoundBible_uid-6dnh9z,0,0.0,0
PC float32,noise_snr5db,test,Tornado_Siren_SoundBible_uid-g7d17q,0,0.0,0
PC float32,noise_snr5db,test,Walking-SoundBible_uid-62j3do,0,0.0,0
PC float32,noise_snr5db,test,Walking_In_Snow-SoundBible_uid-hoifci,0,1.4478828785073352e-22,0
PC float32,noise_snr5db,test,Walking_On_Gravel-SoundBible_uid-7duozg,0,2.621406459008555e-15,0
PC float32,noise_snr5db,test,Walking_On_Gravel-SoundBible_uid-fi611q,0,1.4257640467133441e-19,0
PC float32,noise_snr5db,test,Walking_On_Gravel-SoundBible_uid-jhzvu7,0,0.0,0
PC float32,noise_snr5db,test,Winston_Churchill Nazi Speech-SoundBible_uid-2unyd8,0,3.972504699693557e-18,0
PC float32,noise_snr5db,test,Winston_Churchill Nazi Speech-SoundBible_uid-761zdn,0,5.052384156661524e-14,0
PC float32,noise_snr5db,test,Winston_Churchill Nazi Speech-SoundBible_uid-g4x51s,0,0.0,0
PC float32,noise_snr5db,test,Winston_Churchill Nazi Speech-SoundBible_uid-jp39dv,0,1.8091230455765345e-30,0
PC float32,noise_snr5db,test,Winston_Churchill Nazi Speech-SoundBible_uid-rwukdv,0,1.298806421076428e-27,0
PC float32,noise_snr5db,test,Woman_Screaming 2-SoundBible_uid-c9acqz,0,0.0,0
PC float32,noise_snr5db,test,church_chime-daniel_simon (1)_uid-zsrdac,0,0.0,0
PC float32,noise_snr5db,test,church_chime-daniel_simon_uid-bbyw01,0,0.0,0
PC float32,noise_snr5db,test,church_chime-daniel_simon_uid-sxzijw,0,0.0,0
PC float32,noise_snr5db,test,doberman_pincher_daniel-simion_uid-348sts,0,0.0,0
PC float32,noise_snr5db,test,doberman_pincher_daniel-simion_uid-4gutjw,0,0.0,0
PC float32,noise_snr5db,test,doberman_pincher_daniel-simion_uid-db2xc6,0,0.0,0
PC float32,noise_snr5db,test,doberman_pincher_daniel-simion_uid-m6nbjk,0,0.0,0
PC float32,noise_snr5db,test,german_shephard-daniel_simon (1)_uid-x57o4h,0,0.0,0
PC float32,noise_snr5db,test,german_shephard-daniel_simon_uid-35by3o,0,0.0,0
PC float32,noise_snr5db,test,hard_shoes_1-daniel_simon_uid-lqfqp3,0,0.0,0
PC float32,noise_snr5db,test,harley_davidson-daniel_simon_uid-3gnkx0,0,2.546092621593763e-21,0
PC float32,noise_snr5db,test,harley_davidson-daniel_simon_uid-5tbvav,0,2.211607091039125e-13,0
PC float32,noise_snr5db,test,labrador_barking-daniel_simon_uid-cpx5m6,0,0.0,0
PC float32,noise_snr5db,test,labrador_barking-daniel_simon_uid-cvf4k1,0,0.0,0
PC float32,noise_snr5db,test,labrador_barking-daniel_simon_uid-j0e09a,0,0.0,0
PC float32,noise_snr5db,test,labrador_barking-daniel_simon_uid-mwgdoo,0,0.0,0
PC float32,noise_snr5db,test,labrador_barking-daniel_simon_uid-p1nd4y,0,0.0,0
PC float32,noise_snr5db,test,labrador_barking-daniel_simon_uid-px7218,0,0.0,0
PC float32,noise_snr5db,test,muscle_car-daniel_simon (1)_uid-hvisfn,0,1.0768335787674551e-14,0
PC float32,noise_snr5db,test,muscle_car-daniel_simon_uid-jpcsdl,0,2.0318137208697573e-27,0
PC float32,noise_snr5db,test,old_car-engine_daniel_simion_uid-2lzarp,0,0.0,0
PC float32,noise_snr5db,test,old_car-engine_daniel_simion_uid-5xyl64,0,0.0,0
PC float32,noise_snr5db,test,old_car-engine_daniel_simion_uid-8mfyeb,0,0.0,0
PC float32,noise_snr5db,test,old_car-engine_daniel_simion_uid-9xmt28,0,0.0,0
PC float32,noise_snr5db,test,old_fashioned-door-bell-daniel_simon_uid-1bqwmt,0,0.0,0
PC float32,noise_snr5db,test,old_fashioned-door-bell-daniel_simon_uid-8q7aiq,0,0.0,0
PC float32,noise_snr5db,test,party_crowd-daniel_simon_uid-8pwj7x,0,0.0,0
PC float32,noise_snr5db,test,party_crowd-daniel_simon_uid-vroqkp,0,0.0,0
PC float32,noise_snr5db,test,railroad_crossing_bell-Brylon_Terry-1551570865 (1)_uid-55is8o,0,0.0,0
PC float32,noise_snr5db,test,railroad_crossing_bell-Brylon_Terry-1551570865 (1)_uid-6mnkqh,0,0.0,0
PC float32,noise_snr5db,test,railroad_crossing_bell-Brylon_Terry-1551570865 (1)_uid-mi9sxj,0,0.0,0
PC float32,noise_snr5db,test,railroad_crossing_bell-Brylon_Terry-1551570865 (1)_uid-n15yft,0,0.0,0
PC float32,noise_snr5db,test,railroad_crossing_bell-Brylon_Terry-1551570865 (1)_uid-vxl8al,0,0.0,0
PC float32,noise_snr5db,test,railroad_crossing_bell-Brylon_Terry-1551570865 (1)_uid-waev1t,0,0.0,0
PC float32,noise_snr5db,test,railroad_crossing_bell-Brylon_Terry-1551570865 (1)_uid-zyz59r,0,0.0,0
PC float32,noise_snr5db,test,railroad_crossing_bell-Brylon_Terry-1551570865_uid-ejhzbl,0,0.0,0
PC float32,noise_snr5db,test,railroad_crossing_bell-Brylon_Terry-1551570865_uid-po2yqk,0,0.0,0
PC float32,noise_snr5db,test,tolling_bell_daniel-simion_uid-kg3lrg,0,0.0,0
PC float32,noise_snr5db,test,tolling_bell_daniel-simion_uid-witt3h,0,0.0,0
PC int8,noise_snr5db,test,0003_0397s_shot_019_ch1,1,0.99609375,1
PC int8,noise_snr5db,test,0005_0580s_shot_006_ch1,1,0.99609375,1
PC int8,noise_snr5db,test,0005_0607s_shot_150_ch1,1,0.99609375,1
PC int8,noise_snr5db,test,0005_0631s_shot_173_ch1,1,0.99609375,1
PC int8,noise_snr5db,test,0005_0632s_shot_176_ch1,1,0.99609375,1
PC int8,noise_snr5db,test,0005_0662s_shot_201_ch1,1,0.99609375,1
PC int8,noise_snr5db,test,0005_0685s_shot_220_ch1,1,0.99609375,1
PC int8,noise_snr5db,test,0005_0700s_shot_037_ch1,1,0.99609375,1
PC int8,noise_snr5db,test,0011_0226s_shot_011_ch1,1,0.5,1
PC int8,noise_snr5db,test,0011_0333s_shot_018_ch1,1,0.99609375,1
PC int8,noise_snr5db,test,171236__alukahn__gunshot2_uid-fcn21d,0,0.0,0
PC int8,noise_snr5db,test,371041__morganpurkis__single-gunshot-3_uid-1k053k,0,0.0,0
PC int8,noise_snr5db,test,384687__morganpurkis__single-gunshot-42_uid-u9d6r1,0,0.0,0
PC int8,noise_snr5db,test,384689__dobroide__20170318gunshotparadiso_uid-kwsehz,0,0.0,0
PC int8,noise_snr5db,test,384689__dobroide__20170318gunshotparadiso_uid-pjl13d,0,0.0,0
PC int8,noise_snr5db,test,402008__eardeer__gunshot__high_3_uid-4j4q67,0,0.0,0
PC int8,noise_snr5db,test,402791__acidsnowflake__ak47-and-various-other-gunshots-at-indoor-shooting-range_uid-6aezru,0,0.0,0
PC int8,noise_snr5db,test,402791__acidsnowflake__ak47-and-various-other-gunshots-at-indoor-shooting-range_uid-byjlki,0,0.0,0
PC int8,noise_snr5db,test,402791__acidsnowflake__ak47-and-various-other-gunshots-at-indoor-shooting-range_uid-garl1l,0,0.0,0
PC int8,noise_snr5db,test,402791__acidsnowflake__ak47-and-various-other-gunshots-at-indoor-shooting-range_uid-l3ibfo,0,0.0,0
PC int8,noise_snr5db,test,402791__acidsnowflake__ak47-and-various-other-gunshots-at-indoor-shooting-range_uid-qe3eyz,0,0.0,0
PC int8,noise_snr5db,test,405132__fstagi__gunshots_uid-xcyi0z,0,0.0,0
PC int8,noise_snr5db,test,51470__smcameron__synthetic_gunshot_2_uid-vatpwv,0,0.0,0
PC int8,noise_snr5db,test,518181__bolkmar__fx-gunshot_uid-al1o0i,0,0.0,0
PC int8,noise_snr5db,test,518181__bolkmar__fx-gunshot_uid-es96l9,0,0.0,0
PC int8,noise_snr5db,test,518181__bolkmar__fx-gunshot_uid-j3vsmz,0,0.0,0
PC int8,noise_snr5db,test,519623__nathanchurchyard__gunshots_uid-kvxx3q,0,0.0,0
PC int8,noise_snr5db,test,683312__pnmcarrierailfan__pistol-gunshot-mix-weapons_uid-tmmoay,0,0.0,0
PC int8,noise_snr5db,test,Amusement_Park Ambiance -SoundBible_uid-2t9w3e,0,0.0,0
PC int8,noise_snr5db,test,Amusement_Park Ambiance -SoundBible_uid-jwv6lq,0,0.0,0
PC int8,noise_snr5db,test,Amusement_Park Ambiance -SoundBible_uid-l24o63,0,0.0,0
PC int8,noise_snr5db,test,Background_Noise-SoundBible_uid-m7qaag,0,0.0,0
PC int8,noise_snr5db,test,Background_Noise-SoundBible_uid-mnn2bm,0,0.0,0
PC int8,noise_snr5db,test,Bi_Polar_Uncle-ScanMan-1810098860_uid-b8uks2,0,0.0,0
PC int8,noise_snr5db,test,Bi_Polar_Uncle-ScanMan-1810098860_uid-evaiic,0,0.0,0
PC int8,noise_snr5db,test,Bi_Polar_Uncle-ScanMan-1810098860_uid-l7n0jt,0,0.0,0
PC int8,noise_snr5db,test,Bi_Polar_Uncle-ScanMan-1810098860_uid-omv54z,0,0.0,0
PC int8,noise_snr5db,test,Bi_Polar_Uncle-ScanMan-1810098860_uid-p90ljg,0,0.0,0
PC int8,noise_snr5db,test,Big_door_closed-Clemens_F-941522533_uid-n02it9,0,0.0,0
PC int8,noise_snr5db,test,Cellar_Door Slam Shut-SoundBible_uid-pg4dq8,0,0.0,0
PC int8,noise_snr5db,test,Citty_Traffic Ambiance-SoundBible_uid-87yimc,0,0.0,0
PC int8,noise_snr5db,test,Citty_Traffic Ambiance-SoundBible_uid-8vk0wx,0,0.0,0
PC int8,noise_snr5db,test,Citty_Traffic Ambiance-SoundBible_uid-mxbe2e,0,0.0,0
PC int8,noise_snr5db,test,Citty_Traffic Ambiance-SoundBible_uid-q0srdn,0,0.0,0
PC int8,noise_snr5db,test,City_Ambiance-SoundBible_uid-8yrqh9,0,0.0,0
PC int8,noise_snr5db,test,City_Ambiance-SoundBible_uid-t8xlgr,0,0.0,0
PC int8,noise_snr5db,test,Classroom_Ambiance-SoundBible_uid-q49pv1,0,0.0,0
PC int8,noise_snr5db,test,Classroom_Ambiance-SoundBible_uid-qfbdk0,0,0.0,0
PC int8,noise_snr5db,test,Classroom_Ambiance-SoundBible_uid-uu3ewb,0,0.0,0
PC int8,noise_snr5db,test,Classroom_Ambiance-SoundBible_uid-xdl758,0,0.0,0
PC int8,noise_snr5db,test,Close_Vault_Or_Jail_Door-SoundBible_uid-lasl2n,0,0.0,0
PC int8,noise_snr5db,test,Dog_Barking-SoundBible_uid-3uyzqt,0,0.0,0
PC int8,noise_snr5db,test,Dog_Barking-SoundBible_uid-udwefz,0,0.0,0
PC int8,noise_snr5db,test,Dogs_Barking-SoundBible_uid-0ftva8,0,0.0,0
PC int8,noise_snr5db,test,Dogs_Barking-SoundBible_uid-itlawo,0,0.0,0
PC int8,noise_snr5db,test,Dogs_Barking-SoundBible_uid-k8qbi9,0,0.0,0
PC int8,noise_snr5db,test,End_of_Game-Mike_Koenig-617089079_uid-0scusn,0,0.0,0
PC int8,noise_snr5db,test,Engine_Inside_Car-SoundBible_uid-as3jed,0,0.0,0
PC int8,noise_snr5db,test,Fast_Heel_Walk-Kyanna_Johnson-1646343608_uid-8u9yx0,0,0.0,0
PC int8,noise_snr5db,test,Fast_Heel_Walk-Kyanna_Johnson-1646343608_uid-9pwmgu,0,0.0,0
PC int8,noise_snr5db,test,Female_Scream_Horror-NeoPhyTe-138499973_uid-w7fb5j,0,0.0,0
PC int8,noise_snr5db,test,Footsteps_SoundBible_uid-4v6zy1,0,0.0,0
PC int8,noise_snr5db,test,Footsteps_SoundBible_uid-dg95vk,0,0.0,0
PC int8,noise_snr5db,test,Footsteps_SoundBible_uid-hnz36f,0,0.0,0
PC int8,noise_snr5db,test,Frying_Pan_Impact-SoundBible_uid-nbylf3,0,0.0,0
PC int8,noise_snr5db,test,Indian_Bell-SoundBible_uid-t0u6xu,0,0.0,0
PC int8,noise_snr5db,test,Japanese_Temple Bell Small-SoundBible_uid-3fhudh,0,0.0,0
PC int8,noise_snr5db,test,Japanese_Temple Bell Small-SoundBible_uid-8kpqn1,0,0.0,0
PC int8,noise_snr5db,test,Large_Door_Slam-SoundBible_uid-ljg1k3,0,0.0,0
PC int8,noise_snr5db,test,Little_Girl_Talking-Mike_Koenig-782373463_uid-bstw5g,0,0.0,0
PC int8,noise_snr5db,test,Metal_Gong-Dianakc-109711828_uid-hlegwg,0,0.0,0
PC int8,noise_snr5db,test,Motorcycle_Engine-SoundBible_uid-bo8n5y,0,0.0,0
PC int8,noise_snr5db,test,Neighborhood_Dogs Barking-SoundBible_uid-6a1kho,0,0.0,0
PC int8,noise_snr5db,test,Neighborhood_Dogs Barking-SoundBible_uid-7mwktq,0,0.0,0
PC int8,noise_snr5db,test,Neighborhood_Dogs Barking-SoundBible_uid-dwmjp4,0,0.0,0
PC int8,noise_snr5db,test,Neighborhood_Dogs Barking-SoundBible_uid-kc7h7x,0,0.0,0
PC int8,noise_snr5db,test,Neighborhood_Dogs Barking-SoundBible_uid-p7gr4b,0,0.0,0
PC int8,noise_snr5db,test,Neighborhood_Dogs Barking-SoundBible_uid-rq1qkq,0,0.0,0
PC int8,noise_snr5db,test,Obama_Speech Liar-SoundBible_uid-8mnhtv,0,0.0,0
PC int8,noise_snr5db,test,Old_Door_Creaking-SoundBible_uid-e16ryq,0,0.0,0
PC int8,noise_snr5db,test,Old_Door_Creaking-SoundBible_uid-f2vs74,0,0.0,0
PC int8,noise_snr5db,test,Old_Door_Creaking-SoundBible_uid-ozrhlo,0,0.0,0
PC int8,noise_snr5db,test,Old_Door_Creaking-SoundBible_uid-q6uf3u,0,0.0,0
PC int8,noise_snr5db,test,Police Siren 3-SoundBible_uid-nytspf,0,0.0,0
PC int8,noise_snr5db,test,Police_Siren-SoundBible_uid-uyk0z0,0,0.0,0
PC int8,noise_snr5db,test,Psycho_Scream-SoundBible_uid-4qhwlo,0,0.0,0
PC int8,noise_snr5db,test,Psycho_Scream-SoundBible_uid-uococi,0,0.0,0
PC int8,noise_snr5db,test,Puppy_Dog Barking-SoundBible_uid-130qr7,0,0.0,0
PC int8,noise_snr5db,test,Puppy_Dog Barking-SoundBible_uid-zrfwba,0,0.0,0
PC int8,noise_snr5db,test,Race_Car Idle-SoundBible_uid-5il88u,0,0.0,0
PC int8,noise_snr5db,test,Race_Car Idle-SoundBible_uid-bjwy2y,0,0.0,0
PC int8,noise_snr5db,test,Race_Car Idle-SoundBible_uid-i7dn0k,0,0.0,0
PC int8,noise_snr5db,test,Restaurant Walla Track-SoundBible_uid-19b0uq,0,0.0,0
PC int8,noise_snr5db,test,Restaurant Walla Track-SoundBible_uid-e11kg8,0,0.0,0
PC int8,noise_snr5db,test,Restaurant Walla Track-SoundBible_uid-fk59q6,0,0.0,0
PC int8,noise_snr5db,test,School_Fire_Alarm-Cullen_Card-202875844_uid-rfkm7v,0,0.0,0
PC int8,noise_snr5db,test,Shift_Gears-SoundBible_uid-cvmuj8,0,0.0,0
PC int8,noise_snr5db,test,Ship_Bell-Mike_Koenig-1911209136_uid-e2z0y7,0,0.0,0
PC int8,noise_snr5db,test,Ship_Brass_Bell-Mike_Koenig-1458750630_uid-oksrz0,0,0.0,0
PC int8,noise_snr5db,test,Shopping_Mall Ambiance-SoundBible_uid-fa5yaq,0,0.0,0
PC int8,noise_snr5db,test,Sleigh_Bells_Ringing-SoundBible_uid-i52bxo,0,0.0,0
PC int8,noise_snr5db,test,Sleigh_Bells_Ringing-SoundBible_uid-xjtewi,0,0.0,0
PC int8,noise_snr5db,test,Soldiers_Marching-SoundBible_uid-0eax5q,0,0.0,0
PC int8,noise_snr5db,test,Soldiers_Marching-SoundBible_uid-4m3auc,0,0.0,0
PC int8,noise_snr5db,test,Soldiers_Marching-SoundBible_uid-51ygbj,0,0.0,0
PC int8,noise_snr5db,test,Soldiers_Marching-SoundBible_uid-5xkxw1,0,0.0,0
PC int8,noise_snr5db,test,Soldiers_Marching-SoundBible_uid-bqrx9i,0,0.0,0
PC int8,noise_snr5db,test,Sports_Bar Patrons Loud-SoundBible_uid-0qx8ca,0,0.0,0
PC int8,noise_snr5db,test,Steam_Engine-John-1826274710_uid-1hznao,0,0.0,0
PC int8,noise_snr5db,test,Steam_Engine-John-1826274710_uid-9qykmv,0,0.0,0
PC int8,noise_snr5db,test,Steam_Engine-John-1826274710_uid-pe5dcl,0,0.0,0
PC int8,noise_snr5db,test,Swimming_Pool Ambiance-SoundBible_uid-thd1td,0,0.0,0
PC int8,noise_snr5db,test,Temple_Bell Huge-SoundBible_uid-vwd9pv,0,0.0,0
PC int8,noise_snr5db,test,Tornado_Siren_II-Delilah-747233690_uid-9imkus,0,0.0,0
PC int8,noise_snr5db,test,Tornado_Siren_II-Delilah-747233690_uid-k23l64,0,0.0,0
PC int8,noise_snr5db,test,Tornado_Siren_II-Delilah-747233690_uid-yu5cjs,0,0.0,0
PC int8,noise_snr5db,test,Tornado_Siren_SoundBible_uid-6dnh9z,0,0.0,0
PC int8,noise_snr5db,test,Tornado_Siren_SoundBible_uid-g7d17q,0,0.0,0
PC int8,noise_snr5db,test,Walking-SoundBible_uid-62j3do,0,0.0,0
PC int8,noise_snr5db,test,Walking_In_Snow-SoundBible_uid-hoifci,0,0.0,0
PC int8,noise_snr5db,test,Walking_On_Gravel-SoundBible_uid-7duozg,0,0.0,0
PC int8,noise_snr5db,test,Walking_On_Gravel-SoundBible_uid-fi611q,0,0.0,0
PC int8,noise_snr5db,test,Walking_On_Gravel-SoundBible_uid-jhzvu7,0,0.0,0
PC int8,noise_snr5db,test,Winston_Churchill Nazi Speech-SoundBible_uid-2unyd8,0,0.0,0
PC int8,noise_snr5db,test,Winston_Churchill Nazi Speech-SoundBible_uid-761zdn,0,0.0,0
PC int8,noise_snr5db,test,Winston_Churchill Nazi Speech-SoundBible_uid-g4x51s,0,0.0,0
PC int8,noise_snr5db,test,Winston_Churchill Nazi Speech-SoundBible_uid-jp39dv,0,0.0,0
PC int8,noise_snr5db,test,Winston_Churchill Nazi Speech-SoundBible_uid-rwukdv,0,0.0,0
PC int8,noise_snr5db,test,Woman_Screaming 2-SoundBible_uid-c9acqz,0,0.0,0
PC int8,noise_snr5db,test,church_chime-daniel_simon (1)_uid-zsrdac,0,0.0,0
PC int8,noise_snr5db,test,church_chime-daniel_simon_uid-bbyw01,0,0.0,0
PC int8,noise_snr5db,test,church_chime-daniel_simon_uid-sxzijw,0,0.0,0
PC int8,noise_snr5db,test,doberman_pincher_daniel-simion_uid-348sts,0,0.0,0
PC int8,noise_snr5db,test,doberman_pincher_daniel-simion_uid-4gutjw,0,0.0,0
PC int8,noise_snr5db,test,doberman_pincher_daniel-simion_uid-db2xc6,0,0.0,0
PC int8,noise_snr5db,test,doberman_pincher_daniel-simion_uid-m6nbjk,0,0.0,0
PC int8,noise_snr5db,test,german_shephard-daniel_simon (1)_uid-x57o4h,0,0.0,0
PC int8,noise_snr5db,test,german_shephard-daniel_simon_uid-35by3o,0,0.0,0
PC int8,noise_snr5db,test,hard_shoes_1-daniel_simon_uid-lqfqp3,0,0.0,0
PC int8,noise_snr5db,test,harley_davidson-daniel_simon_uid-3gnkx0,0,0.0,0
PC int8,noise_snr5db,test,harley_davidson-daniel_simon_uid-5tbvav,0,0.0,0
PC int8,noise_snr5db,test,labrador_barking-daniel_simon_uid-cpx5m6,0,0.0,0
PC int8,noise_snr5db,test,labrador_barking-daniel_simon_uid-cvf4k1,0,0.0,0
PC int8,noise_snr5db,test,labrador_barking-daniel_simon_uid-j0e09a,0,0.0,0
PC int8,noise_snr5db,test,labrador_barking-daniel_simon_uid-mwgdoo,0,0.0,0
PC int8,noise_snr5db,test,labrador_barking-daniel_simon_uid-p1nd4y,0,0.0,0
PC int8,noise_snr5db,test,labrador_barking-daniel_simon_uid-px7218,0,0.0,0
PC int8,noise_snr5db,test,muscle_car-daniel_simon (1)_uid-hvisfn,0,0.0,0
PC int8,noise_snr5db,test,muscle_car-daniel_simon_uid-jpcsdl,0,0.0,0
PC int8,noise_snr5db,test,old_car-engine_daniel_simion_uid-2lzarp,0,0.0,0
PC int8,noise_snr5db,test,old_car-engine_daniel_simion_uid-5xyl64,0,0.0,0
PC int8,noise_snr5db,test,old_car-engine_daniel_simion_uid-8mfyeb,0,0.0,0
PC int8,noise_snr5db,test,old_car-engine_daniel_simion_uid-9xmt28,0,0.0,0
PC int8,noise_snr5db,test,old_fashioned-door-bell-daniel_simon_uid-1bqwmt,0,0.0,0
PC int8,noise_snr5db,test,old_fashioned-door-bell-daniel_simon_uid-8q7aiq,0,0.0,0
PC int8,noise_snr5db,test,party_crowd-daniel_simon_uid-8pwj7x,0,0.0,0
PC int8,noise_snr5db,test,party_crowd-daniel_simon_uid-vroqkp,0,0.0,0
PC int8,noise_snr5db,test,railroad_crossing_bell-Brylon_Terry-1551570865 (1)_uid-55is8o,0,0.0,0
PC int8,noise_snr5db,test,railroad_crossing_bell-Brylon_Terry-1551570865 (1)_uid-6mnkqh,0,0.0,0
PC int8,noise_snr5db,test,railroad_crossing_bell-Brylon_Terry-1551570865 (1)_uid-mi9sxj,0,0.0,0
PC int8,noise_snr5db,test,railroad_crossing_bell-Brylon_Terry-1551570865 (1)_uid-n15yft,0,0.0,0
PC int8,noise_snr5db,test,railroad_crossing_bell-Brylon_Terry-1551570865 (1)_uid-vxl8al,0,0.0,0
PC int8,noise_snr5db,test,railroad_crossing_bell-Brylon_Terry-1551570865 (1)_uid-waev1t,0,0.0,0
PC int8,noise_snr5db,test,railroad_crossing_bell-Brylon_Terry-1551570865 (1)_uid-zyz59r,0,0.0,0
PC int8,noise_snr5db,test,railroad_crossing_bell-Brylon_Terry-1551570865_uid-ejhzbl,0,0.0,0
PC int8,noise_snr5db,test,railroad_crossing_bell-Brylon_Terry-1551570865_uid-po2yqk,0,0.0,0
PC int8,noise_snr5db,test,tolling_bell_daniel-simion_uid-kg3lrg,0,0.0,0
PC int8,noise_snr5db,test,tolling_bell_daniel-simion_uid-witt3h,0,0.0,0
