recording_id,original_id,filename,audio_path,label,class_id,split,source_library,source_label,samplerate,channels,date,guntype,caliber,distance,angle,suppressor,window_size,impulse_position
171236__alukahn__gunshot2_uid-fcn21d,fcn21d,171236__alukahn__gunshot2_uid-fcn21d.wav,audio/171236__alukahn__gunshot2_uid-fcn21d.wav,other_gunshot,0,test,gunshots_nonDana.parquet,,48000,1,2026-04-11,,,,,,30000,10
371041__morganpurkis__single-gunshot-3_uid-1k053k,1k053k,371041__morganpurkis__single-gunshot-3_uid-1k053k.wav,audio/371041__morganpurkis__single-gunshot-3_uid-1k053k.wav,other_gunshot,0,test,gunshots_nonDana.parquet,,44100,1,2026-04-11,,,,,,30000,10
384687__morganpurkis__single-gunshot-42_uid-u9d6r1,u9d6r1,384687__morganpurkis__single-gunshot-42_uid-u9d6r1.wav,audio/384687__morganpurkis__single-gunshot-42_uid-u9d6r1.wav,other_gunshot,0,test,gunshots_nonDana.parquet,,44100,1,2026-04-11,,,,,,30000,10
384689__dobroide__20170318gunshotparadiso_uid-kwsehz,kwsehz,384689__dobroide__20170318gunshotparadiso_uid-kwsehz.wav,audio/384689__dobroide__20170318gunshotparadiso_uid-kwsehz.wav,other_gunshot,0,test,gunshots_nonDana.parquet,,44100,1,2026-04-11,,,,,,30000,10
384689__dobroide__20170318gunshotparadiso_uid-pjl13d,pjl13d,384689__dobroide__20170318gunshotparadiso_uid-pjl13d.wav,audio/384689__dobroide__20170318gunshotparadiso_uid-pjl13d.wav,other_gunshot,0,test,gunshots_nonDana.parquet,,44100,1,2026-04-11,,,,,,30000,10
402008__eardeer__gunshot__high_3_uid-4j4q67,4j4q67,402008__eardeer__gunshot__high_3_uid-4j4q67.wav,audio/402008__eardeer__gunshot__high_3_uid-4j4q67.wav,other_gunshot,0,test,gunshots_nonDana.parquet,,48000,1,2026-04-11,,,,,,30000,10
402791__acidsnowflake__ak47-and-various-other-gunshots-at-indoor-shooting-range_uid-6aezru,6aezru,402791__acidsnowflake__ak47-and-various-other-gunshots-at-indoor-shooting-range_uid-6aezru.wav,audio/402791__acidsnowflake__ak47-and-various-other-gunshots-at-indoor-shooting-range_uid-6aezru.wav,other_gunshot,0,test,gunshots_nonDana.parquet,,44100,1,2026-04-11,,,,,,30000,10
402791__acidsnowflake__ak47-and-various-other-gunshots-at-indoor-shooting-range_uid-byjlki,byjlki,402791__acidsnowflake__ak47-and-various-other-gunshots-at-indoor-shooting-range_uid-byjlki.wav,audio/402791__acidsnowflake__ak47-and-various-other-gunshots-at-indoor-shooting-range_uid-byjlki.wav,other_gunshot,0,test,gunshots_nonDana.parquet,,44100,1,2026-04-11,,,,,,30000,10
402791__acidsnowflake__ak47-and-various-other-gunshots-at-indoor-shooting-range_uid-garl1l,garl1l,402791__acidsnowflake__ak47-and-various-other-gunshots-at-indoor-shooting-range_uid-garl1l.wav,audio/402791__acidsnowflake__ak47-and-various-other-gunshots-at-indoor-shooting-range_uid-garl1l.wav,other_gunshot,0,test,gunshots_nonDana.parquet,,44100,1,2026-04-11,,,,,,30000,10
402791__acidsnowflake__ak47-and-various-other-gunshots-at-indoor-shooting-range_uid-l3ibfo,l3ibfo,402791__acidsnowflake__ak47-and-various-other-gunshots-at-indoor-shooting-range_uid-l3ibfo.wav,audio/402791__acidsnowflake__ak47-and-various-other-gunshots-at-indoor-shooting-range_uid-l3ibfo.wav,other_gunshot,0,test,gunshots_nonDana.parquet,,44100,1,2026-04-11,,,,,,30000,10
402791__acidsnowflake__ak47-and-various-other-gunshots-at-indoor-shooting-range_uid-qe3eyz,qe3eyz,402791__acidsnowflake__ak47-and-various-other-gunshots-at-indoor-shooting-range_uid-qe3eyz.wav,audio/402791__acidsnowflake__ak47-and-various-other-gunshots-at-indoor-shooting-range_uid-qe3eyz.wav,other_gunshot,0,test,gunshots_nonDana.parquet,,44100,1,2026-04-11,,,,,,30000,10
405132__fstagi__gunshots_uid-xcyi0z,xcyi0z,405132__fstagi__gunshots_uid-xcyi0z.wav,audio/405132__fstagi__gunshots_uid-xcyi0z.wav,other_gunshot,0,test,gunshots_nonDana.parquet,,44100,1,2026-04-11,,,,,,30000,10
51470__smcameron__synthetic_gunshot_2_uid-vatpwv,vatpwv,51470__smcameron__synthetic_gunshot_2_uid-vatpwv.wav,audio/51470__smcameron__synthetic_gunshot_2_uid-vatpwv.wav,other_gunshot,0,test,gunshots_nonDana.parquet,,44100,1,2026-04-11,,,,,,30000,10
518181__bolkmar__fx-gunshot_uid-al1o0i,al1o0i,518181__bolkmar__fx-gunshot_uid-al1o0i.wav,audio/518181__bolkmar__fx-gunshot_uid-al1o0i.wav,other_gunshot,0,test,gunshots_nonDana.parquet,,48000,1,2026-04-11,,,,,,30000,10
518181__bolkmar__fx-gunshot_uid-es96l9,es96l9,518181__bolkmar__fx-gunshot_uid-es96l9.wav,audio/518181__bolkmar__fx-gunshot_uid-es96l9.wav,other_gunshot,0,test,gunshots_nonDana.parquet,,48000,1,2026-04-11,,,,,,30000,10
518181__bolkmar__fx-gunshot_uid-j3vsmz,j3vsmz,518181__bolkmar__fx-gunshot_uid-j3vsmz.wav,audio/518181__bolkmar__fx-gunshot_uid-j3vsmz.wav,other_gunshot,0,test,gunshots_nonDana.parquet,,48000,1,2026-04-11,,,,,,30000,10
519623__nathanchurchyard__gunshots_uid-kvxx3q,kvxx3q,519623__nathanchurchyard__gunshots_uid-kvxx3q.wav,audio/519623__nathanchurchyard__gunshots_uid-kvxx3q.wav,other_gunshot,0,test,gunshots_nonDana.parquet,,44100,1,2026-04-11,,,,,,30000,10
683312__pnmcarrierailfan__pistol-gunshot-mix-weapons_uid-tmmoay,tmmoay,683312__pnmcarrierailfan__pistol-gunshot-mix-weapons_uid-tmmoay.wav,audio/683312__pnmcarrierailfan__pistol-gunshot-mix-weapons_uid-tmmoay.wav,other_gunshot,0,test,gunshots_nonDana.parquet,,44100,1,2026-04-11,,,,,,30000,10
Amusement_Park Ambiance -SoundBible_uid-2t9w3e,2t9w3e,Amusement_Park Ambiance -SoundBible_uid-2t9w3e.wav,audio/Amusement_Park Ambiance -SoundBible_uid-2t9w3e.wav,impulse_noise,0,test,libdata_impulz_2.1.parquet,,44100,1,2026-04-11,,,,,,30000,10
Amusement_Park Ambiance -SoundBible_uid-jwv6lq,jwv6lq,Amusement_Park Ambiance -SoundBible_uid-jwv6lq.wav,audio/Amusement_Park Ambiance -SoundBible_uid-jwv6lq.wav,impulse_noise,0,test,libdata_impulz_2.1.parquet,,44100,1,2026-04-11,,,,,,30000,10
Amusement_Park Ambiance -SoundBible_uid-l24o63,l24o63,Amusement_Park Ambiance -SoundBible_uid-l24o63.wav,audio/Amusement_Park Ambiance -SoundBible_uid-l24o63.wav,impulse_noise,0,test,libdata_impulz_2.1.parquet,,44100,1,2026-04-11,,,,,,30000,10
Background_Noise-SoundBible_uid-m7qaag,m7qaag,Background_Noise-SoundBible_uid-m7qaag.wav,audio/Background_Noise-SoundBible_uid-m7qaag.wav,impulse_noise,0,test,libdata_impulz_2.1.parquet,,44100,1,2026-04-11,,,,,,30000,10
Background_Noise-SoundBible_uid-mnn2bm,mnn2bm,Background_Noise-SoundBible_uid-mnn2bm.wav,audio/Background_Noise-SoundBible_uid-mnn2bm.wav,impulse_noise,0,test,libdata_impulz_2.1.parquet,,44100,1,2026-04-11,,,,,,30000,10
Bi_Polar_Uncle-ScanMan-1810098860_uid-b8uks2,b8uks2,Bi_Polar_Uncle-ScanMan-1810098860_uid-b8uks2.wav,audio/Bi_Polar_Uncle-ScanMan-1810098860_uid-b8uks2.wav,impulse_noise,0,test,libdata_impulz_2.1.parquet,,44100,1,2026-04-11,,,,,,30000,10
Bi_Polar_Uncle-ScanMan-1810098860_uid-evaiic,evaiic,Bi_Polar_Uncle-ScanMan-1810098860_uid-evaiic.wav,audio/Bi_Polar_Uncle-ScanMan-1810098860_uid-evaiic.wav,impulse_noise,0,test,libdata_impulz_2.1.parquet,,44100,1,2026-04-11,,,,,,30000,10
Bi_Polar_Uncle-ScanMan-1810098860_uid-l7n0jt,l7n0jt,Bi_Polar_Uncle-ScanMan-1810098860_uid-l7n0jt.wav,audio/Bi_Polar_Uncle-ScanMan-1810098860_uid-l7n0jt.wav,impulse_noise,0,test,libdata_impulz_2.1.parquet,,44100,1,2026-04-11,,,,,,30000,10
Bi_Polar_Uncle-ScanMan-1810098860_uid-omv54z,omv54z,Bi_Polar_Uncle-ScanMan-1810098860_uid-omv54z.wav,audio/Bi_Polar_Uncle-ScanMan-1810098860_uid-omv54z.wav,impulse_noise,0,test,libdata_impulz_2.1.parquet,,44100,1,2026-04-11,,,,,,30000,10
Bi_Polar_Uncle-ScanMan-1810098860_uid-p90ljg,p90ljg,Bi_Polar_Uncle-ScanMan-1810098860_uid-p90ljg.wav,audio/Bi_Polar_Uncle-ScanMan-1810098860_uid-p90ljg.wav,impulse_noise,0,test,libdata_impulz_2.1.parquet,,44100,1,2026-04-11,,,,,,30000,10
Big_door_closed-Clemens_F-941522533_uid-n02it9,n02it9,Big_door_closed-Clemens_F-941522533_uid-n02it9.wav,audio/Big_door_closed-Clemens_F-941522533_uid-n02it9.wav,impulse_noise,0,test,ImpulseEvents.parquet,Impulse Event,44100,1,2025-11-09,Big Door,,,,,30000,10
Cellar_Door Slam Shut-SoundBible_uid-pg4dq8,pg4dq8,Cellar_Door Slam Shut-SoundBible_uid-pg4dq8.wav,audio/Cellar_Door Slam Shut-SoundBible_uid-pg4dq8.wav,impulse_noise,0,test,ImpulseEvents.parquet,ImpulseEvent,44100,1,2025-11-09,Cellar Door,,,,,30000,10
Citty_Traffic Ambiance-SoundBible_uid-87yimc,87yimc,Citty_Traffic Ambiance-SoundBible_uid-87yimc.wav,audio/Citty_Traffic Ambiance-SoundBible_uid-87yimc.wav,impulse_noise,0,test,libdata_impulz_2.1.parquet,,44100,1,2026-04-11,,,,,,30000,10
Citty_Traffic Ambiance-SoundBible_uid-8vk0wx,8vk0wx,Citty_Traffic Ambiance-SoundBible_uid-8vk0wx.wav,audio/Citty_Traffic Ambiance-SoundBible_uid-8vk0wx.wav,impulse_noise,0,test,libdata_impulz_2.1.parquet,,44100,1,2026-04-11,,,,,,30000,10
Citty_Traffic Ambiance-SoundBible_uid-mxbe2e,mxbe2e,Citty_Traffic Ambiance-SoundBible_uid-mxbe2e.wav,audio/Citty_Traffic Ambiance-SoundBible_uid-mxbe2e.wav,impulse_noise,0,test,libdata_impulz_2.1.parquet,,44100,1,2026-04-11,,,,,,30000,10
Citty_Traffic Ambiance-SoundBible_uid-q0srdn,q0srdn,Citty_Traffic Ambiance-SoundBible_uid-q0srdn.wav,audio/Citty_Traffic Ambiance-SoundBible_uid-q0srdn.wav,impulse_noise,0,test,libdata_impulz_2.1.parquet,,44100,1,2026-04-11,,,,,,30000,10
City_Ambiance-SoundBible_uid-8yrqh9,8yrqh9,City_Ambiance-SoundBible_uid-8yrqh9.wav,audio/City_Ambiance-SoundBible_uid-8yrqh9.wav,impulse_noise,0,test,libdata_impulz_2.1.parquet,,44100,1,2026-04-11,,,,,,30000,10
City_Ambiance-SoundBible_uid-t8xlgr,t8xlgr,City_Ambiance-SoundBible_uid-t8xlgr.wav,audio/City_Ambiance-SoundBible_uid-t8xlgr.wav,impulse_noise,0,test,libdata_impulz_2.1.parquet,,44100,1,2026-04-11,,,,,,30000,10
Classroom_Ambiance-SoundBible_uid-q49pv1,q49pv1,Classroom_Ambiance-SoundBible_uid-q49pv1.wav,audio/Classroom_Ambiance-SoundBible_uid-q49pv1.wav,impulse_noise,0,test,libdata_impulz_2.1.parquet,,44100,1,2026-04-11,,,,,,30000,10
Classroom_Ambiance-SoundBible_uid-qfbdk0,qfbdk0,Classroom_Ambiance-SoundBible_uid-qfbdk0.wav,audio/Classroom_Ambiance-SoundBible_uid-qfbdk0.wav,impulse_noise,0,test,libdata_impulz_2.1.parquet,,44100,1,2026-04-11,,,,,,30000,10
Classroom_Ambiance-SoundBible_uid-uu3ewb,uu3ewb,Classroom_Ambiance-SoundBible_uid-uu3ewb.wav,audio/Classroom_Ambiance-SoundBible_uid-uu3ewb.wav,impulse_noise,0,test,libdata_impulz_2.1.parquet,,44100,1,2026-04-11,,,,,,30000,10
Classroom_Ambiance-SoundBible_uid-xdl758,xdl758,Classroom_Ambiance-SoundBible_uid-xdl758.wav,audio/Classroom_Ambiance-SoundBible_uid-xdl758.wav,impulse_noise,0,test,libdata_impulz_2.1.parquet,,44100,1,2026-04-11,,,,,,30000,10
Close_Vault_Or_Jail_Door-SoundBible_uid-lasl2n,lasl2n,Close_Vault_Or_Jail_Door-SoundBible_uid-lasl2n.wav,audio/Close_Vault_Or_Jail_Door-SoundBible_uid-lasl2n.wav,impulse_noise,0,test,libdata_impulz_2.1.parquet,,44100,1,2026-04-11,,,,,,30000,10
Dog_Barking-SoundBible_uid-3uyzqt,3uyzqt,Dog_Barking-SoundBible_uid-3uyzqt.wav,audio/Dog_Barking-SoundBible_uid-3uyzqt.wav,impulse_noise,0,test,libdata_impulz_2.1.parquet,,44100,1,2026-04-11,,,,,,30000,10
Dog_Barking-SoundBible_uid-udwefz,udwefz,Dog_Barking-SoundBible_uid-udwefz.wav,audio/Dog_Barking-SoundBible_uid-udwefz.wav,impulse_noise,0,test,ImpulseEvents.parquet,ImpulseEvent,44100,1,2025-11-09,Dog barking,,,,,30000,10
Dogs_Barking-SoundBible_uid-0ftva8,0ftva8,Dogs_Barking-SoundBible_uid-0ftva8.wav,audio/Dogs_Barking-SoundBible_uid-0ftva8.wav,impulse_noise,0,test,libdata_impulz_2.1.parquet,,44100,1,2026-04-11,,,,,,30000,10
Dogs_Barking-SoundBible_uid-itlawo,itlawo,Dogs_Barking-SoundBible_uid-itlawo.wav,audio/Dogs_Barking-SoundBible_uid-itlawo.wav,impulse_noise,0,test,libdata_impulz_2.1.parquet,,44100,1,2026-04-11,,,,,,30000,10
Dogs_Barking-SoundBible_uid-k8qbi9,k8qbi9,Dogs_Barking-SoundBible_uid-k8qbi9.wav,audio/Dogs_Barking-SoundBible_uid-k8qbi9.wav,impulse_noise,0,test,libdata_impulz_2.1.parquet,,44100,1,2026-04-11,,,,,,30000,10
End_of_Game-Mike_Koenig-617089079_uid-0scusn,0scusn,End_of_Game-Mike_Koenig-617089079_uid-0scusn.wav,audio/End_of_Game-Mike_Koenig-617089079_uid-0scusn.wav,impulse_noise,0,test,libdata_impulz_2.1.parquet,,44100,1,2026-04-11,,,,,,30000,10
Engine_Inside_Car-SoundBible_uid-as3jed,as3jed,Engine_Inside_Car-SoundBible_uid-as3jed.wav,audio/Engine_Inside_Car-SoundBible_uid-as3jed.wav,impulse_noise,0,test,ImpulseEvents.parquet,ImpulseEvent,44100,1,2025-11-09,Engine inside car,,,,,30000,10
Fast_Heel_Walk-Kyanna_Johnson-1646343608_uid-8u9yx0,8u9yx0,Fast_Heel_Walk-Kyanna_Johnson-1646343608_uid-8u9yx0.wav,audio/Fast_Heel_Walk-Kyanna_Johnson-1646343608_uid-8u9yx0.wav,impulse_noise,0,test,libdata_impulz_2.1.parquet,,44100,1,2026-04-11,,,,,,30000,10
Fast_Heel_Walk-Kyanna_Johnson-1646343608_uid-9pwmgu,9pwmgu,Fast_Heel_Walk-Kyanna_Johnson-1646343608_uid-9pwmgu.wav,audio/Fast_Heel_Walk-Kyanna_Johnson-1646343608_uid-9pwmgu.wav,impulse_noise,0,test,libdata_impulz_2.1.parquet,,44100,1,2026-04-11,,,,,,30000,10
Female_Scream_Horror-NeoPhyTe-138499973_uid-w7fb5j,w7fb5j,Female_Scream_Horror-NeoPhyTe-138499973_uid-w7fb5j.wav,audio/Female_Scream_Horror-NeoPhyTe-138499973_uid-w7fb5j.wav,impulse_noise,0,test,libdata_impulz_2.1.parquet,,11025,1,2026-04-11,,,,,,30000,10
Footsteps_SoundBible_uid-4v6zy1,4v6zy1,Footsteps_SoundBible_uid-4v6zy1.wav,audio/Footsteps_SoundBible_uid-4v6zy1.wav,impulse_noise,0,test,ImpulseEvents.parquet,ImpulseEvent,44100,1,2025-11-09,Footstep,,,,,30000,10
Footsteps_SoundBible_uid-dg95vk,dg95vk,Footsteps_SoundBible_uid-dg95vk.wav,audio/Footsteps_SoundBible_uid-dg95vk.wav,impulse_noise,0,test,libdata_impulz_2.1.parquet,,44100,1,2026-04-11,,,,,,30000,10
Footsteps_SoundBible_uid-hnz36f,hnz36f,Footsteps_SoundBible_uid-hnz36f.wav,audio/Footsteps_SoundBible_uid-hnz36f.wav,impulse_noise,0,test,ImpulseEvents.parquet,ImpulseEvent,44100,1,2025-11-09,Footstep,,,,,30000,10
Frying_Pan_Impact-SoundBible_uid-nbylf3,nbylf3,Frying_Pan_Impact-SoundBible_uid-nbylf3.wav,audio/Frying_Pan_Impact-SoundBible_uid-nbylf3.wav,impulse_noise,0,test,ImpulseEvents.parquet,ImpulseEvent,44100,1,2025-11-09,Flying pan,,,,,30000,10
Indian_Bell-SoundBible_uid-t0u6xu,t0u6xu,Indian_Bell-SoundBible_uid-t0u6xu.wav,audio/Indian_Bell-SoundBible_uid-t0u6xu.wav,impulse_noise,0,test,libdata_impulz_2.1.parquet,,44100,1,2026-04-11,,,,,,30000,10
Japanese_Temple Bell Small-SoundBible_uid-3fhudh,3fhudh,Japanese_Temple Bell Small-SoundBible_uid-3fhudh.wav,audio/Japanese_Temple Bell Small-SoundBible_uid-3fhudh.wav,impulse_noise,0,test,libdata_impulz_2.1.parquet,,44100,1,2026-04-11,,,,,,30000,10
Japanese_Temple Bell Small-SoundBible_uid-8kpqn1,8kpqn1,Japanese_Temple Bell Small-SoundBible_uid-8kpqn1.wav,audio/Japanese_Temple Bell Small-SoundBible_uid-8kpqn1.wav,impulse_noise,0,test,libdata_impulz_2.1.parquet,,44100,1,2026-04-11,,,,,,30000,10
Large_Door_Slam-SoundBible_uid-ljg1k3,ljg1k3,Large_Door_Slam-SoundBible_uid-ljg1k3.wav,audio/Large_Door_Slam-SoundBible_uid-ljg1k3.wav,impulse_noise,0,test,libdata_impulz_2.1.parquet,,44100,1,2026-04-11,,,,,,30000,10
Little_Girl_Talking-Mike_Koenig-782373463_uid-bstw5g,bstw5g,Little_Girl_Talking-Mike_Koenig-782373463_uid-bstw5g.wav,audio/Little_Girl_Talking-Mike_Koenig-782373463_uid-bstw5g.wav,impulse_noise,0,test,libdata_impulz_2.1.parquet,,44100,1,2026-04-11,,,,,,30000,10
Metal_Gong-Dianakc-109711828_uid-hlegwg,hlegwg,Metal_Gong-Dianakc-109711828_uid-hlegwg.wav,audio/Metal_Gong-Dianakc-109711828_uid-hlegwg.wav,impulse_noise,0,test,libdata_impulz_2.1.parquet,,44100,1,2026-04-11,,,,,,30000,10
Motorcycle_Engine-SoundBible_uid-bo8n5y,bo8n5y,Motorcycle_Engine-SoundBible_uid-bo8n5y.wav,audio/Motorcycle_Engine-SoundBible_uid-bo8n5y.wav,impulse_noise,0,test,ImpulseEvents.parquet,ImpulseEvent,44100,1,2025-11-09,Motorcycle engine,,,,,30000,10
Neighborhood_Dogs Barking-SoundBible_uid-6a1kho,6a1kho,Neighborhood_Dogs Barking-SoundBible_uid-6a1kho.wav,audio/Neighborhood_Dogs Barking-SoundBible_uid-6a1kho.wav,impulse_noise,0,test,libdata_impulz_2.1.parquet,,44100,1,2026-04-11,,,,,,30000,10
Neighborhood_Dogs Barking-SoundBible_uid-7mwktq,7mwktq,Neighborhood_Dogs Barking-SoundBible_uid-7mwktq.wav,audio/Neighborhood_Dogs Barking-SoundBible_uid-7mwktq.wav,impulse_noise,0,test,libdata_impulz_2.1.parquet,,44100,1,2026-04-11,,,,,,30000,10
Neighborhood_Dogs Barking-SoundBible_uid-dwmjp4,dwmjp4,Neighborhood_Dogs Barking-SoundBible_uid-dwmjp4.wav,audio/Neighborhood_Dogs Barking-SoundBible_uid-dwmjp4.wav,impulse_noise,0,test,libdata_impulz_2.1.parquet,,44100,1,2026-04-11,,,,,,30000,10
Neighborhood_Dogs Barking-SoundBible_uid-kc7h7x,kc7h7x,Neighborhood_Dogs Barking-SoundBible_uid-kc7h7x.wav,audio/Neighborhood_Dogs Barking-SoundBible_uid-kc7h7x.wav,impulse_noise,0,test,libdata_impulz_2.1.parquet,,44100,1,2026-04-11,,,,,,30000,10
Neighborhood_Dogs Barking-SoundBible_uid-p7gr4b,p7gr4b,Neighborhood_Dogs Barking-SoundBible_uid-p7gr4b.wav,audio/Neighborhood_Dogs Barking-SoundBible_uid-p7gr4b.wav,impulse_noise,0,test,libdata_impulz_2.1.parquet,,44100,1,2026-04-11,,,,,,30000,10
Neighborhood_Dogs Barking-SoundBible_uid-rq1qkq,rq1qkq,Neighborhood_Dogs Barking-SoundBible_uid-rq1qkq.wav,audio/Neighborhood_Dogs Barking-SoundBible_uid-rq1qkq.wav,impulse_noise,0,test,libdata_impulz_2.1.parquet,,44100,1,2026-04-11,,,,,,30000,10
Obama_Speech Liar-SoundBible_uid-8mnhtv,8mnhtv,Obama_Speech Liar-SoundBible_uid-8mnhtv.wav,audio/Obama_Speech Liar-SoundBible_uid-8mnhtv.wav,impulse_noise,0,test,libdata_impulz_2.1.parquet,,44100,1,2026-04-11,,,,,,30000,10
Old_Door_Creaking-SoundBible_uid-e16ryq,e16ryq,Old_Door_Creaking-SoundBible_uid-e16ryq.wav,audio/Old_Door_Creaking-SoundBible_uid-e16ryq.wav,impulse_noise,0,test,libdata_impulz_2.1.parquet,,44100,1,2026-04-11,,,,,,30000,10
Old_Door_Creaking-SoundBible_uid-f2vs74,f2vs74,Old_Door_Creaking-SoundBible_uid-f2vs74.wav,audio/Old_Door_Creaking-SoundBible_uid-f2vs74.wav,impulse_noise,0,test,libdata_impulz_2.1.parquet,,44100,1,2026-04-11,,,,,,30000,10
Old_Door_Creaking-SoundBible_uid-ozrhlo,ozrhlo,Old_Door_Creaking-SoundBible_uid-ozrhlo.wav,audio/Old_Door_Creaking-SoundBible_uid-ozrhlo.wav,impulse_noise,0,test,libdata_impulz_2.1.parquet,,44100,1,2026-04-11,,,,,,30000,10
Old_Door_Creaking-SoundBible_uid-q6uf3u,q6uf3u,Old_Door_Creaking-SoundBible_uid-q6uf3u.wav,audio/Old_Door_Creaking-SoundBible_uid-q6uf3u.wav,impulse_noise,0,test,libdata_impulz_2.1.parquet,,44100,1,2026-04-11,,,,,,30000,10
Police Siren 3-SoundBible_uid-nytspf,nytspf,Police Siren 3-SoundBible_uid-nytspf.wav,audio/Police Siren 3-SoundBible_uid-nytspf.wav,impulse_noise,0,test,libdata_impulz_2.1.parquet,,44100,1,2026-04-11,,,,,,30000,10
Police_Siren-SoundBible_uid-uyk0z0,uyk0z0,Police_Siren-SoundBible_uid-uyk0z0.wav,audio/Police_Siren-SoundBible_uid-uyk0z0.wav,impulse_noise,0,test,libdata_impulz_2.1.parquet,,44100,1,2026-04-11,,,,,,30000,10
Psycho_Scream-SoundBible_uid-4qhwlo,4qhwlo,Psycho_Scream-SoundBible_uid-4qhwlo.wav,audio/Psycho_Scream-SoundBible_uid-4qhwlo.wav,impulse_noise,0,test,ImpulseEvents.parquet,ImpulseEvent,44100,1,2025-11-09,Psycho scream,,,,,30000,10
Psycho_Scream-SoundBible_uid-uococi,uococi,Psycho_Scream-SoundBible_uid-uococi.wav,audio/Psycho_Scream-SoundBible_uid-uococi.wav,impulse_noise,0,test,ImpulseEvents.parquet,ImpulseEvent,44100,1,2025-11-09,Psycho scream,,,,,30000,10
Puppy_Dog Barking-SoundBible_uid-130qr7,130qr7,Puppy_Dog Barking-SoundBible_uid-130qr7.wav,audio/Puppy_Dog Barking-SoundBible_uid-130qr7.wav,impulse_noise,0,test,libdata_impulz_2.1.parquet,,44100,1,2026-04-11,,,,,,30000,10
Puppy_Dog Barking-SoundBible_uid-zrfwba,zrfwba,Puppy_Dog Barking-SoundBible_uid-zrfwba.wav,audio/Puppy_Dog Barking-SoundBible_uid-zrfwba.wav,impulse_noise,0,test,libdata_impulz_2.1.parquet,,44100,1,2026-04-11,,,,,,30000,10
Race_Car Idle-SoundBible_uid-5il88u,5il88u,Race_Car Idle-SoundBible_uid-5il88u.wav,audio/Race_Car Idle-SoundBible_uid-5il88u.wav,impulse_noise,0,test,libdata_impulz_2.1.parquet,,44100,1,2026-04-11,,,,,,30000,10
Race_Car Idle-SoundBible_uid-bjwy2y,bjwy2y,Race_Car Idle-SoundBible_uid-bjwy2y.wav,audio/Race_Car Idle-SoundBible_uid-bjwy2y.wav,impulse_noise,0,test,libdata_impulz_2.1.parquet,,44100,1,2026-04-11,,,,,,30000,10
Race_Car Idle-SoundBible_uid-i7dn0k,i7dn0k,Race_Car Idle-SoundBible_uid-i7dn0k.wav,audio/Race_Car Idle-SoundBible_uid-i7dn0k.wav,impulse_noise,0,test,libdata_impulz_2.1.parquet,,44100,1,2026-04-11,,,,,,30000,10
Restaurant Walla Track-SoundBible_uid-19b0uq,19b0uq,Restaurant Walla Track-SoundBible_uid-19b0uq.wav,audio/Restaurant Walla Track-SoundBible_uid-19b0uq.wav,impulse_noise,0,test,libdata_impulz_2.1.parquet,,44100,1,2026-04-11,,,,,,30000,10
Restaurant Walla Track-SoundBible_uid-e11kg8,e11kg8,Restaurant Walla Track-SoundBible_uid-e11kg8.wav,audio/Restaurant Walla Track-SoundBible_uid-e11kg8.wav,impulse_noise,0,test,libdata_impulz_2.1.parquet,,44100,1,2026-04-11,,,,,,30000,10
Restaurant Walla Track-SoundBible_uid-fk59q6,fk59q6,Restaurant Walla Track-SoundBible_uid-fk59q6.wav,audio/Restaurant Walla Track-SoundBible_uid-fk59q6.wav,impulse_noise,0,test,libdata_impulz_2.1.parquet,,44100,1,2026-04-11,,,,,,30000,10
School_Fire_Alarm-Cullen_Card-202875844_uid-rfkm7v,rfkm7v,School_Fire_Alarm-Cullen_Card-202875844_uid-rfkm7v.wav,audio/School_Fire_Alarm-Cullen_Card-202875844_uid-rfkm7v.wav,impulse_noise,0,test,libdata_impulz_2.1.parquet,,44100,1,2026-04-11,,,,,,30000,10
Shift_Gears-SoundBible_uid-cvmuj8,cvmuj8,Shift_Gears-SoundBible_uid-cvmuj8.wav,audio/Shift_Gears-SoundBible_uid-cvmuj8.wav,impulse_noise,0,test,libdata_impulz_2.1.parquet,,22050,1,2026-04-11,,,,,,30000,10
Ship_Bell-Mike_Koenig-1911209136_uid-e2z0y7,e2z0y7,Ship_Bell-Mike_Koenig-1911209136_uid-e2z0y7.wav,audio/Ship_Bell-Mike_Koenig-1911209136_uid-e2z0y7.wav,impulse_noise,0,test,libdata_impulz_2.1.parquet,,22050,1,2026-04-11,,,,,,30000,10
Ship_Brass_Bell-Mike_Koenig-1458750630_uid-oksrz0,oksrz0,Ship_Brass_Bell-Mike_Koenig-1458750630_uid-oksrz0.wav,audio/Ship_Brass_Bell-Mike_Koenig-1458750630_uid-oksrz0.wav,impulse_noise,0,test,libdata_impulz_2.1.parquet,,22050,1,2026-04-11,,,,,,30000,10
Shopping_Mall Ambiance-SoundBible_uid-fa5yaq,fa5yaq,Shopping_Mall Ambiance-SoundBible_uid-fa5yaq.wav,audio/Shopping_Mall Ambiance-SoundBible_uid-fa5yaq.wav,impulse_noise,0,test,libdata_impulz_2.1.parquet,,44100,1,2026-04-11,,,,,,30000,10
Sleigh_Bells_Ringing-SoundBible_uid-i52bxo,i52bxo,Sleigh_Bells_Ringing-SoundBible_uid-i52bxo.wav,audio/Sleigh_Bells_Ringing-SoundBible_uid-i52bxo.wav,impulse_noise,0,test,libdata_impulz_2.1.parquet,,44100,1,2026-04-11,,,,,,30000,10
Sleigh_Bells_Ringing-SoundBible_uid-xjtewi,xjtewi,Sleigh_Bells_Ringing-SoundBible_uid-xjtewi.wav,audio/Sleigh_Bells_Ringing-SoundBible_uid-xjtewi.wav,impulse_noise,0,test,libdata_impulz_2.1.parquet,,44100,1,2026-04-11,,,,,,30000,10
Soldiers_Marching-SoundBible_uid-0eax5q,0eax5q,Soldiers_Marching-SoundBible_uid-0eax5q.wav,audio/Soldiers_Marching-SoundBible_uid-0eax5q.wav,impulse_noise,0,test,libdata_impulz_2.1.parquet,,44100,1,2026-04-11,,,,,,30000,10
Soldiers_Marching-SoundBible_uid-4m3auc,4m3auc,Soldiers_Marching-SoundBible_uid-4m3auc.wav,audio/Soldiers_Marching-SoundBible_uid-4m3auc.wav,impulse_noise,0,test,libdata_impulz_2.1.parquet,,44100,1,2026-04-11,,,,,,30000,10
Soldiers_Marching-SoundBible_uid-51ygbj,51ygbj,Soldiers_Marching-SoundBible_uid-51ygbj.wav,audio/Soldiers_Marching-SoundBible_uid-51ygbj.wav,impulse_noise,0,test,libdata_impulz_2.1.parquet,,44100,1,2026-04-11,,,,,,30000,10
Soldiers_Marching-SoundBible_uid-5xkxw1,5xkxw1,Soldiers_Marching-SoundBible_uid-5xkxw1.wav,audio/Soldiers_Marching-SoundBible_uid-5xkxw1.wav,impulse_noise,0,test,libdata_impulz_2.1.parquet,,44100,1,2026-04-11,,,,,,30000,10
Soldiers_Marching-SoundBible_uid-bqrx9i,bqrx9i,Soldiers_Marching-SoundBible_uid-bqrx9i.wav,audio/Soldiers_Marching-SoundBible_uid-bqrx9i.wav,impulse_noise,0,test,libdata_impulz_2.1.parquet,,44100,1,2026-04-11,,,,,,30000,10
Sports_Bar Patrons Loud-SoundBible_uid-0qx8ca,0qx8ca,Sports_Bar Patrons Loud-SoundBible_uid-0qx8ca.wav,audio/Sports_Bar Patrons Loud-SoundBible_uid-0qx8ca.wav,impulse_noise,0,test,libdata_impulz_2.1.parquet,,44100,1,2026-04-11,,,,,,30000,10
Steam_Engine-John-1826274710_uid-1hznao,1hznao,Steam_Engine-John-1826274710_uid-1hznao.wav,audio/Steam_Engine-John-1826274710_uid-1hznao.wav,impulse_noise,0,test,libdata_impulz_2.1.parquet,,44100,1,2026-04-11,,,,,,30000,10
Steam_Engine-John-1826274710_uid-9qykmv,9qykmv,Steam_Engine-John-1826274710_uid-9qykmv.wav,audio/Steam_Engine-John-1826274710_uid-9qykmv.wav,impulse_noise,0,test,libdata_impulz_2.1.parquet,,44100,1,2026-04-11,,,,,,30000,10
Steam_Engine-John-1826274710_uid-pe5dcl,pe5dcl,Steam_Engine-John-1826274710_uid-pe5dcl.wav,audio/Steam_Engine-John-1826274710_uid-pe5dcl.wav,impulse_noise,0,test,libdata_impulz_2.1.parquet,,44100,1,2026-04-11,,,,,,30000,10
Swimming_Pool Ambiance-SoundBible_uid-thd1td,thd1td,Swimming_Pool Ambiance-SoundBible_uid-thd1td.wav,audio/Swimming_Pool Ambiance-SoundBible_uid-thd1td.wav,impulse_noise,0,test,libdata_impulz_2.1.parquet,,44100,1,2026-04-11,,,,,,30000,10
Temple_Bell Huge-SoundBible_uid-vwd9pv,vwd9pv,Temple_Bell Huge-SoundBible_uid-vwd9pv.wav,audio/Temple_Bell Huge-SoundBible_uid-vwd9pv.wav,impulse_noise,0,test,libdata_impulz_2.1.parquet,,44100,1,2026-04-11,,,,,,30000,10
Tornado_Siren_II-Delilah-747233690_uid-9imkus,9imkus,Tornado_Siren_II-Delilah-747233690_uid-9imkus.wav,audio/Tornado_Siren_II-Delilah-747233690_uid-9imkus.wav,impulse_noise,0,test,libdata_impulz_2.1.parquet,,44100,1,2026-04-11,,,,,,30000,10
Tornado_Siren_II-Delilah-747233690_uid-k23l64,k23l64,Tornado_Siren_II-Delilah-747233690_uid-k23l64.wav,audio/Tornado_Siren_II-Delilah-747233690_uid-k23l64.wav,impulse_noise,0,test,libdata_impulz_2.1.parquet,,44100,1,2026-04-11,,,,,,30000,10
Tornado_Siren_II-Delilah-747233690_uid-yu5cjs,yu5cjs,Tornado_Siren_II-Delilah-747233690_uid-yu5cjs.wav,audio/Tornado_Siren_II-Delilah-747233690_uid-yu5cjs.wav,impulse_noise,0,test,libdata_impulz_2.1.parquet,,44100,1,2026-04-11,,,,,,30000,10
Tornado_Siren_SoundBible_uid-6dnh9z,6dnh9z,Tornado_Siren_SoundBible_uid-6dnh9z.wav,audio/Tornado_Siren_SoundBible_uid-6dnh9z.wav,impulse_noise,0,test,libdata_impulz_2.1.parquet,,44100,1,2026-04-11,,,,,,30000,10
Tornado_Siren_SoundBible_uid-g7d17q,g7d17q,Tornado_Siren_SoundBible_uid-g7d17q.wav,audio/Tornado_Siren_SoundBible_uid-g7d17q.wav,impulse_noise,0,test,libdata_impulz_2.1.parquet,,44100,1,2026-04-11,,,,,,30000,10
Walking-SoundBible_uid-62j3do,62j3do,Walking-SoundBible_uid-62j3do.wav,audio/Walking-SoundBible_uid-62j3do.wav,impulse_noise,0,test,libdata_impulz_2.1.parquet,,44100,1,2026-04-11,,,,,,30000,10
Walking_In_Snow-SoundBible_uid-hoifci,hoifci,Walking_In_Snow-SoundBible_uid-hoifci.wav,audio/Walking_In_Snow-SoundBible_uid-hoifci.wav,impulse_noise,0,test,libdata_impulz_2.1.parquet,,44100,1,2026-04-11,,,,,,30000,10
Walking_On_Gravel-SoundBible_uid-7duozg,7duozg,Walking_On_Gravel-SoundBible_uid-7duozg.wav,audio/Walking_On_Gravel-SoundBible_uid-7duozg.wav,impulse_noise,0,test,libdata_impulz_2.1.parquet,,44100,1,2026-04-11,,,,,,30000,10
Walking_On_Gravel-SoundBible_uid-fi611q,fi611q,Walking_On_Gravel-SoundBible_uid-fi611q.wav,audio/Walking_On_Gravel-SoundBible_uid-fi611q.wav,impulse_noise,0,test,libdata_impulz_2.1.parquet,,44100,1,2026-04-11,,,,,,30000,10
Walking_On_Gravel-SoundBible_uid-jhzvu7,jhzvu7,Walking_On_Gravel-SoundBible_uid-jhzvu7.wav,audio/Walking_On_Gravel-SoundBible_uid-jhzvu7.wav,impulse_noise,0,test,libdata_impulz_2.1.parquet,,44100,1,2026-04-11,,,,,,30000,10
Winston_Churchill Nazi Speech-SoundBible_uid-2unyd8,2unyd8,Winston_Churchill Nazi Speech-SoundBible_uid-2unyd8.wav,audio/Winston_Churchill Nazi Speech-SoundBible_uid-2unyd8.wav,impulse_noise,0,test,libdata_impulz_2.1.parquet,,44100,1,2026-04-11,,,,,,30000,10
Winston_Churchill Nazi Speech-SoundBible_uid-761zdn,761zdn,Winston_Churchill Nazi Speech-SoundBible_uid-761zdn.wav,audio/Winston_Churchill Nazi Speech-SoundBible_uid-761zdn.wav,impulse_noise,0,test,libdata_impulz_2.1.parquet,,44100,1,2026-04-11,,,,,,30000,10
Winston_Churchill Nazi Speech-SoundBible_uid-g4x51s,g4x51s,Winston_Churchill Nazi Speech-SoundBible_uid-g4x51s.wav,audio/Winston_Churchill Nazi Speech-SoundBible_uid-g4x51s.wav,impulse_noise,0,test,libdata_impulz_2.1.parquet,,44100,1,2026-04-11,,,,,,30000,10
Winston_Churchill Nazi Speech-SoundBible_uid-jp39dv,jp39dv,Winston_Churchill Nazi Speech-SoundBible_uid-jp39dv.wav,audio/Winston_Churchill Nazi Speech-SoundBible_uid-jp39dv.wav,impulse_noise,0,test,libdata_impulz_2.1.parquet,,44100,1,2026-04-11,,,,,,30000,10
Winston_Churchill Nazi Speech-SoundBible_uid-rwukdv,rwukdv,Winston_Churchill Nazi Speech-SoundBible_uid-rwukdv.wav,audio/Winston_Churchill Nazi Speech-SoundBible_uid-rwukdv.wav,impulse_noise,0,test,libdata_impulz_2.1.parquet,,44100,1,2026-04-11,,,,,,30000,10
Woman_Screaming 2-SoundBible_uid-c9acqz,c9acqz,Woman_Screaming 2-SoundBible_uid-c9acqz.wav,audio/Woman_Screaming 2-SoundBible_uid-c9acqz.wav,impulse_noise,0,test,libdata_impulz_2.1.parquet,,44100,1,2026-04-11,,,,,,30000,10
church_chime-daniel_simon (1)_uid-zsrdac,zsrdac,church_chime-daniel_simon (1)_uid-zsrdac.wav,audio/church_chime-daniel_simon (1)_uid-zsrdac.wav,impulse_noise,0,test,libdata_impulz_2.1.parquet,,44100,1,2026-04-11,,,,,,30000,10
church_chime-daniel_simon_uid-bbyw01,bbyw01,church_chime-daniel_simon_uid-bbyw01.wav,audio/church_chime-daniel_simon_uid-bbyw01.wav,impulse_noise,0,test,ImpulseEvents.parquet,ImpulseEvent,44100,1,2025-11-09,Church Chime,,,,,30000,10
church_chime-daniel_simon_uid-sxzijw,sxzijw,church_chime-daniel_simon_uid-sxzijw.wav,audio/church_chime-daniel_simon_uid-sxzijw.wav,impulse_noise,0,test,ImpulseEvents.parquet,ImpulseEvent,44100,1,2025-11-09,Church Chime,,,,,30000,10
doberman_pincher_daniel-simion_uid-348sts,348sts,doberman_pincher_daniel-simion_uid-348sts.wav,audio/doberman_pincher_daniel-simion_uid-348sts.wav,impulse_noise,0,test,ImpulseEvents.parquet,ImpulseEvent,44100,1,2025-11-09,Doberman,,,,,30000,10
doberman_pincher_daniel-simion_uid-4gutjw,4gutjw,doberman_pincher_daniel-simion_uid-4gutjw.wav,audio/doberman_pincher_daniel-simion_uid-4gutjw.wav,impulse_noise,0,test,ImpulseEvents.parquet,ImpulseEvent,44100,1,2025-11-09,Doberman,,,,,30000,10
doberman_pincher_daniel-simion_uid-db2xc6,db2xc6,doberman_pincher_daniel-simion_uid-db2xc6.wav,audio/doberman_pincher_daniel-simion_uid-db2xc6.wav,impulse_noise,0,test,ImpulseEvents.parquet,ImpulseEvent,44100,1,2025-11-09,Doberman,,,,,30000,10
doberman_pincher_daniel-simion_uid-m6nbjk,m6nbjk,doberman_pincher_daniel-simion_uid-m6nbjk.wav,audio/doberman_pincher_daniel-simion_uid-m6nbjk.wav,impulse_noise,0,test,ImpulseEvents.parquet,ImpulseEvent,44100,1,2025-11-09,Doberman,,,,,30000,10
german_shephard-daniel_simon (1)_uid-x57o4h,x57o4h,german_shephard-daniel_simon (1)_uid-x57o4h.wav,audio/german_shephard-daniel_simon (1)_uid-x57o4h.wav,impulse_noise,0,test,libdata_impulz_2.1.parquet,,48000,1,2026-04-11,,,,,,30000,10
german_shephard-daniel_simon_uid-35by3o,35by3o,german_shephard-daniel_simon_uid-35by3o.wav,audio/german_shephard-daniel_simon_uid-35by3o.wav,impulse_noise,0,test,ImpulseEvents.parquet,ImpulseEvent,48000,1,2025-11-09,German shepard barking,,,,,30000,10
hard_shoes_1-daniel_simon_uid-lqfqp3,lqfqp3,hard_shoes_1-daniel_simon_uid-lqfqp3.wav,audio/hard_shoes_1-daniel_simon_uid-lqfqp3.wav,impulse_noise,0,test,libdata_impulz_2.1.parquet,,44100,1,2026-04-11,,,,,,30000,10
harley_davidson-daniel_simon_uid-3gnkx0,3gnkx0,harley_davidson-daniel_simon_uid-3gnkx0.wav,audio/harley_davidson-daniel_simon_uid-3gnkx0.wav,impulse_noise,0,test,libdata_impulz_2.1.parquet,,44100,1,2026-04-11,,,,,,30000,10
harley_davidson-daniel_simon_uid-5tbvav,5tbvav,harley_davidson-daniel_simon_uid-5tbvav.wav,audio/harley_davidson-daniel_simon_uid-5tbvav.wav,impulse_noise,0,test,libdata_impulz_2.1.parquet,,44100,1,2026-04-11,,,,,,30000,10
labrador_barking-daniel_simon_uid-cpx5m6,cpx5m6,labrador_barking-daniel_simon_uid-cpx5m6.wav,audio/labrador_barking-daniel_simon_uid-cpx5m6.wav,impulse_noise,0,test,libdata_impulz_2.1.parquet,,44100,1,2026-04-11,,,,,,30000,10
labrador_barking-daniel_simon_uid-cvf4k1,cvf4k1,labrador_barking-daniel_simon_uid-cvf4k1.wav,audio/labrador_barking-daniel_simon_uid-cvf4k1.wav,impulse_noise,0,test,libdata_impulz_2.1.parquet,,44100,1,2026-04-11,,,,,,30000,10
labrador_barking-daniel_simon_uid-j0e09a,j0e09a,labrador_barking-daniel_simon_uid-j0e09a.wav,audio/labrador_barking-daniel_simon_uid-j0e09a.wav,impulse_noise,0,test,libdata_impulz_2.1.parquet,,44100,1,2026-04-11,,,,,,30000,10
labrador_barking-daniel_simon_uid-mwgdoo,mwgdoo,labrador_barking-daniel_simon_uid-mwgdoo.wav,audio/labrador_barking-daniel_simon_uid-mwgdoo.wav,impulse_noise,0,test,libdata_impulz_2.1.parquet,,44100,1,2026-04-11,,,,,,30000,10
labrador_barking-daniel_simon_uid-p1nd4y,p1nd4y,labrador_barking-daniel_simon_uid-p1nd4y.wav,audio/labrador_barking-daniel_simon_uid-p1nd4y.wav,impulse_noise,0,test,libdata_impulz_2.1.parquet,,44100,1,2026-04-11,,,,,,30000,10
labrador_barking-daniel_simon_uid-px7218,px7218,labrador_barking-daniel_simon_uid-px7218.wav,audio/labrador_barking-daniel_simon_uid-px7218.wav,impulse_noise,0,test,libdata_impulz_2.1.parquet,,44100,1,2026-04-11,,,,,,30000,10
muscle_car-daniel_simon (1)_uid-hvisfn,hvisfn,muscle_car-daniel_simon (1)_uid-hvisfn.wav,audio/muscle_car-daniel_simon (1)_uid-hvisfn.wav,impulse_noise,0,test,libdata_impulz_2.1.parquet,,44100,1,2026-04-11,,,,,,30000,10
muscle_car-daniel_simon_uid-jpcsdl,jpcsdl,muscle_car-daniel_simon_uid-jpcsdl.wav,audio/muscle_car-daniel_simon_uid-jpcsdl.wav,impulse_noise,0,test,ImpulseEvents.parquet,ImpulseEvent,44100,1,2025-11-09,Muscle car,,,,,30000,10
old_car-engine_daniel_simion_uid-2lzarp,2lzarp,old_car-engine_daniel_simion_uid-2lzarp.wav,audio/old_car-engine_daniel_simion_uid-2lzarp.wav,impulse_noise,0,test,libdata_impulz_2.1.parquet,,44100,1,2026-04-11,,,,,,30000,10
old_car-engine_daniel_simion_uid-5xyl64,5xyl64,old_car-engine_daniel_simion_uid-5xyl64.wav,audio/old_car-engine_daniel_simion_uid-5xyl64.wav,impulse_noise,0,test,libdata_impulz_2.1.parquet,,44100,1,2026-04-11,,,,,,30000,10
old_car-engine_daniel_simion_uid-8mfyeb,8mfyeb,old_car-engine_daniel_simion_uid-8mfyeb.wav,audio/old_car-engine_daniel_simion_uid-8mfyeb.wav,impulse_noise,0,test,libdata_impulz_2.1.parquet,,44100,1,2026-04-11,,,,,,30000,10
old_car-engine_daniel_simion_uid-9xmt28,9xmt28,old_car-engine_daniel_simion_uid-9xmt28.wav,audio/old_car-engine_daniel_simion_uid-9xmt28.wav,impulse_noise,0,test,libdata_impulz_2.1.parquet,,44100,1,2026-04-11,,,,,,30000,10
old_fashioned-door-bell-daniel_simon_uid-1bqwmt,1bqwmt,old_fashioned-door-bell-daniel_simon_uid-1bqwmt.wav,audio/old_fashioned-door-bell-daniel_simon_uid-1bqwmt.wav,impulse_noise,0,test,libdata_impulz_2.1.parquet,,44100,1,2026-04-11,,,,,,30000,10
old_fashioned-door-bell-daniel_simon_uid-8q7aiq,8q7aiq,old_fashioned-door-bell-daniel_simon_uid-8q7aiq.wav,audio/old_fashioned-door-bell-daniel_simon_uid-8q7aiq.wav,impulse_noise,0,test,libdata_impulz_2.1.parquet,,44100,1,2026-04-11,,,,,,30000,10
party_crowd-daniel_simon_uid-8pwj7x,8pwj7x,party_crowd-daniel_simon_uid-8pwj7x.wav,audio/party_crowd-daniel_simon_uid-8pwj7x.wav,impulse_noise,0,test,libdata_impulz_2.1.parquet,,44100,1,2026-04-11,,,,,,30000,10
party_crowd-daniel_simon_uid-vroqkp,vroqkp,party_crowd-daniel_simon_uid-vroqkp.wav,audio/party_crowd-daniel_simon_uid-vroqkp.wav,impulse_noise,0,test,libdata_impulz_2.1.parquet,,44100,1,2026-04-11,,,,,,30000,10
railroad_crossing_bell-Brylon_Terry-1551570865 (1)_uid-55is8o,55is8o,railroad_crossing_bell-Brylon_Terry-1551570865 (1)_uid-55is8o.wav,audio/railroad_crossing_bell-Brylon_Terry-1551570865 (1)_uid-55is8o.wav,impulse_noise,0,test,libdata_impulz_2.1.parquet,,44100,1,2026-04-11,,,,,,30000,10
railroad_crossing_bell-Brylon_Terry-1551570865 (1)_uid-6mnkqh,6mnkqh,railroad_crossing_bell-Brylon_Terry-1551570865 (1)_uid-6mnkqh.wav,audio/railroad_crossing_bell-Brylon_Terry-1551570865 (1)_uid-6mnkqh.wav,impulse_noise,0,test,libdata_impulz_2.1.parquet,,44100,1,2026-04-11,,,,,,30000,10
railroad_crossing_bell-Brylon_Terry-1551570865 (1)_uid-mi9sxj,mi9sxj,railroad_crossing_bell-Brylon_Terry-1551570865 (1)_uid-mi9sxj.wav,audio/railroad_crossing_bell-Brylon_Terry-1551570865 (1)_uid-mi9sxj.wav,impulse_noise,0,test,libdata_impulz_2.1.parquet,,44100,1,2026-04-11,,,,,,30000,10
railroad_crossing_bell-Brylon_Terry-1551570865 (1)_uid-n15yft,n15yft,railroad_crossing_bell-Brylon_Terry-1551570865 (1)_uid-n15yft.wav,audio/railroad_crossing_bell-Brylon_Terry-1551570865 (1)_uid-n15yft.wav,impulse_noise,0,test,libdata_impulz_2.1.parquet,,44100,1,2026-04-11,,,,,,30000,10
railroad_crossing_bell-Brylon_Terry-1551570865 (1)_uid-vxl8al,vxl8al,railroad_crossing_bell-Brylon_Terry-1551570865 (1)_uid-vxl8al.wav,audio/railroad_crossing_bell-Brylon_Terry-1551570865 (1)_uid-vxl8al.wav,impulse_noise,0,test,libdata_impulz_2.1.parquet,,44100,1,2026-04-11,,,,,,30000,10
railroad_crossing_bell-Brylon_Terry-1551570865 (1)_uid-waev1t,waev1t,railroad_crossing_bell-Brylon_Terry-1551570865 (1)_uid-waev1t.wav,audio/railroad_crossing_bell-Brylon_Terry-1551570865 (1)_uid-waev1t.wav,impulse_noise,0,test,libdata_impulz_2.1.parquet,,44100,1,2026-04-11,,,,,,30000,10
railroad_crossing_bell-Brylon_Terry-1551570865 (1)_uid-zyz59r,zyz59r,railroad_crossing_bell-Brylon_Terry-1551570865 (1)_uid-zyz59r.wav,audio/railroad_crossing_bell-Brylon_Terry-1551570865 (1)_uid-zyz59r.wav,impulse_noise,0,test,libdata_impulz_2.1.parquet,,44100,1,2026-04-11,,,,,,30000,10
railroad_crossing_bell-Brylon_Terry-1551570865_uid-ejhzbl,ejhzbl,railroad_crossing_bell-Brylon_Terry-1551570865_uid-ejhzbl.wav,audio/railroad_crossing_bell-Brylon_Terry-1551570865_uid-ejhzbl.wav,impulse_noise,0,test,ImpulseEvents.parquet,ImpulseEvent,44100,1,2025-11-09,Railroad bell,,,,,30000,10
railroad_crossing_bell-Brylon_Terry-1551570865_uid-po2yqk,po2yqk,railroad_crossing_bell-Brylon_Terry-1551570865_uid-po2yqk.wav,audio/railroad_crossing_bell-Brylon_Terry-1551570865_uid-po2yqk.wav,impulse_noise,0,test,ImpulseEvents.parquet,ImpulseEvent,44100,1,2025-11-09,Railroad bell,,,,,30000,10
tolling_bell_daniel-simion_uid-kg3lrg,kg3lrg,tolling_bell_daniel-simion_uid-kg3lrg.wav,audio/tolling_bell_daniel-simion_uid-kg3lrg.wav,impulse_noise,0,test,libdata_impulz_2.1.parquet,,44100,1,2026-04-11,,,,,,30000,10
tolling_bell_daniel-simion_uid-witt3h,witt3h,tolling_bell_daniel-simion_uid-witt3h.wav,audio/tolling_bell_daniel-simion_uid-witt3h.wav,impulse_noise,0,test,libdata_impulz_2.1.parquet,,44100,1,2026-04-11,,,,,,30000,10
241008_1_uid-qnzl7l,241008_1_uid-qnzl7l,241008_1_uid-qnzl7l.wav,audio/241008_1_uid-qnzl7l.wav,dana_artillery,1,test,unreferenced_audio,,0,0,,Dana,,,,,,
241008_2_uid-bo0vei,bo0vei,241008_2_uid-bo0vei.wav,audio/241008_2_uid-bo0vei.wav,dana_artillery,1,test,241008.parquet,Artillery,48000,1,2025-11-01,Dana,,,,,30000,10
241008_2_uid-o7vvp1,o7vvp1,241008_2_uid-o7vvp1.wav,audio/241008_2_uid-o7vvp1.wav,dana_artillery,1,test,241008.parquet,Artillery,48000,1,2025-11-01,Dana,,,,,30000,10
241008_3_uid-zqkvz9,zqkvz9,241008_3_uid-zqkvz9.wav,audio/241008_3_uid-zqkvz9.wav,dana_artillery,1,test,241008.parquet,Artillery,48000,1,2025-11-01,Dana,,,,,30000,10
241008_5_uid-7gy4zv,7gy4zv,241008_5_uid-7gy4zv.wav,audio/241008_5_uid-7gy4zv.wav,dana_artillery,1,test,241008.parquet,Artillery,48000,1,2025-11-01,Dana,,,,,30000,10
241008_5_uid-fz4oft,fz4oft,241008_5_uid-fz4oft.wav,audio/241008_5_uid-fz4oft.wav,dana_artillery,1,test,241008.parquet,Artillery,48000,1,2025-11-01,Dana,,,,,30000,10
241008_6_uid-dg4gmo,dg4gmo,241008_6_uid-dg4gmo.wav,audio/241008_6_uid-dg4gmo.wav,dana_artillery,1,test,241008.parquet,Artillery,48000,1,2025-11-01,Dana,,,,,30000,10
241009_4_uid-40vxbk,40vxbk,241009_4_uid-40vxbk.wav,audio/241009_4_uid-40vxbk.wav,dana_artillery,1,test,241009.parquet,Artillery,48000,1,2025-11-01,Dana,,,,,30000,10
241009_4_uid-gkeca3,gkeca3,241009_4_uid-gkeca3.wav,audio/241009_4_uid-gkeca3.wav,dana_artillery,1,test,241009.parquet,Artillery,48000,1,2025-11-01,Dana,,,,,30000,10
241009_4_uid-mzy7d3,mzy7d3,241009_4_uid-mzy7d3.wav,audio/241009_4_uid-mzy7d3.wav,dana_artillery,1,test,241009.parquet,Artillery,48000,1,2025-11-01,Dana,,,,,30000,10
241009_5_uid-37ncoi,37ncoi,241009_5_uid-37ncoi.wav,audio/241009_5_uid-37ncoi.wav,dana_artillery,1,test,241009.parquet,Artillery,48000,1,2025-11-01,Dana,,,,,30000,10
241009_5_uid-av44qa,av44qa,241009_5_uid-av44qa.wav,audio/241009_5_uid-av44qa.wav,dana_artillery,1,test,241009.parquet,Artillery,48000,1,2025-11-01,Dana,,,,,30000,10
241009_5_uid-s48zke,s48zke,241009_5_uid-s48zke.wav,audio/241009_5_uid-s48zke.wav,dana_artillery,1,test,241009.parquet,Artillery,48000,1,2025-11-01,Dana,,,,,30000,10
128302__xenonn__layered-gunshot-8_uid-lse78m,lse78m,128302__xenonn__layered-gunshot-8_uid-lse78m.wav,audio/128302__xenonn__layered-gunshot-8_uid-lse78m.wav,other_gunshot,0,train,gunshots_nonDana.parquet,,44100,1,2026-04-11,,,,,,30000,10
147901__tcawte__gunshot_uid-ffols3,ffols3,147901__tcawte__gunshot_uid-ffols3.wav,audio/147901__tcawte__gunshot_uid-ffols3.wav,other_gunshot,0,train,gunshots_nonDana.parquet,,44100,1,2026-04-11,,,,,,30000,10
180961__kleeb__gunshots_uid-kz30bp,kz30bp,180961__kleeb__gunshots_uid-kz30bp.wav,audio/180961__kleeb__gunshots_uid-kz30bp.wav,other_gunshot,0,train,gunshots_nonDana.parquet,,44100,1,2026-04-11,,,,,,30000,10
20352__cognito-perceptu__gunshot_uid-ejdc8l,ejdc8l,20352__cognito-perceptu__gunshot_uid-ejdc8l.wav,audio/20352__cognito-perceptu__gunshot_uid-ejdc8l.wav,other_gunshot,0,train,gunshots_nonDana.parquet,,44100,1,2026-04-11,,,,,,30000,10
221640__jakesapp23__gunshot-1_uid-t3t56m,t3t56m,221640__jakesapp23__gunshot-1_uid-t3t56m.wav,audio/221640__jakesapp23__gunshot-1_uid-t3t56m.wav,other_gunshot,0,train,gunshots_nonDana.parquet,,44100,1,2026-04-11,,,,,,30000,10
337242__adrilahan__distant-three-round-burst_uid-6au8kr,6au8kr,337242__adrilahan__distant-three-round-burst_uid-6au8kr.wav,audio/337242__adrilahan__distant-three-round-burst_uid-6au8kr.wav,other_gunshot,0,train,gunshots_nonDana.parquet,,44100,1,2026-04-11,,,,,,30000,10
337242__adrilahan__distant-three-round-burst_uid-hpid0y,hpid0y,337242__adrilahan__distant-three-round-burst_uid-hpid0y.wav,audio/337242__adrilahan__distant-three-round-burst_uid-hpid0y.wav,other_gunshot,0,train,gunshots_nonDana.parquet,,44100,1,2026-04-11,,,,,,30000,10
344524__jeremysykes__gunshot02_uid-8hfr2k,8hfr2k,344524__jeremysykes__gunshot02_uid-8hfr2k.wav,audio/344524__jeremysykes__gunshot02_uid-8hfr2k.wav,other_gunshot,0,train,gunshots_nonDana.parquet,,44100,1,2026-04-11,,,,,,30000,10
350264__randomx45__gunshot_uid-k88htu,k88htu,350264__randomx45__gunshot_uid-k88htu.wav,audio/350264__randomx45__gunshot_uid-k88htu.wav,other_gunshot,0,train,gunshots_nonDana.parquet,,44100,1,2026-04-11,,,,,,30000,10
370304__morganpurkis__single-gunshot-2_uid-b0dd83,b0dd83,370304__morganpurkis__single-gunshot-2_uid-b0dd83.wav,audio/370304__morganpurkis__single-gunshot-2_uid-b0dd83.wav,other_gunshot,0,train,gunshots_nonDana.parquet,,44100,1,2026-04-11,,,,,,30000,10
370332__morganpurkis__single-gunshot-2-v2_uid-2shhwg,2shhwg,370332__morganpurkis__single-gunshot-2-v2_uid-2shhwg.wav,audio/370332__morganpurkis__single-gunshot-2-v2_uid-2shhwg.wav,other_gunshot,0,train,gunshots_nonDana.parquet,,44100,1,2026-04-11,,,,,,30000,10
384689__dobroide__20170318gunshotparadiso_uid-49aegw,49aegw,384689__dobroide__20170318gunshotparadiso_uid-49aegw.wav,audio/384689__dobroide__20170318gunshotparadiso_uid-49aegw.wav,other_gunshot,0,train,gunshots_nonDana.parquet,,44100,1,2026-04-11,,,,,,30000,10
384689__dobroide__20170318gunshotparadiso_uid-8mby6q,8mby6q,384689__dobroide__20170318gunshotparadiso_uid-8mby6q.wav,audio/384689__dobroide__20170318gunshotparadiso_uid-8mby6q.wav,other_gunshot,0,train,gunshots_nonDana.parquet,,44100,1,2026-04-11,,,,,,30000,10
384689__dobroide__20170318gunshotparadiso_uid-8nfgas,8nfgas,384689__dobroide__20170318gunshotparadiso_uid-8nfgas.wav,audio/384689__dobroide__20170318gunshotparadiso_uid-8nfgas.wav,other_gunshot,0,train,gunshots_nonDana.parquet,,44100,1,2026-04-11,,,,,,30000,10
384689__dobroide__20170318gunshotparadiso_uid-uof88q,uof88q,384689__dobroide__20170318gunshotparadiso_uid-uof88q.wav,audio/384689__dobroide__20170318gunshotparadiso_uid-uof88q.wav,other_gunshot,0,train,gunshots_nonDana.parquet,,44100,1,2026-04-11,,,,,,30000,10
384689__dobroide__20170318gunshotparadiso_uid-vwkgqm,vwkgqm,384689__dobroide__20170318gunshotparadiso_uid-vwkgqm.wav,audio/384689__dobroide__20170318gunshotparadiso_uid-vwkgqm.wav,other_gunshot,0,train,gunshots_nonDana.parquet,,44100,1,2026-04-11,,,,,,30000,10
384689__dobroide__20170318gunshotparadiso_uid-xdxkmb,xdxkmb,384689__dobroide__20170318gunshotparadiso_uid-xdxkmb.wav,audio/384689__dobroide__20170318gunshotparadiso_uid-xdxkmb.wav,other_gunshot,0,train,gunshots_nonDana.parquet,,44100,1,2026-04-11,,,,,,30000,10
384689__dobroide__20170318gunshotparadiso_uid-zyxakp,zyxakp,384689__dobroide__20170318gunshotparadiso_uid-zyxakp.wav,audio/384689__dobroide__20170318gunshotparadiso_uid-zyxakp.wav,other_gunshot,0,train,gunshots_nonDana.parquet,,44100,1,2026-04-11,,,,,,30000,10
385811__morganpurkis__single-pistol-gunshot-3_uid-ndpa6x,ndpa6x,385811__morganpurkis__single-pistol-gunshot-3_uid-ndpa6x.wav,audio/385811__morganpurkis__single-pistol-gunshot-3_uid-ndpa6x.wav,other_gunshot,0,train,gunshots_nonDana.parquet,,44100,1,2026-04-11,,,,,,30000,10
391847__morganpurkis__single-gunshot-54_uid-ihrkae,ihrkae,391847__morganpurkis__single-gunshot-54_uid-ihrkae.wav,audio/391847__morganpurkis__single-gunshot-54_uid-ihrkae.wav,other_gunshot,0,train,gunshots_nonDana.parquet,,44100,1,2026-04-11,,,,,,30000,10
399266__morganpurkis__simple-gunshot-reverb-test_uid-lr1lb6,lr1lb6,399266__morganpurkis__simple-gunshot-reverb-test_uid-lr1lb6.wav,audio/399266__morganpurkis__simple-gunshot-reverb-test_uid-lr1lb6.wav,other_gunshot,0,train,gunshots_nonDana.parquet,,44100,1,2026-04-11,,,,,,30000,10
402012__eardeer__gunshot__high_5_uid-aaerc6,aaerc6,402012__eardeer__gunshot__high_5_uid-aaerc6.wav,audio/402012__eardeer__gunshot__high_5_uid-aaerc6.wav,other_gunshot,0,train,gunshots_nonDana.parquet,,48000,1,2026-04-11,,,,,,30000,10
402013__eardeer__gunshot__high_4_uid-dzkr28,dzkr28,402013__eardeer__gunshot__high_4_uid-dzkr28.wav,audio/402013__eardeer__gunshot__high_4_uid-dzkr28.wav,other_gunshot,0,train,gunshots_nonDana.parquet,,48000,1,2026-04-11,,,,,,30000,10
402014__eardeer__gunshot__high_6_uid-dd20sk,dd20sk,402014__eardeer__gunshot__high_6_uid-dd20sk.wav,audio/402014__eardeer__gunshot__high_6_uid-dd20sk.wav,other_gunshot,0,train,gunshots_nonDana.parquet,,48000,1,2026-04-11,,,,,,30000,10
402791__acidsnowflake__ak47-and-various-other-gunshots-at-indoor-shooting-range_uid-7aijxv,7aijxv,402791__acidsnowflake__ak47-and-various-other-gunshots-at-indoor-shooting-range_uid-7aijxv.wav,audio/402791__acidsnowflake__ak47-and-various-other-gunshots-at-indoor-shooting-range_uid-7aijxv.wav,other_gunshot,0,train,gunshots_nonDana.parquet,,44100,1,2026-04-11,,,,,,30000,10
402791__acidsnowflake__ak47-and-various-other-gunshots-at-indoor-shooting-range_uid-7x2600,7x2600,402791__acidsnowflake__ak47-and-various-other-gunshots-at-indoor-shooting-range_uid-7x2600.wav,audio/402791__acidsnowflake__ak47-and-various-other-gunshots-at-indoor-shooting-range_uid-7x2600.wav,other_gunshot,0,train,gunshots_nonDana.parquet,,44100,1,2026-04-11,,,,,,30000,10
402791__acidsnowflake__ak47-and-various-other-gunshots-at-indoor-shooting-range_uid-9yxqa7,9yxqa7,402791__acidsnowflake__ak47-and-various-other-gunshots-at-indoor-shooting-range_uid-9yxqa7.wav,audio/402791__acidsnowflake__ak47-and-various-other-gunshots-at-indoor-shooting-range_uid-9yxqa7.wav,other_gunshot,0,train,gunshots_nonDana.parquet,,44100,1,2026-04-11,,,,,,30000,10
402791__acidsnowflake__ak47-and-various-other-gunshots-at-indoor-shooting-range_uid-af9hyb,af9hyb,402791__acidsnowflake__ak47-and-various-other-gunshots-at-indoor-shooting-range_uid-af9hyb.wav,audio/402791__acidsnowflake__ak47-and-various-other-gunshots-at-indoor-shooting-range_uid-af9hyb.wav,other_gunshot,0,train,gunshots_nonDana.parquet,,44100,1,2026-04-11,,,,,,30000,10
402791__acidsnowflake__ak47-and-various-other-gunshots-at-indoor-shooting-range_uid-aymttz,aymttz,402791__acidsnowflake__ak47-and-various-other-gunshots-at-indoor-shooting-range_uid-aymttz.wav,audio/402791__acidsnowflake__ak47-and-various-other-gunshots-at-indoor-shooting-range_uid-aymttz.wav,other_gunshot,0,train,gunshots_nonDana.parquet,,44100,1,2026-04-11,,,,,,30000,10
402791__acidsnowflake__ak47-and-various-other-gunshots-at-indoor-shooting-range_uid-btphrk,btphrk,402791__acidsnowflake__ak47-and-various-other-gunshots-at-indoor-shooting-range_uid-btphrk.wav,audio/402791__acidsnowflake__ak47-and-various-other-gunshots-at-indoor-shooting-range_uid-btphrk.wav,other_gunshot,0,train,gunshots_nonDana.parquet,,44100,1,2026-04-11,,,,,,30000,10
402791__acidsnowflake__ak47-and-various-other-gunshots-at-indoor-shooting-range_uid-emyyzn,emyyzn,402791__acidsnowflake__ak47-and-various-other-gunshots-at-indoor-shooting-range_uid-emyyzn.wav,audio/402791__acidsnowflake__ak47-and-various-other-gunshots-at-indoor-shooting-range_uid-emyyzn.wav,other_gunshot,0,train,gunshots_nonDana.parquet,,44100,1,2026-04-11,,,,,,30000,10
402791__acidsnowflake__ak47-and-various-other-gunshots-at-indoor-shooting-range_uid-ieochv,ieochv,402791__acidsnowflake__ak47-and-various-other-gunshots-at-indoor-shooting-range_uid-ieochv.wav,audio/402791__acidsnowflake__ak47-and-various-other-gunshots-at-indoor-shooting-range_uid-ieochv.wav,other_gunshot,0,train,gunshots_nonDana.parquet,,44100,1,2026-04-11,,,,,,30000,10
402791__acidsnowflake__ak47-and-various-other-gunshots-at-indoor-shooting-range_uid-n6db0o,n6db0o,402791__acidsnowflake__ak47-and-various-other-gunshots-at-indoor-shooting-range_uid-n6db0o.wav,audio/402791__acidsnowflake__ak47-and-various-other-gunshots-at-indoor-shooting-range_uid-n6db0o.wav,other_gunshot,0,train,gunshots_nonDana.parquet,,44100,1,2026-04-11,,,,,,30000,10
402791__acidsnowflake__ak47-and-various-other-gunshots-at-indoor-shooting-range_uid-qwmyny,qwmyny,402791__acidsnowflake__ak47-and-various-other-gunshots-at-indoor-shooting-range_uid-qwmyny.wav,audio/402791__acidsnowflake__ak47-and-various-other-gunshots-at-indoor-shooting-range_uid-qwmyny.wav,other_gunshot,0,train,gunshots_nonDana.parquet,,44100,1,2026-04-11,,,,,,30000,10
402791__acidsnowflake__ak47-and-various-other-gunshots-at-indoor-shooting-range_uid-ria7cw,ria7cw,402791__acidsnowflake__ak47-and-various-other-gunshots-at-indoor-shooting-range_uid-ria7cw.wav,audio/402791__acidsnowflake__ak47-and-various-other-gunshots-at-indoor-shooting-range_uid-ria7cw.wav,other_gunshot,0,train,gunshots_nonDana.parquet,,44100,1,2026-04-11,,,,,,30000,10
402791__acidsnowflake__ak47-and-various-other-gunshots-at-indoor-shooting-range_uid-t420qo,t420qo,402791__acidsnowflake__ak47-and-various-other-gunshots-at-indoor-shooting-range_uid-t420qo.wav,audio/402791__acidsnowflake__ak47-and-various-other-gunshots-at-indoor-shooting-range_uid-t420qo.wav,other_gunshot,0,train,gunshots_nonDana.parquet,,44100,1,2026-04-11,,,,,,30000,10
402791__acidsnowflake__ak47-and-various-other-gunshots-at-indoor-shooting-range_uid-t4sna7,t4sna7,402791__acidsnowflake__ak47-and-various-other-gunshots-at-indoor-shooting-range_uid-t4sna7.wav,audio/402791__acidsnowflake__ak47-and-various-other-gunshots-at-indoor-shooting-range_uid-t4sna7.wav,other_gunshot,0,train,gunshots_nonDana.parquet,,44100,1,2026-04-11,,,,,,30000,10
402791__acidsnowflake__ak47-and-various-other-gunshots-at-indoor-shooting-range_uid-virgye,virgye,402791__acidsnowflake__ak47-and-various-other-gunshots-at-indoor-shooting-range_uid-virgye.wav,audio/402791__acidsnowflake__ak47-and-various-other-gunshots-at-indoor-shooting-range_uid-virgye.wav,other_gunshot,0,train,gunshots_nonDana.parquet,,44100,1,2026-04-11,,,,,,30000,10
402791__acidsnowflake__ak47-and-various-other-gunshots-at-indoor-shooting-range_uid-wim8gs,wim8gs,402791__acidsnowflake__ak47-and-various-other-gunshots-at-indoor-shooting-range_uid-wim8gs.wav,audio/402791__acidsnowflake__ak47-and-various-other-gunshots-at-indoor-shooting-range_uid-wim8gs.wav,other_gunshot,0,train,gunshots_nonDana.parquet,,44100,1,2026-04-11,,,,,,30000,10
404816__straget__gunshot_uid-1lffgk,1lffgk,404816__straget__gunshot_uid-1lffgk.wav,audio/404816__straget__gunshot_uid-1lffgk.wav,other_gunshot,0,train,gunshots_nonDana.parquet,,48000,1,2026-04-11,,,,,,30000,10
405132__fstagi__gunshots_uid-ux8qa6,ux8qa6,405132__fstagi__gunshots_uid-ux8qa6.wav,audio/405132__fstagi__gunshots_uid-ux8qa6.wav,other_gunshot,0,train,gunshots_nonDana.parquet,,44100,1,2026-04-11,,,,,,30000,10
405132__fstagi__gunshots_uid-xyilvk,xyilvk,405132__fstagi__gunshots_uid-xyilvk.wav,audio/405132__fstagi__gunshots_uid-xyilvk.wav,other_gunshot,0,train,gunshots_nonDana.parquet,,44100,1,2026-04-11,,,,,,30000,10
516684__supreme1197__gunshot_uid-wvvzr7,wvvzr7,516684__supreme1197__gunshot_uid-wvvzr7.wav,audio/516684__supreme1197__gunshot_uid-wvvzr7.wav,other_gunshot,0,train,gunshots_nonDana.parquet,,44100,1,2026-04-11,,,,,,30000,10
518181__bolkmar__fx-gunshot_uid-4ei81r,4ei81r,518181__bolkmar__fx-gunshot_uid-4ei81r.wav,audio/518181__bolkmar__fx-gunshot_uid-4ei81r.wav,other_gunshot,0,train,gunshots_nonDana.parquet,,48000,1,2026-04-11,,,,,,30000,10
518181__bolkmar__fx-gunshot_uid-86m5v6,86m5v6,518181__bolkmar__fx-gunshot_uid-86m5v6.wav,audio/518181__bolkmar__fx-gunshot_uid-86m5v6.wav,other_gunshot,0,train,gunshots_nonDana.parquet,,48000,1,2026-04-11,,,,,,30000,10
518181__bolkmar__fx-gunshot_uid-bhz6v7,bhz6v7,518181__bolkmar__fx-gunshot_uid-bhz6v7.wav,audio/518181__bolkmar__fx-gunshot_uid-bhz6v7.wav,other_gunshot,0,train,gunshots_nonDana.parquet,,48000,1,2026-04-11,,,,,,30000,10
518181__bolkmar__fx-gunshot_uid-fzl4r4,fzl4r4,518181__bolkmar__fx-gunshot_uid-fzl4r4.wav,audio/518181__bolkmar__fx-gunshot_uid-fzl4r4.wav,other_gunshot,0,train,gunshots_nonDana.parquet,,48000,1,2026-04-11,,,,,,30000,10
518181__bolkmar__fx-gunshot_uid-mndnub,mndnub,518181__bolkmar__fx-gunshot_uid-mndnub.wav,audio/518181__bolkmar__fx-gunshot_uid-mndnub.wav,other_gunshot,0,train,gunshots_nonDana.parquet,,48000,1,2026-04-11,,,,,,30000,10
518181__bolkmar__fx-gunshot_uid-r0n83p,r0n83p,518181__bolkmar__fx-gunshot_uid-r0n83p.wav,audio/518181__bolkmar__fx-gunshot_uid-r0n83p.wav,other_gunshot,0,train,gunshots_nonDana.parquet,,48000,1,2026-04-11,,,,,,30000,10
519623__nathanchurchyard__gunshots_uid-04snto,04snto,519623__nathanchurchyard__gunshots_uid-04snto.wav,audio/519623__nathanchurchyard__gunshots_uid-04snto.wav,other_gunshot,0,train,gunshots_nonDana.parquet,,44100,1,2026-04-11,,,,,,30000,10
519623__nathanchurchyard__gunshots_uid-0vbgff,0vbgff,519623__nathanchurchyard__gunshots_uid-0vbgff.wav,audio/519623__nathanchurchyard__gunshots_uid-0vbgff.wav,other_gunshot,0,train,gunshots_nonDana.parquet,,44100,1,2026-04-11,,,,,,30000,10
519623__nathanchurchyard__gunshots_uid-221io5,221io5,519623__nathanchurchyard__gunshots_uid-221io5.wav,audio/519623__nathanchurchyard__gunshots_uid-221io5.wav,other_gunshot,0,train,gunshots_nonDana.parquet,,44100,1,2026-04-11,,,,,,30000,10
519623__nathanchurchyard__gunshots_uid-5qaogm,5qaogm,519623__nathanchurchyard__gunshots_uid-5qaogm.wav,audio/519623__nathanchurchyard__gunshots_uid-5qaogm.wav,other_gunshot,0,train,gunshots_nonDana.parquet,,44100,1,2026-04-11,,,,,,30000,10
519623__nathanchurchyard__gunshots_uid-68l6r4,68l6r4,519623__nathanchurchyard__gunshots_uid-68l6r4.wav,audio/519623__nathanchurchyard__gunshots_uid-68l6r4.wav,other_gunshot,0,train,gunshots_nonDana.parquet,,44100,1,2026-04-11,,,,,,30000,10
519623__nathanchurchyard__gunshots_uid-dx8n5j,dx8n5j,519623__nathanchurchyard__gunshots_uid-dx8n5j.wav,audio/519623__nathanchurchyard__gunshots_uid-dx8n5j.wav,other_gunshot,0,train,gunshots_nonDana.parquet,,44100,1,2026-04-11,,,,,,30000,10
519623__nathanchurchyard__gunshots_uid-guol0j,guol0j,519623__nathanchurchyard__gunshots_uid-guol0j.wav,audio/519623__nathanchurchyard__gunshots_uid-guol0j.wav,other_gunshot,0,train,gunshots_nonDana.parquet,,44100,1,2026-04-11,,,,,,30000,10
519623__nathanchurchyard__gunshots_uid-hkereq,hkereq,519623__nathanchurchyard__gunshots_uid-hkereq.wav,audio/519623__nathanchurchyard__gunshots_uid-hkereq.wav,other_gunshot,0,train,gunshots_nonDana.parquet,,44100,1,2026-04-11,,,,,,30000,10
519623__nathanchurchyard__gunshots_uid-jyaue7,jyaue7,519623__nathanchurchyard__gunshots_uid-jyaue7.wav,audio/519623__nathanchurchyard__gunshots_uid-jyaue7.wav,other_gunshot,0,train,gunshots_nonDana.parquet,,44100,1,2026-04-11,,,,,,30000,10
519623__nathanchurchyard__gunshots_uid-m3daea,m3daea,519623__nathanchurchyard__gunshots_uid-m3daea.wav,audio/519623__nathanchurchyard__gunshots_uid-m3daea.wav,other_gunshot,0,train,gunshots_nonDana.parquet,,44100,1,2026-04-11,,,,,,30000,10
519623__nathanchurchyard__gunshots_uid-ro3jyx,ro3jyx,519623__nathanchurchyard__gunshots_uid-ro3jyx.wav,audio/519623__nathanchurchyard__gunshots_uid-ro3jyx.wav,other_gunshot,0,train,gunshots_nonDana.parquet,,44100,1,2026-04-11,,,,,,30000,10
519623__nathanchurchyard__gunshots_uid-voqt7j,voqt7j,519623__nathanchurchyard__gunshots_uid-voqt7j.wav,audio/519623__nathanchurchyard__gunshots_uid-voqt7j.wav,other_gunshot,0,train,gunshots_nonDana.parquet,,44100,1,2026-04-11,,,,,,30000,10
519623__nathanchurchyard__gunshots_uid-x2v9jo,x2v9jo,519623__nathanchurchyard__gunshots_uid-x2v9jo.wav,audio/519623__nathanchurchyard__gunshots_uid-x2v9jo.wav,other_gunshot,0,train,gunshots_nonDana.parquet,,44100,1,2026-04-11,,,,,,30000,10
683312__pnmcarrierailfan__pistol-gunshot-mix-weapons_uid-7iyru8,7iyru8,683312__pnmcarrierailfan__pistol-gunshot-mix-weapons_uid-7iyru8.wav,audio/683312__pnmcarrierailfan__pistol-gunshot-mix-weapons_uid-7iyru8.wav,other_gunshot,0,train,gunshots_nonDana.parquet,,44100,1,2026-04-11,,,,,,30000,10
683312__pnmcarrierailfan__pistol-gunshot-mix-weapons_uid-lujshy,lujshy,683312__pnmcarrierailfan__pistol-gunshot-mix-weapons_uid-lujshy.wav,audio/683312__pnmcarrierailfan__pistol-gunshot-mix-weapons_uid-lujshy.wav,other_gunshot,0,train,gunshots_nonDana.parquet,,44100,1,2026-04-11,,,,,,30000,10
683312__pnmcarrierailfan__pistol-gunshot-mix-weapons_uid-ouj634,ouj634,683312__pnmcarrierailfan__pistol-gunshot-mix-weapons_uid-ouj634.wav,audio/683312__pnmcarrierailfan__pistol-gunshot-mix-weapons_uid-ouj634.wav,other_gunshot,0,train,gunshots_nonDana.parquet,,44100,1,2026-04-11,,,,,,30000,10
683312__pnmcarrierailfan__pistol-gunshot-mix-weapons_uid-qw3gyl,qw3gyl,683312__pnmcarrierailfan__pistol-gunshot-mix-weapons_uid-qw3gyl.wav,audio/683312__pnmcarrierailfan__pistol-gunshot-mix-weapons_uid-qw3gyl.wav,other_gunshot,0,train,gunshots_nonDana.parquet,,44100,1,2026-04-11,,,,,,30000,10
686351__rangerrich68__gunshot_uid-lpnv47,lpnv47,686351__rangerrich68__gunshot_uid-lpnv47.wav,audio/686351__rangerrich68__gunshot_uid-lpnv47.wav,other_gunshot,0,train,gunshots_nonDana.parquet,,44100,1,2026-04-11,,,,,,30000,10
Amusement_Park Ambiance -SoundBible_uid-1rnz3c,1rnz3c,Amusement_Park Ambiance -SoundBible_uid-1rnz3c.wav,audio/Amusement_Park Ambiance -SoundBible_uid-1rnz3c.wav,impulse_noise,0,train,libdata_impulz_2.1.parquet,,44100,1,2026-04-11,,,,,,30000,10
Amusement_Park Ambiance -SoundBible_uid-xga4ah,xga4ah,Amusement_Park Ambiance -SoundBible_uid-xga4ah.wav,audio/Amusement_Park Ambiance -SoundBible_uid-xga4ah.wav,impulse_noise,0,train,libdata_impulz_2.1.parquet,,44100,1,2026-04-11,,,,,,30000,10
Baby_Girl_Speaking-SoundBible_uid-lfp0pl,lfp0pl,Baby_Girl_Speaking-SoundBible_uid-lfp0pl.wav,audio/Baby_Girl_Speaking-SoundBible_uid-lfp0pl.wav,impulse_noise,0,train,libdata_impulz_2.1.parquet,,44100,1,2026-04-11,,,,,,30000,10
Baby_Talk-SoundBible_uid-5isz0s,5isz0s,Baby_Talk-SoundBible_uid-5isz0s.wav,audio/Baby_Talk-SoundBible_uid-5isz0s.wav,impulse_noise,0,train,libdata_impulz_2.1.parquet,,44100,1,2026-04-11,,,,,,30000,10
Baby_Talk-SoundBible_uid-tlhzgq,tlhzgq,Baby_Talk-SoundBible_uid-tlhzgq.wav,audio/Baby_Talk-SoundBible_uid-tlhzgq.wav,impulse_noise,0,train,libdata_impulz_2.1.parquet,,44100,1,2026-04-11,,,,,,30000,10
Baby_Talk_2-SoundBible_uid-igfidk,igfidk,Baby_Talk_2-SoundBible_uid-igfidk.wav,audio/Baby_Talk_2-SoundBible_uid-igfidk.wav,impulse_noise,0,train,libdata_impulz_2.1.parquet,,44100,1,2026-04-11,,,,,,30000,10
Baby_Talk_2-SoundBible_uid-th40ni,th40ni,Baby_Talk_2-SoundBible_uid-th40ni.wav,audio/Baby_Talk_2-SoundBible_uid-th40ni.wav,impulse_noise,0,train,libdata_impulz_2.1.parquet,,44100,1,2026-04-11,,,,,,30000,10
Baby_Talk_30 Sec-SoundBible_uid-8snvch,8snvch,Baby_Talk_30 Sec-SoundBible_uid-8snvch.wav,audio/Baby_Talk_30 Sec-SoundBible_uid-8snvch.wav,impulse_noise,0,train,libdata_impulz_2.1.parquet,,44100,1,2026-04-11,,,,,,30000,10
Baby_Talk_30 Sec-SoundBible_uid-cszg60,cszg60,Baby_Talk_30 Sec-SoundBible_uid-cszg60.wav,audio/Baby_Talk_30 Sec-SoundBible_uid-cszg60.wav,impulse_noise,0,train,libdata_impulz_2.1.parquet,,44100,1,2026-04-11,,,,,,30000,10
Baby_Talk_30 Sec-SoundBible_uid-nt49fb,nt49fb,Baby_Talk_30 Sec-SoundBible_uid-nt49fb.wav,audio/Baby_Talk_30 Sec-SoundBible_uid-nt49fb.wav,impulse_noise,0,train,libdata_impulz_2.1.parquet,,44100,1,2026-04-11,,,,,,30000,10
Background_Noise-SoundBible_uid-9tt4fj,9tt4fj,Background_Noise-SoundBible_uid-9tt4fj.wav,audio/Background_Noise-SoundBible_uid-9tt4fj.wav,impulse_noise,0,train,libdata_impulz_2.1.parquet,,44100,1,2026-04-11,,,,,,30000,10
Background_Noise-SoundBible_uid-c2rszc,c2rszc,Background_Noise-SoundBible_uid-c2rszc.wav,audio/Background_Noise-SoundBible_uid-c2rszc.wav,impulse_noise,0,train,libdata_impulz_2.1.parquet,,44100,1,2026-04-11,,,,,,30000,10
Background_Noise-SoundBible_uid-grm3tj,grm3tj,Background_Noise-SoundBible_uid-grm3tj.wav,audio/Background_Noise-SoundBible_uid-grm3tj.wav,impulse_noise,0,train,libdata_impulz_2.1.parquet,,44100,1,2026-04-11,,,,,,30000,10
Bi_Polar_Uncle-ScanMan-1810098860_uid-4x1yuf,4x1yuf,Bi_Polar_Uncle-ScanMan-1810098860_uid-4x1yuf.wav,audio/Bi_Polar_Uncle-ScanMan-1810098860_uid-4x1yuf.wav,impulse_noise,0,train,libdata_impulz_2.1.parquet,,44100,1,2026-04-11,,,,,,30000,10
Bi_Polar_Uncle-ScanMan-1810098860_uid-7qv96e,7qv96e,Bi_Polar_Uncle-ScanMan-1810098860_uid-7qv96e.wav,audio/Bi_Polar_Uncle-ScanMan-1810098860_uid-7qv96e.wav,impulse_noise,0,train,libdata_impulz_2.1.parquet,,44100,1,2026-04-11,,,,,,30000,10
Bi_Polar_Uncle-ScanMan-1810098860_uid-acr1ir,acr1ir,Bi_Polar_Uncle-ScanMan-1810098860_uid-acr1ir.wav,audio/Bi_Polar_Uncle-ScanMan-1810098860_uid-acr1ir.wav,impulse_noise,0,train,libdata_impulz_2.1.parquet,,44100,1,2026-04-11,,,,,,30000,10
Bi_Polar_Uncle-ScanMan-1810098860_uid-app2oh,app2oh,Bi_Polar_Uncle-ScanMan-1810098860_uid-app2oh.wav,audio/Bi_Polar_Uncle-ScanMan-1810098860_uid-app2oh.wav,impulse_noise,0,train,libdata_impulz_2.1.parquet,,44100,1,2026-04-11,,,,,,30000,10
Bi_Polar_Uncle-ScanMan-1810098860_uid-iqacxf,iqacxf,Bi_Polar_Uncle-ScanMan-1810098860_uid-iqacxf.wav,audio/Bi_Polar_Uncle-ScanMan-1810098860_uid-iqacxf.wav,impulse_noise,0,train,libdata_impulz_2.1.parquet,,44100,1,2026-04-11,,,,,,30000,10
Bi_Polar_Uncle-ScanMan-1810098860_uid-mj8x2a,mj8x2a,Bi_Polar_Uncle-ScanMan-1810098860_uid-mj8x2a.wav,audio/Bi_Polar_Uncle-ScanMan-1810098860_uid-mj8x2a.wav,impulse_noise,0,train,libdata_impulz_2.1.parquet,,44100,1,2026-04-11,,,,,,30000,10
Bi_Polar_Uncle-ScanMan-1810098860_uid-o3irva,o3irva,Bi_Polar_Uncle-ScanMan-1810098860_uid-o3irva.wav,audio/Bi_Polar_Uncle-ScanMan-1810098860_uid-o3irva.wav,impulse_noise,0,train,libdata_impulz_2.1.parquet,,44100,1,2026-04-11,,,,,,30000,10
Bi_Polar_Uncle-ScanMan-1810098860_uid-opz6ls,opz6ls,Bi_Polar_Uncle-ScanMan-1810098860_uid-opz6ls.wav,audio/Bi_Polar_Uncle-ScanMan-1810098860_uid-opz6ls.wav,impulse_noise,0,train,libdata_impulz_2.1.parquet,,44100,1,2026-04-11,,,,,,30000,10
Bi_Polar_Uncle-ScanMan-1810098860_uid-tl65kg,tl65kg,Bi_Polar_Uncle-ScanMan-1810098860_uid-tl65kg.wav,audio/Bi_Polar_Uncle-ScanMan-1810098860_uid-tl65kg.wav,impulse_noise,0,train,libdata_impulz_2.1.parquet,,44100,1,2026-04-11,,,,,,30000,10
Bi_Polar_Uncle-ScanMan-1810098860_uid-zc1ipd,zc1ipd,Bi_Polar_Uncle-ScanMan-1810098860_uid-zc1ipd.wav,audio/Bi_Polar_Uncle-ScanMan-1810098860_uid-zc1ipd.wav,impulse_noise,0,train,libdata_impulz_2.1.parquet,,44100,1,2026-04-11,,,,,,30000,10
Big_door_closed-Clemens_F-941522533 (1)_uid-dn5qo5,dn5qo5,Big_door_closed-Clemens_F-941522533 (1)_uid-dn5qo5.wav,audio/Big_door_closed-Clemens_F-941522533 (1)_uid-dn5qo5.wav,impulse_noise,0,train,libdata_impulz_2.1.parquet,,44100,1,2026-04-11,,,,,,30000,10
Car Engine Revving-SoundBible_uid-2l6ct5,2l6ct5,Car Engine Revving-SoundBible_uid-2l6ct5.wav,audio/Car Engine Revving-SoundBible_uid-2l6ct5.wav,impulse_noise,0,train,libdata_impulz_2.1.parquet,,44100,1,2026-04-11,,,,,,30000,10
Car Engine Revving-SoundBible_uid-4uzfw6,4uzfw6,Car Engine Revving-SoundBible_uid-4uzfw6.wav,audio/Car Engine Revving-SoundBible_uid-4uzfw6.wav,impulse_noise,0,train,libdata_impulz_2.1.parquet,,44100,1,2026-04-11,,,,,,30000,10
Car Engine Revving-SoundBible_uid-fyajld,fyajld,Car Engine Revving-SoundBible_uid-fyajld.wav,audio/Car Engine Revving-SoundBible_uid-fyajld.wav,impulse_noise,0,train,libdata_impulz_2.1.parquet,,44100,1,2026-04-11,,,,,,30000,10
Car Engine Revving-SoundBible_uid-galjzz,galjzz,Car Engine Revving-SoundBible_uid-galjzz.wav,audio/Car Engine Revving-SoundBible_uid-galjzz.wav,impulse_noise,0,train,libdata_impulz_2.1.parquet,,44100,1,2026-04-11,,,,,,30000,10
Car Engine Revving-SoundBible_uid-nbreqs,nbreqs,Car Engine Revving-SoundBible_uid-nbreqs.wav,audio/Car Engine Revving-SoundBible_uid-nbreqs.wav,impulse_noise,0,train,libdata_impulz_2.1.parquet,,44100,1,2026-04-11,,,,,,30000,10
Car Engine Revving-SoundBible_uid-pep718,pep718,Car Engine Revving-SoundBible_uid-pep718.wav,audio/Car Engine Revving-SoundBible_uid-pep718.wav,impulse_noise,0,train,libdata_impulz_2.1.parquet,,44100,1,2026-04-11,,,,,,30000,10
Car_Door_Close-SoundBible_uid-6bk4y1,6bk4y1,Car_Door_Close-SoundBible_uid-6bk4y1.wav,audio/Car_Door_Close-SoundBible_uid-6bk4y1.wav,impulse_noise,0,train,libdata_impulz_2.1.parquet,,44100,1,2026-04-11,,,,,,30000,10
Car_Door_Close-SoundBible_uid-9h2t6o,9h2t6o,Car_Door_Close-SoundBible_uid-9h2t6o.wav,audio/Car_Door_Close-SoundBible_uid-9h2t6o.wav,impulse_noise,0,train,ImpulseEvents.parquet,ImpulseEvents,44100,1,2025-11-09,Car Door,,,,,30000,10
Cellar_Door Slam Shut-SoundBible_uid-6z7omr,6z7omr,Cellar_Door Slam Shut-SoundBible_uid-6z7omr.wav,audio/Cellar_Door Slam Shut-SoundBible_uid-6z7omr.wav,impulse_noise,0,train,libdata_impulz_2.1.parquet,,44100,1,2026-04-11,,,,,,30000,10
Child_Scream-SoundBible_uid-bc3l50,bc3l50,Child_Scream-SoundBible_uid-bc3l50.wav,audio/Child_Scream-SoundBible_uid-bc3l50.wav,impulse_noise,0,train,libdata_impulz_2.1.parquet,,44100,1,2026-04-11,,,,,,30000,10
Citty_Traffic Ambiance-SoundBible_uid-oqpbd8,oqpbd8,Citty_Traffic Ambiance-SoundBible_uid-oqpbd8.wav,audio/Citty_Traffic Ambiance-SoundBible_uid-oqpbd8.wav,impulse_noise,0,train,libdata_impulz_2.1.parquet,,44100,1,2026-04-11,,,,,,30000,10
City_Ambiance-SoundBible_uid-4yigy2,4yigy2,City_Ambiance-SoundBible_uid-4yigy2.wav,audio/City_Ambiance-SoundBible_uid-4yigy2.wav,impulse_noise,0,train,libdata_impulz_2.1.parquet,,44100,1,2026-04-11,,,,,,30000,10
City_Ambiance-SoundBible_uid-5xpbpm,5xpbpm,City_Ambiance-SoundBible_uid-5xpbpm.wav,audio/City_Ambiance-SoundBible_uid-5xpbpm.wav,impulse_noise,0,train,libdata_impulz_2.1.parquet,,44100,1,2026-04-11,,,,,,30000,10
City_Ambiance-SoundBible_uid-68vh9e,68vh9e,City_Ambiance-SoundBible_uid-68vh9e.wav,audio/City_Ambiance-SoundBible_uid-68vh9e.wav,impulse_noise,0,train,libdata_impulz_2.1.parquet,,44100,1,2026-04-11,,,,,,30000,10
City_Ambiance-SoundBible_uid-7sgond,7sgond,City_Ambiance-SoundBible_uid-7sgond.wav,audio/City_Ambiance-SoundBible_uid-7sgond.wav,impulse_noise,0,train,libdata_impulz_2.1.parquet,,44100,1,2026-04-11,,,,,,30000,10
City_Ambiance-SoundBible_uid-7xt5uu,7xt5uu,City_Ambiance-SoundBible_uid-7xt5uu.wav,audio/City_Ambiance-SoundBible_uid-7xt5uu.wav,impulse_noise,0,train,libdata_impulz_2.1.parquet,,44100,1,2026-04-11,,,,,,30000,10
City_Ambiance-SoundBible_uid-ay65s0,ay65s0,City_Ambiance-SoundBible_uid-ay65s0.wav,audio/City_Ambiance-SoundBible_uid-ay65s0.wav,impulse_noise,0,train,libdata_impulz_2.1.parquet,,44100,1,2026-04-11,,,,,,30000,10
City_Ambiance-SoundBible_uid-dla4u8,dla4u8,City_Ambiance-SoundBible_uid-dla4u8.wav,audio/City_Ambiance-SoundBible_uid-dla4u8.wav,impulse_noise,0,train,libdata_impulz_2.1.parquet,,44100,1,2026-04-11,,,,,,30000,10
City_Ambiance-SoundBible_uid-i7015o,i7015o,City_Ambiance-SoundBible_uid-i7015o.wav,audio/City_Ambiance-SoundBible_uid-i7015o.wav,impulse_noise,0,train,libdata_impulz_2.1.parquet,,44100,1,2026-04-11,,,,,,30000,10
City_Ambiance-SoundBible_uid-i9g0oq,i9g0oq,City_Ambiance-SoundBible_uid-i9g0oq.wav,audio/City_Ambiance-SoundBible_uid-i9g0oq.wav,impulse_noise,0,train,libdata_impulz_2.1.parquet,,44100,1,2026-04-11,,,,,,30000,10
City_Ambiance-SoundBible_uid-rl1vl3,rl1vl3,City_Ambiance-SoundBible_uid-rl1vl3.wav,audio/City_Ambiance-SoundBible_uid-rl1vl3.wav,impulse_noise,0,train,libdata_impulz_2.1.parquet,,44100,1,2026-04-11,,,,,,30000,10
City_Ambiance-SoundBible_uid-s5wbfi,s5wbfi,City_Ambiance-SoundBible_uid-s5wbfi.wav,audio/City_Ambiance-SoundBible_uid-s5wbfi.wav,impulse_noise,0,train,libdata_impulz_2.1.parquet,,44100,1,2026-04-11,,,,,,30000,10
City_Ambiance-SoundBible_uid-tjysm2,tjysm2,City_Ambiance-SoundBible_uid-tjysm2.wav,audio/City_Ambiance-SoundBible_uid-tjysm2.wav,impulse_noise,0,train,libdata_impulz_2.1.parquet,,44100,1,2026-04-11,,,,,,30000,10
Classroom_Ambiance-SoundBible_uid-15mvqy,15mvqy,Classroom_Ambiance-SoundBible_uid-15mvqy.wav,audio/Classroom_Ambiance-SoundBible_uid-15mvqy.wav,impulse_noise,0,train,libdata_impulz_2.1.parquet,,44100,1,2026-04-11,,,,,,30000,10
Classroom_Ambiance-SoundBible_uid-1yjnrb,1yjnrb,Classroom_Ambiance-SoundBible_uid-1yjnrb.wav,audio/Classroom_Ambiance-SoundBible_uid-1yjnrb.wav,impulse_noise,0,train,libdata_impulz_2.1.parquet,,44100,1,2026-04-11,,,,,,30000,10
Classroom_Ambiance-SoundBible_uid-24lp47,24lp47,Classroom_Ambiance-SoundBible_uid-24lp47.wav,audio/Classroom_Ambiance-SoundBible_uid-24lp47.wav,impulse_noise,0,train,libdata_impulz_2.1.parquet,,44100,1,2026-04-11,,,,,,30000,10
Classroom_Ambiance-SoundBible_uid-3ajatf,3ajatf,Classroom_Ambiance-SoundBible_uid-3ajatf.wav,audio/Classroom_Ambiance-SoundBible_uid-3ajatf.wav,impulse_noise,0,train,libdata_impulz_2.1.parquet,,44100,1,2026-04-11,,,,,,30000,10
Classroom_Ambiance-SoundBible_uid-612bhd,612bhd,Classroom_Ambiance-SoundBible_uid-612bhd.wav,audio/Classroom_Ambiance-SoundBible_uid-612bhd.wav,impulse_noise,0,train,libdata_impulz_2.1.parquet,,44100,1,2026-04-11,,,,,,30000,10
Classroom_Ambiance-SoundBible_uid-6auadw,6auadw,Classroom_Ambiance-SoundBible_uid-6auadw.wav,audio/Classroom_Ambiance-SoundBible_uid-6auadw.wav,impulse_noise,0,train,libdata_impulz_2.1.parquet,,44100,1,2026-04-11,,,,,,30000,10
Classroom_Ambiance-SoundBible_uid-d5qym1,d5qym1,Classroom_Ambiance-SoundBible_uid-d5qym1.wav,audio/Classroom_Ambiance-SoundBible_uid-d5qym1.wav,impulse_noise,0,train,libdata_impulz_2.1.parquet,,44100,1,2026-04-11,,,,,,30000,10
Classroom_Ambiance-SoundBible_uid-d854bp,d854bp,Classroom_Ambiance-SoundBible_uid-d854bp.wav,audio/Classroom_Ambiance-SoundBible_uid-d854bp.wav,impulse_noise,0,train,libdata_impulz_2.1.parquet,,44100,1,2026-04-11,,,,,,30000,10
Classroom_Ambiance-SoundBible_uid-ebc6mm,ebc6mm,Classroom_Ambiance-SoundBible_uid-ebc6mm.wav,audio/Classroom_Ambiance-SoundBible_uid-ebc6mm.wav,impulse_noise,0,train,libdata_impulz_2.1.parquet,,44100,1,2026-04-11,,,,,,30000,10
Classroom_Ambiance-SoundBible_uid-fvc0b8,fvc0b8,Classroom_Ambiance-SoundBible_uid-fvc0b8.wav,audio/Classroom_Ambiance-SoundBible_uid-fvc0b8.wav,impulse_noise,0,train,libdata_impulz_2.1.parquet,,44100,1,2026-04-11,,,,,,30000,10
Classroom_Ambiance-SoundBible_uid-gdn6cv,gdn6cv,Classroom_Ambiance-SoundBible_uid-gdn6cv.wav,audio/Classroom_Ambiance-SoundBible_uid-gdn6cv.wav,impulse_noise,0,train,libdata_impulz_2.1.parquet,,44100,1,2026-04-11,,,,,,30000,10
Classroom_Ambiance-SoundBible_uid-iq3l57,iq3l57,Classroom_Ambiance-SoundBible_uid-iq3l57.wav,audio/Classroom_Ambiance-SoundBible_uid-iq3l57.wav,impulse_noise,0,train,libdata_impulz_2.1.parquet,,44100,1,2026-04-11,,,,,,30000,10
Classroom_Ambiance-SoundBible_uid-jqyb9y,jqyb9y,Classroom_Ambiance-SoundBible_uid-jqyb9y.wav,audio/Classroom_Ambiance-SoundBible_uid-jqyb9y.wav,impulse_noise,0,train,libdata_impulz_2.1.parquet,,44100,1,2026-04-11,,,,,,30000,10
Classroom_Ambiance-SoundBible_uid-jysh5m,jysh5m,Classroom_Ambiance-SoundBible_uid-jysh5m.wav,audio/Classroom_Ambiance-SoundBible_uid-jysh5m.wav,impulse_noise,0,train,libdata_impulz_2.1.parquet,,44100,1,2026-04-11,,,,,,30000,10
Classroom_Ambiance-SoundBible_uid-ore0tv,ore0tv,Classroom_Ambiance-SoundBible_uid-ore0tv.wav,audio/Classroom_Ambiance-SoundBible_uid-ore0tv.wav,impulse_noise,0,train,libdata_impulz_2.1.parquet,,44100,1,2026-04-11,,,,,,30000,10
Classroom_Ambiance-SoundBible_uid-p82vfx,p82vfx,Classroom_Ambiance-SoundBible_uid-p82vfx.wav,audio/Classroom_Ambiance-SoundBible_uid-p82vfx.wav,impulse_noise,0,train,libdata_impulz_2.1.parquet,,44100,1,2026-04-11,,,,,,30000,10
Classroom_Ambiance-SoundBible_uid-pzelvg,pzelvg,Classroom_Ambiance-SoundBible_uid-pzelvg.wav,audio/Classroom_Ambiance-SoundBible_uid-pzelvg.wav,impulse_noise,0,train,libdata_impulz_2.1.parquet,,44100,1,2026-04-11,,,,,,30000,10
Classroom_Ambiance-SoundBible_uid-su8rm4,su8rm4,Classroom_Ambiance-SoundBible_uid-su8rm4.wav,audio/Classroom_Ambiance-SoundBible_uid-su8rm4.wav,impulse_noise,0,train,libdata_impulz_2.1.parquet,,44100,1,2026-04-11,,,,,,30000,10
Classroom_Ambiance-SoundBible_uid-vqytfv,vqytfv,Classroom_Ambiance-SoundBible_uid-vqytfv.wav,audio/Classroom_Ambiance-SoundBible_uid-vqytfv.wav,impulse_noise,0,train,libdata_impulz_2.1.parquet,,44100,1,2026-04-11,,,,,,30000,10
Classroom_Ambiance-SoundBible_uid-xv302f,xv302f,Classroom_Ambiance-SoundBible_uid-xv302f.wav,audio/Classroom_Ambiance-SoundBible_uid-xv302f.wav,impulse_noise,0,train,libdata_impulz_2.1.parquet,,44100,1,2026-04-11,,,,,,30000,10
Classroom_Ambiance-SoundBible_uid-y6icwf,y6icwf,Classroom_Ambiance-SoundBible_uid-y6icwf.wav,audio/Classroom_Ambiance-SoundBible_uid-y6icwf.wav,impulse_noise,0,train,libdata_impulz_2.1.parquet,,44100,1,2026-04-11,,,,,,30000,10
Classroom_Ambiance-SoundBible_uid-ykywwj,ykywwj,Classroom_Ambiance-SoundBible_uid-ykywwj.wav,audio/Classroom_Ambiance-SoundBible_uid-ykywwj.wav,impulse_noise,0,train,libdata_impulz_2.1.parquet,,44100,1,2026-04-11,,,,,,30000,10
Close_Door-SoundBible_uid-9hk9y4,9hk9y4,Close_Door-SoundBible_uid-9hk9y4.wav,audio/Close_Door-SoundBible_uid-9hk9y4.wav,impulse_noise,0,train,libdata_impulz_2.1.parquet,,44100,1,2026-04-11,,,,,,30000,10
Close_Door-SoundBible_uid-ial4ob,ial4ob,Close_Door-SoundBible_uid-ial4ob.wav,audio/Close_Door-SoundBible_uid-ial4ob.wav,impulse_noise,0,train,libdata_impulz_2.1.parquet,,44100,1,2026-04-11,,,,,,30000,10
Close_Door-SoundBible_uid-lz6pl2,lz6pl2,Close_Door-SoundBible_uid-lz6pl2.wav,audio/Close_Door-SoundBible_uid-lz6pl2.wav,impulse_noise,0,train,ImpulseEvents.parquet,ImpulseEvent,44100,1,2025-11-09,Close Door,,,,,30000,10
Close_Door-SoundBible_uid-xdkfqe,xdkfqe,Close_Door-SoundBible_uid-xdkfqe.wav,audio/Close_Door-SoundBible_uid-xdkfqe.wav,impulse_noise,0,train,libdata_impulz_2.1.parquet,,44100,1,2026-04-11,,,,,,30000,10
Close_Vault_Or_Jail_Door-SoundBible_uid-1b3a8u,1b3a8u,Close_Vault_Or_Jail_Door-SoundBible_uid-1b3a8u.wav,audio/Close_Vault_Or_Jail_Door-SoundBible_uid-1b3a8u.wav,impulse_noise,0,train,libdata_impulz_2.1.parquet,,44100,1,2026-04-11,,,,,,30000,10
Close_Vault_Or_Jail_Door-SoundBible_uid-bnzxyv,bnzxyv,Close_Vault_Or_Jail_Door-SoundBible_uid-bnzxyv.wav,audio/Close_Vault_Or_Jail_Door-SoundBible_uid-bnzxyv.wav,impulse_noise,0,train,ImpulseEvents.parquet,ImpulseEvent,44100,1,2025-11-09,Jail door,,,,,30000,10
Close_Vault_Or_Jail_Door-SoundBible_uid-ioohwy,ioohwy,Close_Vault_Or_Jail_Door-SoundBible_uid-ioohwy.wav,audio/Close_Vault_Or_Jail_Door-SoundBible_uid-ioohwy.wav,impulse_noise,0,train,libdata_impulz_2.1.parquet,,44100,1,2026-04-11,,,,,,30000,10
Dog_Barking-SoundBible_uid-77rxso,77rxso,Dog_Barking-SoundBible_uid-77rxso.wav,audio/Dog_Barking-SoundBible_uid-77rxso.wav,impulse_noise,0,train,libdata_impulz_2.1.parquet,,44100,1,2026-04-11,,,,,,30000,10
Dogs_Barking-SoundBible_uid-06db9u,06db9u,Dogs_Barking-SoundBible_uid-06db9u.wav,audio/Dogs_Barking-SoundBible_uid-06db9u.wav,impulse_noise,0,train,libdata_impulz_2.1.parquet,,44100,1,2026-04-11,,,,,,30000,10
Dogs_Barking-SoundBible_uid-0zgu9a,0zgu9a,Dogs_Barking-SoundBible_uid-0zgu9a.wav,audio/Dogs_Barking-SoundBible_uid-0zgu9a.wav,impulse_noise,0,train,libdata_impulz_2.1.parquet,,44100,1,2026-04-11,,,,,,30000,10
Dogs_Barking-SoundBible_uid-2ug0pz,2ug0pz,Dogs_Barking-SoundBible_uid-2ug0pz.wav,audio/Dogs_Barking-SoundBible_uid-2ug0pz.wav,impulse_noise,0,train,ImpulseEvents.parquet,ImpulseEvent,44100,1,2025-11-09,Dogs barking,,,,,30000,10
Dogs_Barking-SoundBible_uid-360xo6,360xo6,Dogs_Barking-SoundBible_uid-360xo6.wav,audio/Dogs_Barking-SoundBible_uid-360xo6.wav,impulse_noise,0,train,ImpulseEvents.parquet,ImpulseEvent,44100,1,2025-11-09,Dogs barking,,,,,30000,10
Dogs_Barking-SoundBible_uid-3elcfr,3elcfr,Dogs_Barking-SoundBible_uid-3elcfr.wav,audio/Dogs_Barking-SoundBible_uid-3elcfr.wav,impulse_noise,0,train,libdata_impulz_2.1.parquet,,44100,1,2026-04-11,,,,,,30000,10
Dogs_Barking-SoundBible_uid-6cuhxo,6cuhxo,Dogs_Barking-SoundBible_uid-6cuhxo.wav,audio/Dogs_Barking-SoundBible_uid-6cuhxo.wav,impulse_noise,0,train,libdata_impulz_2.1.parquet,,44100,1,2026-04-11,,,,,,30000,10
Dogs_Barking-SoundBible_uid-79zhgq,79zhgq,Dogs_Barking-SoundBible_uid-79zhgq.wav,audio/Dogs_Barking-SoundBible_uid-79zhgq.wav,impulse_noise,0,train,ImpulseEvents.parquet,ImpulseEvent,44100,1,2025-11-09,Dogs barking,,,,,30000,10
Dogs_Barking-SoundBible_uid-7p80fn,7p80fn,Dogs_Barking-SoundBible_uid-7p80fn.wav,audio/Dogs_Barking-SoundBible_uid-7p80fn.wav,impulse_noise,0,train,ImpulseEvents.parquet,ImpulseEvent,44100,1,2025-11-09,Dogs barking,,,,,30000,10
Dogs_Barking-SoundBible_uid-80y6uy,80y6uy,Dogs_Barking-SoundBible_uid-80y6uy.wav,audio/Dogs_Barking-SoundBible_uid-80y6uy.wav,impulse_noise,0,train,ImpulseEvents.parquet,ImpulseEvent,44100,1,2025-11-09,Dogs barking,,,,,30000,10
Dogs_Barking-SoundBible_uid-89py07,89py07,Dogs_Barking-SoundBible_uid-89py07.wav,audio/Dogs_Barking-SoundBible_uid-89py07.wav,impulse_noise,0,train,ImpulseEvents.parquet,ImpulseEvent,44100,1,2025-11-09,Dogs barking,,,,,30000,10
Dogs_Barking-SoundBible_uid-9ow2fw,9ow2fw,Dogs_Barking-SoundBible_uid-9ow2fw.wav,audio/Dogs_Barking-SoundBible_uid-9ow2fw.wav,impulse_noise,0,train,libdata_impulz_2.1.parquet,,44100,1,2026-04-11,,,,,,30000,10
Dogs_Barking-SoundBible_uid-dyx0yh,dyx0yh,Dogs_Barking-SoundBible_uid-dyx0yh.wav,audio/Dogs_Barking-SoundBible_uid-dyx0yh.wav,impulse_noise,0,train,libdata_impulz_2.1.parquet,,44100,1,2026-04-11,,,,,,30000,10
Dogs_Barking-SoundBible_uid-ibcp6w,ibcp6w,Dogs_Barking-SoundBible_uid-ibcp6w.wav,audio/Dogs_Barking-SoundBible_uid-ibcp6w.wav,impulse_noise,0,train,libdata_impulz_2.1.parquet,,44100,1,2026-04-11,,,,,,30000,10
Dogs_Barking-SoundBible_uid-juqhjz,juqhjz,Dogs_Barking-SoundBible_uid-juqhjz.wav,audio/Dogs_Barking-SoundBible_uid-juqhjz.wav,impulse_noise,0,train,ImpulseEvents.parquet,ImpulseEvent,44100,1,2025-11-09,Dogs barking,,,,,30000,10
Dogs_Barking-SoundBible_uid-jwx6oc,jwx6oc,Dogs_Barking-SoundBible_uid-jwx6oc.wav,audio/Dogs_Barking-SoundBible_uid-jwx6oc.wav,impulse_noise,0,train,libdata_impulz_2.1.parquet,,44100,1,2026-04-11,,,,,,30000,10
Dogs_Barking-SoundBible_uid-jwxi8x,jwxi8x,Dogs_Barking-SoundBible_uid-jwxi8x.wav,audio/Dogs_Barking-SoundBible_uid-jwxi8x.wav,impulse_noise,0,train,libdata_impulz_2.1.parquet,,44100,1,2026-04-11,,,,,,30000,10
Dogs_Barking-SoundBible_uid-n7k6p9,n7k6p9,Dogs_Barking-SoundBible_uid-n7k6p9.wav,audio/Dogs_Barking-SoundBible_uid-n7k6p9.wav,impulse_noise,0,train,libdata_impulz_2.1.parquet,,44100,1,2026-04-11,,,,,,30000,10
Dogs_Barking-SoundBible_uid-nzoaru,nzoaru,Dogs_Barking-SoundBible_uid-nzoaru.wav,audio/Dogs_Barking-SoundBible_uid-nzoaru.wav,impulse_noise,0,train,ImpulseEvents.parquet,ImpulseEvent,44100,1,2025-11-09,Dogs barking,,,,,30000,10
Dogs_Barking-SoundBible_uid-o3hpsc,o3hpsc,Dogs_Barking-SoundBible_uid-o3hpsc.wav,audio/Dogs_Barking-SoundBible_uid-o3hpsc.wav,impulse_noise,0,train,ImpulseEvents.parquet,ImpulseEvent,44100,1,2025-11-09,Dogs barking,,,,,30000,10
Dogs_Barking-SoundBible_uid-og7e1q,og7e1q,Dogs_Barking-SoundBible_uid-og7e1q.wav,audio/Dogs_Barking-SoundBible_uid-og7e1q.wav,impulse_noise,0,train,ImpulseEvents.parquet,ImpulseEvent,44100,1,2025-11-09,Dogs barking,,,,,30000,10
Dogs_Barking-SoundBible_uid-pl29dj,pl29dj,Dogs_Barking-SoundBible_uid-pl29dj.wav,audio/Dogs_Barking-SoundBible_uid-pl29dj.wav,impulse_noise,0,train,libdata_impulz_2.1.parquet,,44100,1,2026-04-11,,,,,,30000,10
Dogs_Barking-SoundBible_uid-prqla1,prqla1,Dogs_Barking-SoundBible_uid-prqla1.wav,audio/Dogs_Barking-SoundBible_uid-prqla1.wav,impulse_noise,0,train,ImpulseEvents.parquet,ImpulseEvent,44100,1,2025-11-09,Dogs barking,,,,,30000,10
Dogs_Barking-SoundBible_uid-sats5w,sats5w,Dogs_Barking-SoundBible_uid-sats5w.wav,audio/Dogs_Barking-SoundBible_uid-sats5w.wav,impulse_noise,0,train,libdata_impulz_2.1.parquet,,44100,1,2026-04-11,,,,,,30000,10
Dogs_Barking-SoundBible_uid-sfd0pk,sfd0pk,Dogs_Barking-SoundBible_uid-sfd0pk.wav,audio/Dogs_Barking-SoundBible_uid-sfd0pk.wav,impulse_noise,0,train,ImpulseEvents.parquet,ImpulseEvent,44100,1,2025-11-09,Dogs barking,,,,,30000,10
Dogs_Barking-SoundBible_uid-spcx7j,spcx7j,Dogs_Barking-SoundBible_uid-spcx7j.wav,audio/Dogs_Barking-SoundBible_uid-spcx7j.wav,impulse_noise,0,train,libdata_impulz_2.1.parquet,,44100,1,2026-04-11,,,,,,30000,10
Dogs_Barking-SoundBible_uid-tctr15,tctr15,Dogs_Barking-SoundBible_uid-tctr15.wav,audio/Dogs_Barking-SoundBible_uid-tctr15.wav,impulse_noise,0,train,ImpulseEvents.parquet,ImpulseEvent,44100,1,2025-11-09,Dogs barking,,,,,30000,10
Dogs_Barking-SoundBible_uid-vzwpy8,vzwpy8,Dogs_Barking-SoundBible_uid-vzwpy8.wav,audio/Dogs_Barking-SoundBible_uid-vzwpy8.wav,impulse_noise,0,train,libdata_impulz_2.1.parquet,,44100,1,2026-04-11,,,,,,30000,10
Dogs_Barking-SoundBible_uid-xh8zjx,xh8zjx,Dogs_Barking-SoundBible_uid-xh8zjx.wav,audio/Dogs_Barking-SoundBible_uid-xh8zjx.wav,impulse_noise,0,train,ImpulseEvents.parquet,ImpulseEvent,44100,1,2025-11-09,Dogs barking,,,,,30000,10
Dogs_Barking-SoundBible_uid-zowyrl,zowyrl,Dogs_Barking-SoundBible_uid-zowyrl.wav,audio/Dogs_Barking-SoundBible_uid-zowyrl.wav,impulse_noise,0,train,libdata_impulz_2.1.parquet,,44100,1,2026-04-11,,,,,,30000,10
Dogs_Barking-SoundBible_uid-zqh7hs,zqh7hs,Dogs_Barking-SoundBible_uid-zqh7hs.wav,audio/Dogs_Barking-SoundBible_uid-zqh7hs.wav,impulse_noise,0,train,libdata_impulz_2.1.parquet,,44100,1,2026-04-11,,,,,,30000,10
Door_Close-SoundBible_uid-bsfxd7,bsfxd7,Door_Close-SoundBible_uid-bsfxd7.wav,audio/Door_Close-SoundBible_uid-bsfxd7.wav,impulse_noise,0,train,libdata_impulz_2.1.parquet,,44100,1,2026-04-11,,,,,,30000,10
Doorbell-SoundBible_uid-82zlon,82zlon,Doorbell-SoundBible_uid-82zlon.wav,audio/Doorbell-SoundBible_uid-82zlon.wav,impulse_noise,0,train,libdata_impulz_2.1.parquet,,44100,1,2026-04-11,,,,,,30000,10
Doorbell-SoundBible_uid-es14aj,es14aj,Doorbell-SoundBible_uid-es14aj.wav,audio/Doorbell-SoundBible_uid-es14aj.wav,impulse_noise,0,train,libdata_impulz_2.1.parquet,,44100,1,2026-04-11,,,,,,30000,10
Doorbell-SoundBible_uid-hu3smh,hu3smh,Doorbell-SoundBible_uid-hu3smh.wav,audio/Doorbell-SoundBible_uid-hu3smh.wav,impulse_noise,0,train,libdata_impulz_2.1.parquet,,44100,1,2026-04-11,,,,,,30000,10
End_of_Game-Mike_Koenig-617089079_uid-1gc3kq,1gc3kq,End_of_Game-Mike_Koenig-617089079_uid-1gc3kq.wav,audio/End_of_Game-Mike_Koenig-617089079_uid-1gc3kq.wav,impulse_noise,0,train,libdata_impulz_2.1.parquet,,44100,1,2026-04-11,,,,,,30000,10
End_of_Game-Mike_Koenig-617089079_uid-21e27w,21e27w,End_of_Game-Mike_Koenig-617089079_uid-21e27w.wav,audio/End_of_Game-Mike_Koenig-617089079_uid-21e27w.wav,impulse_noise,0,train,libdata_impulz_2.1.parquet,,44100,1,2026-04-11,,,,,,30000,10
End_of_Game-Mike_Koenig-617089079_uid-fksa7e,fksa7e,End_of_Game-Mike_Koenig-617089079_uid-fksa7e.wav,audio/End_of_Game-Mike_Koenig-617089079_uid-fksa7e.wav,impulse_noise,0,train,libdata_impulz_2.1.parquet,,44100,1,2026-04-11,,,,,,30000,10
End_of_Game-Mike_Koenig-617089079_uid-fll93l,fll93l,End_of_Game-Mike_Koenig-617089079_uid-fll93l.wav,audio/End_of_Game-Mike_Koenig-617089079_uid-fll93l.wav,impulse_noise,0,train,libdata_impulz_2.1.parquet,,44100,1,2026-04-11,,,,,,30000,10
End_of_Game-Mike_Koenig-617089079_uid-foqzbk,foqzbk,End_of_Game-Mike_Koenig-617089079_uid-foqzbk.wav,audio/End_of_Game-Mike_Koenig-617089079_uid-foqzbk.wav,impulse_noise,0,train,libdata_impulz_2.1.parquet,,44100,1,2026-04-11,,,,,,30000,10
End_of_Game-Mike_Koenig-617089079_uid-tow618,tow618,End_of_Game-Mike_Koenig-617089079_uid-tow618.wav,audio/End_of_Game-Mike_Koenig-617089079_uid-tow618.wav,impulse_noise,0,train,libdata_impulz_2.1.parquet,,44100,1,2026-04-11,,,,,,30000,10
End_of_Game-Mike_Koenig-617089079_uid-ub93e1,ub93e1,End_of_Game-Mike_Koenig-617089079_uid-ub93e1.wav,audio/End_of_Game-Mike_Koenig-617089079_uid-ub93e1.wav,impulse_noise,0,train,libdata_impulz_2.1.parquet,,44100,1,2026-04-11,,,,,,30000,10
End_of_Game-Mike_Koenig-617089079_uid-v2wwmb,v2wwmb,End_of_Game-Mike_Koenig-617089079_uid-v2wwmb.wav,audio/End_of_Game-Mike_Koenig-617089079_uid-v2wwmb.wav,impulse_noise,0,train,libdata_impulz_2.1.parquet,,44100,1,2026-04-11,,,,,,30000,10
End_of_Game-Mike_Koenig-617089079_uid-w07rds,w07rds,End_of_Game-Mike_Koenig-617089079_uid-w07rds.wav,audio/End_of_Game-Mike_Koenig-617089079_uid-w07rds.wav,impulse_noise,0,train,libdata_impulz_2.1.parquet,,44100,1,2026-04-11,,,,,,30000,10
End_of_Game-Mike_Koenig-617089079_uid-ymc7zy,ymc7zy,End_of_Game-Mike_Koenig-617089079_uid-ymc7zy.wav,audio/End_of_Game-Mike_Koenig-617089079_uid-ymc7zy.wav,impulse_noise,0,train,libdata_impulz_2.1.parquet,,44100,1,2026-04-11,,,,,,30000,10
Engine_Inside_Car-SoundBible_uid-5dbezn,5dbezn,Engine_Inside_Car-SoundBible_uid-5dbezn.wav,audio/Engine_Inside_Car-SoundBible_uid-5dbezn.wav,impulse_noise,0,train,libdata_impulz_2.1.parquet,,44100,1,2026-04-11,,,,,,30000,10
Engine_Inside_Car-SoundBible_uid-7ugvm0,7ugvm0,Engine_Inside_Car-SoundBible_uid-7ugvm0.wav,audio/Engine_Inside_Car-SoundBible_uid-7ugvm0.wav,impulse_noise,0,train,libdata_impulz_2.1.parquet,,44100,1,2026-04-11,,,,,,30000,10
Engine_Inside_Car-SoundBible_uid-c82nes,c82nes,Engine_Inside_Car-SoundBible_uid-c82nes.wav,audio/Engine_Inside_Car-SoundBible_uid-c82nes.wav,impulse_noise,0,train,libdata_impulz_2.1.parquet,,44100,1,2026-04-11,,,,,,30000,10
Engine_Inside_Car-SoundBible_uid-k3dkr3,k3dkr3,Engine_Inside_Car-SoundBible_uid-k3dkr3.wav,audio/Engine_Inside_Car-SoundBible_uid-k3dkr3.wav,impulse_noise,0,train,libdata_impulz_2.1.parquet,,44100,1,2026-04-11,,,,,,30000,10
Engine_Inside_Car-SoundBible_uid-kphaeb,kphaeb,Engine_Inside_Car-SoundBible_uid-kphaeb.wav,audio/Engine_Inside_Car-SoundBible_uid-kphaeb.wav,impulse_noise,0,train,ImpulseEvents.parquet,ImpulseEvent,44100,1,2025-11-09,Engine inside car,,,,,30000,10
Engine_Inside_Car-SoundBible_uid-nxs82p,nxs82p,Engine_Inside_Car-SoundBible_uid-nxs82p.wav,audio/Engine_Inside_Car-SoundBible_uid-nxs82p.wav,impulse_noise,0,train,libdata_impulz_2.1.parquet,,44100,1,2026-04-11,,,,,,30000,10
Engine_Inside_Car-SoundBible_uid-omd0h5,omd0h5,Engine_Inside_Car-SoundBible_uid-omd0h5.wav,audio/Engine_Inside_Car-SoundBible_uid-omd0h5.wav,impulse_noise,0,train,libdata_impulz_2.1.parquet,,44100,1,2026-04-11,,,,,,30000,10
Engine_Inside_Car-SoundBible_uid-pzuxz5,pzuxz5,Engine_Inside_Car-SoundBible_uid-pzuxz5.wav,audio/Engine_Inside_Car-SoundBible_uid-pzuxz5.wav,impulse_noise,0,train,ImpulseEvents.parquet,ImpulseEvent,44100,1,2025-11-09,Engine inside car,,,,,30000,10
Fast_Heel_Walk-Kyanna_Johnson-1646343608_uid-0htqu7,0htqu7,Fast_Heel_Walk-Kyanna_Johnson-1646343608_uid-0htqu7.wav,audio/Fast_Heel_Walk-Kyanna_Johnson-1646343608_uid-0htqu7.wav,impulse_noise,0,train,libdata_impulz_2.1.parquet,,44100,1,2026-04-11,,,,,,30000,10
Fast_Heel_Walk-Kyanna_Johnson-1646343608_uid-9q2nn5,9q2nn5,Fast_Heel_Walk-Kyanna_Johnson-1646343608_uid-9q2nn5.wav,audio/Fast_Heel_Walk-Kyanna_Johnson-1646343608_uid-9q2nn5.wav,impulse_noise,0,train,libdata_impulz_2.1.parquet,,44100,1,2026-04-11,,,,,,30000,10
Fast_Heel_Walk-Kyanna_Johnson-1646343608_uid-kfy902,kfy902,Fast_Heel_Walk-Kyanna_Johnson-1646343608_uid-kfy902.wav,audio/Fast_Heel_Walk-Kyanna_Johnson-1646343608_uid-kfy902.wav,impulse_noise,0,train,libdata_impulz_2.1.parquet,,44100,1,2026-04-11,,,,,,30000,10
Female_Scream-SoundBible_uid-o7148x,o7148x,Female_Scream-SoundBible_uid-o7148x.wav,audio/Female_Scream-SoundBible_uid-o7148x.wav,impulse_noise,0,train,libdata_impulz_2.1.parquet,,44100,1,2026-04-11,,,,,,30000,10
Female_Scream-SoundBible_uid-snslsg,snslsg,Female_Scream-SoundBible_uid-snslsg.wav,audio/Female_Scream-SoundBible_uid-snslsg.wav,impulse_noise,0,train,ImpulseEvents.parquet,ImpulseEvent,44100,1,2025-11-09,Female scream,,,,,30000,10
Fire_Truck_Siren-SoundBible_uid-c00lnm,c00lnm,Fire_Truck_Siren-SoundBible_uid-c00lnm.wav,audio/Fire_Truck_Siren-SoundBible_uid-c00lnm.wav,impulse_noise,0,train,libdata_impulz_2.1.parquet,,44100,1,2026-04-11,,,,,,30000,10
Footsteps_SoundBible_uid-7fgddj,7fgddj,Footsteps_SoundBible_uid-7fgddj.wav,audio/Footsteps_SoundBible_uid-7fgddj.wav,impulse_noise,0,train,libdata_impulz_2.1.parquet,,44100,1,2026-04-11,,,,,,30000,10
Footsteps_SoundBible_uid-hvf0z6,hvf0z6,Footsteps_SoundBible_uid-hvf0z6.wav,audio/Footsteps_SoundBible_uid-hvf0z6.wav,impulse_noise,0,train,ImpulseEvents.parquet,ImpulseEvent,44100,1,2025-11-09,Footstep,,,,,30000,10
Footsteps_SoundBible_uid-jzp69l,jzp69l,Footsteps_SoundBible_uid-jzp69l.wav,audio/Footsteps_SoundBible_uid-jzp69l.wav,impulse_noise,0,train,libdata_impulz_2.1.parquet,,44100,1,2026-04-11,,,,,,30000,10
Footsteps_SoundBible_uid-ouanxu,ouanxu,Footsteps_SoundBible_uid-ouanxu.wav,audio/Footsteps_SoundBible_uid-ouanxu.wav,impulse_noise,0,train,ImpulseEvents.parquet,ImpulseEvent,44100,1,2025-11-09,Footstep,,,,,30000,10
Footsteps_SoundBible_uid-qgm67h,qgm67h,Footsteps_SoundBible_uid-qgm67h.wav,audio/Footsteps_SoundBible_uid-qgm67h.wav,impulse_noise,0,train,ImpulseEvents.parquet,ImpulseEvent,44100,1,2025-11-09,Footstep,,,,,30000,10
Footsteps_SoundBible_uid-t85wos,t85wos,Footsteps_SoundBible_uid-t85wos.wav,audio/Footsteps_SoundBible_uid-t85wos.wav,impulse_noise,0,train,ImpulseEvents.parquet,ImpulseEvent,44100,1,2025-11-09,Footstep,,,,,30000,10
Footsteps_SoundBible_uid-xbzr9w,xbzr9w,Footsteps_SoundBible_uid-xbzr9w.wav,audio/Footsteps_SoundBible_uid-xbzr9w.wav,impulse_noise,0,train,libdata_impulz_2.1.parquet,,44100,1,2026-04-11,,,,,,30000,10
Footsteps_SoundBible_uid-xjk06n,xjk06n,Footsteps_SoundBible_uid-xjk06n.wav,audio/Footsteps_SoundBible_uid-xjk06n.wav,impulse_noise,0,train,ImpulseEvents.parquet,ImpulseEvent,44100,1,2025-11-09,Footstep,,,,,30000,10
Frying_Pan_Impact-SoundBible_uid-4tjysk,4tjysk,Frying_Pan_Impact-SoundBible_uid-4tjysk.wav,audio/Frying_Pan_Impact-SoundBible_uid-4tjysk.wav,impulse_noise,0,train,libdata_impulz_2.1.parquet,,44100,1,2026-04-11,,,,,,30000,10
Frying_Pan_Impact-SoundBible_uid-gy4uv0,gy4uv0,Frying_Pan_Impact-SoundBible_uid-gy4uv0.wav,audio/Frying_Pan_Impact-SoundBible_uid-gy4uv0.wav,impulse_noise,0,train,libdata_impulz_2.1.parquet,,44100,1,2026-04-11,,,,,,30000,10
Full_Throttle-SoundBible_uid-13goe3,13goe3,Full_Throttle-SoundBible_uid-13goe3.wav,audio/Full_Throttle-SoundBible_uid-13goe3.wav,impulse_noise,0,train,libdata_impulz_2.1.parquet,,44100,1,2026-04-11,,,,,,30000,10
Full_Throttle-SoundBible_uid-dywhw9,dywhw9,Full_Throttle-SoundBible_uid-dywhw9.wav,audio/Full_Throttle-SoundBible_uid-dywhw9.wav,impulse_noise,0,train,libdata_impulz_2.1.parquet,,44100,1,2026-04-11,,,,,,30000,10
Hockey_Game Ambiance-SoundBible_uid-mxy25p,mxy25p,Hockey_Game Ambiance-SoundBible_uid-mxy25p.wav,audio/Hockey_Game Ambiance-SoundBible_uid-mxy25p.wav,impulse_noise,0,train,libdata_impulz_2.1.parquet,,44100,1,2026-04-11,,,,,,30000,10
Hockey_Game Ambiance-SoundBible_uid-n2vcjy,n2vcjy,Hockey_Game Ambiance-SoundBible_uid-n2vcjy.wav,audio/Hockey_Game Ambiance-SoundBible_uid-n2vcjy.wav,impulse_noise,0,train,libdata_impulz_2.1.parquet,,44100,1,2026-04-11,,,,,,30000,10
Hockey_Game Ambiance-SoundBible_uid-oqjbda,oqjbda,Hockey_Game Ambiance-SoundBible_uid-oqjbda.wav,audio/Hockey_Game Ambiance-SoundBible_uid-oqjbda.wav,impulse_noise,0,train,libdata_impulz_2.1.parquet,,44100,1,2026-04-11,,,,,,30000,10
Hockey_Game Ambiance-SoundBible_uid-xi7z7i,xi7z7i,Hockey_Game Ambiance-SoundBible_uid-xi7z7i.wav,audio/Hockey_Game Ambiance-SoundBible_uid-xi7z7i.wav,impulse_noise,0,train,libdata_impulz_2.1.parquet,,44100,1,2026-04-11,,,,,,30000,10
Hockey_Game Ambiance-SoundBible_uid-xlgm26,xlgm26,Hockey_Game Ambiance-SoundBible_uid-xlgm26.wav,audio/Hockey_Game Ambiance-SoundBible_uid-xlgm26.wav,impulse_noise,0,train,libdata_impulz_2.1.parquet,,44100,1,2026-04-11,,,,,,30000,10
Howard_Dean Screaming-SoundBible_uid-houbpy,houbpy,Howard_Dean Screaming-SoundBible_uid-houbpy.wav,audio/Howard_Dean Screaming-SoundBible_uid-houbpy.wav,impulse_noise,0,train,ImpulseEvents.parquet,ImpulseEvent,44100,1,2025-11-09,Man screaming,,,,,30000,10
Howard_Dean Screaming-SoundBible_uid-kng9vm,kng9vm,Howard_Dean Screaming-SoundBible_uid-kng9vm.wav,audio/Howard_Dean Screaming-SoundBible_uid-kng9vm.wav,impulse_noise,0,train,ImpulseEvents.parquet,ImpulseEvent,44100,1,2025-11-09,Man screaming,,,,,30000,10
Indian_Bell-SoundBible_uid-05cpjg,05cpjg,Indian_Bell-SoundBible_uid-05cpjg.wav,audio/Indian_Bell-SoundBible_uid-05cpjg.wav,impulse_noise,0,train,libdata_impulz_2.1.parquet,,44100,1,2026-04-11,,,,,,30000,10
Indian_Bell-SoundBible_uid-j1iwfo,j1iwfo,Indian_Bell-SoundBible_uid-j1iwfo.wav,audio/Indian_Bell-SoundBible_uid-j1iwfo.wav,impulse_noise,0,train,ImpulseEvents.parquet,ImpulseEvent,44100,1,2025-11-09,Indian bell,,,,,30000,10
Indian_Bell-SoundBible_uid-qiywb4,qiywb4,Indian_Bell-SoundBible_uid-qiywb4.wav,audio/Indian_Bell-SoundBible_uid-qiywb4.wav,impulse_noise,0,train,ImpulseEvents.parquet,ImpulseEvent,44100,1,2025-11-09,Indian bell,,,,,30000,10
Japanese_Temple Bell Small-SoundBible_uid-lh5wut,lh5wut,Japanese_Temple Bell Small-SoundBible_uid-lh5wut.wav,audio/Japanese_Temple Bell Small-SoundBible_uid-lh5wut.wav,impulse_noise,0,train,libdata_impulz_2.1.parquet,,44100,1,2026-04-11,,,,,,30000,10
Japanese_Temple Bell Small-SoundBible_uid-yzjgir,yzjgir,Japanese_Temple Bell Small-SoundBible_uid-yzjgir.wav,audio/Japanese_Temple Bell Small-SoundBible_uid-yzjgir.wav,impulse_noise,0,train,libdata_impulz_2.1.parquet,,44100,1,2026-04-11,,,,,,30000,10
Large_Door_Slam-SoundBible_uid-13jhqa,13jhqa,Large_Door_Slam-SoundBible_uid-13jhqa.wav,audio/Large_Door_Slam-SoundBible_uid-13jhqa.wav,impulse_noise,0,train,libdata_impulz_2.1.parquet,,44100,1,2026-04-11,,,,,,30000,10
Large_Door_Slam-SoundBible_uid-1psoyj,1psoyj,Large_Door_Slam-SoundBible_uid-1psoyj.wav,audio/Large_Door_Slam-SoundBible_uid-1psoyj.wav,impulse_noise,0,train,ImpulseEvents.parquet,ImpulseEvent,44100,1,2025-11-09,Large door slam,,,,,30000,10
Large_Door_Slam-SoundBible_uid-4zllfp,4zllfp,Large_Door_Slam-SoundBible_uid-4zllfp.wav,audio/Large_Door_Slam-SoundBible_uid-4zllfp.wav,impulse_noise,0,train,libdata_impulz_2.1.parquet,,44100,1,2026-04-11,,,,,,30000,10
Large_Door_Slam-SoundBible_uid-am54hr,am54hr,Large_Door_Slam-SoundBible_uid-am54hr.wav,audio/Large_Door_Slam-SoundBible_uid-am54hr.wav,impulse_noise,0,train,libdata_impulz_2.1.parquet,,44100,1,2026-04-11,,,,,,30000,10
Large_Door_Slam-SoundBible_uid-jt0rph,jt0rph,Large_Door_Slam-SoundBible_uid-jt0rph.wav,audio/Large_Door_Slam-SoundBible_uid-jt0rph.wav,impulse_noise,0,train,libdata_impulz_2.1.parquet,,44100,1,2026-04-11,,,,,,30000,10
Large_Door_Slam-SoundBible_uid-kv2u9m,kv2u9m,Large_Door_Slam-SoundBible_uid-kv2u9m.wav,audio/Large_Door_Slam-SoundBible_uid-kv2u9m.wav,impulse_noise,0,train,libdata_impulz_2.1.parquet,,44100,1,2026-04-11,,,,,,30000,10
Large_Door_Slam-SoundBible_uid-u1l5bj,u1l5bj,Large_Door_Slam-SoundBible_uid-u1l5bj.wav,audio/Large_Door_Slam-SoundBible_uid-u1l5bj.wav,impulse_noise,0,train,libdata_impulz_2.1.parquet,,44100,1,2026-04-11,,,,,,30000,10
Large_Door_Slam-SoundBible_uid-vtytt2,vtytt2,Large_Door_Slam-SoundBible_uid-vtytt2.wav,audio/Large_Door_Slam-SoundBible_uid-vtytt2.wav,impulse_noise,0,train,libdata_impulz_2.1.parquet,,44100,1,2026-04-11,,,,,,30000,10
Large_Door_Slam-SoundBible_uid-y1fcj2,y1fcj2,Large_Door_Slam-SoundBible_uid-y1fcj2.wav,audio/Large_Door_Slam-SoundBible_uid-y1fcj2.wav,impulse_noise,0,train,libdata_impulz_2.1.parquet,,44100,1,2026-04-11,,,,,,30000,10
Large_Metal_Rusty Door-SoundBible_uid-ihz0ur,ihz0ur,Large_Metal_Rusty Door-SoundBible_uid-ihz0ur.wav,audio/Large_Metal_Rusty Door-SoundBible_uid-ihz0ur.wav,impulse_noise,0,train,libdata_impulz_2.1.parquet,,44100,1,2026-04-11,,,,,,30000,10
Large_Metal_Rusty Door-SoundBible_uid-xn083m,xn083m,Large_Metal_Rusty Door-SoundBible_uid-xn083m.wav,audio/Large_Metal_Rusty Door-SoundBible_uid-xn083m.wav,impulse_noise,0,train,libdata_impulz_2.1.parquet,,44100,1,2026-04-11,,,,,,30000,10
Little_Girl_Talking-Mike_Koenig-782373463_uid-embfqd,embfqd,Little_Girl_Talking-Mike_Koenig-782373463_uid-embfqd.wav,audio/Little_Girl_Talking-Mike_Koenig-782373463_uid-embfqd.wav,impulse_noise,0,train,libdata_impulz_2.1.parquet,,44100,1,2026-04-11,,,,,,30000,10
Little_Girl_Talking-Mike_Koenig-782373463_uid-j15zel,j15zel,Little_Girl_Talking-Mike_Koenig-782373463_uid-j15zel.wav,audio/Little_Girl_Talking-Mike_Koenig-782373463_uid-j15zel.wav,impulse_noise,0,train,libdata_impulz_2.1.parquet,,44100,1,2026-04-11,,,,,,30000,10
Little_Girl_Talking-Mike_Koenig-782373463_uid-k5273w,k5273w,Little_Girl_Talking-Mike_Koenig-782373463_uid-k5273w.wav,audio/Little_Girl_Talking-Mike_Koenig-782373463_uid-k5273w.wav,impulse_noise,0,train,libdata_impulz_2.1.parquet,,44100,1,2026-04-11,,,,,,30000,10
Little_Girl_Talking-Mike_Koenig-782373463_uid-smhgf9,smhgf9,Little_Girl_Talking-Mike_Koenig-782373463_uid-smhgf9.wav,audio/Little_Girl_Talking-Mike_Koenig-782373463_uid-smhgf9.wav,impulse_noise,0,train,libdata_impulz_2.1.parquet,,44100,1,2026-04-11,,,,,,30000,10
Little_Girl_Talking-Mike_Koenig-782373463_uid-zkco2a,zkco2a,Little_Girl_Talking-Mike_Koenig-782373463_uid-zkco2a.wav,audio/Little_Girl_Talking-Mike_Koenig-782373463_uid-zkco2a.wav,impulse_noise,0,train,libdata_impulz_2.1.parquet,,44100,1,2026-04-11,,,,,,30000,10
Metal_Gong-Dianakc-109711828_uid-lhnelh,lhnelh,Metal_Gong-Dianakc-109711828_uid-lhnelh.wav,audio/Metal_Gong-Dianakc-109711828_uid-lhnelh.wav,impulse_noise,0,train,libdata_impulz_2.1.parquet,,44100,1,2026-04-11,,,,,,30000,10
Metal_Gong-Dianakc-109711828_uid-rq5l1a,rq5l1a,Metal_Gong-Dianakc-109711828_uid-rq5l1a.wav,audio/Metal_Gong-Dianakc-109711828_uid-rq5l1a.wav,impulse_noise,0,train,libdata_impulz_2.1.parquet,,44100,1,2026-04-11,,,,,,30000,10
Metal_Gong-Dianakc-109711828_uid-uc2x01,uc2x01,Metal_Gong-Dianakc-109711828_uid-uc2x01.wav,audio/Metal_Gong-Dianakc-109711828_uid-uc2x01.wav,impulse_noise,0,train,libdata_impulz_2.1.parquet,,44100,1,2026-04-11,,,,,,30000,10
Mother_In_Law-SoundBible_uid-2i8a7l,2i8a7l,Mother_In_Law-SoundBible_uid-2i8a7l.wav,audio/Mother_In_Law-SoundBible_uid-2i8a7l.wav,impulse_noise,0,train,libdata_impulz_2.1.parquet,,44100,1,2026-04-11,,,,,,30000,10
Mother_In_Law-SoundBible_uid-4pm43v,4pm43v,Mother_In_Law-SoundBible_uid-4pm43v.wav,audio/Mother_In_Law-SoundBible_uid-4pm43v.wav,impulse_noise,0,train,libdata_impulz_2.1.parquet,,44100,1,2026-04-11,,,,,,30000,10
Mother_In_Law-SoundBible_uid-5qenfz,5qenfz,Mother_In_Law-SoundBible_uid-5qenfz.wav,audio/Mother_In_Law-SoundBible_uid-5qenfz.wav,impulse_noise,0,train,libdata_impulz_2.1.parquet,,44100,1,2026-04-11,,,,,,30000,10
Mother_In_Law-SoundBible_uid-ldj5n1,ldj5n1,Mother_In_Law-SoundBible_uid-ldj5n1.wav,audio/Mother_In_Law-SoundBible_uid-ldj5n1.wav,impulse_noise,0,train,libdata_impulz_2.1.parquet,,44100,1,2026-04-11,,,,,,30000,10
Mother_In_Law-SoundBible_uid-r2q9l6,r2q9l6,Mother_In_Law-SoundBible_uid-r2q9l6.wav,audio/Mother_In_Law-SoundBible_uid-r2q9l6.wav,impulse_noise,0,train,libdata_impulz_2.1.parquet,,44100,1,2026-04-11,,,,,,30000,10
Mother_In_Law-SoundBible_uid-w06jo6,w06jo6,Mother_In_Law-SoundBible_uid-w06jo6.wav,audio/Mother_In_Law-SoundBible_uid-w06jo6.wav,impulse_noise,0,train,libdata_impulz_2.1.parquet,,44100,1,2026-04-11,,,,,,30000,10
Mother_In_Law-SoundBible_uid-z92smn,z92smn,Mother_In_Law-SoundBible_uid-z92smn.wav,audio/Mother_In_Law-SoundBible_uid-z92smn.wav,impulse_noise,0,train,libdata_impulz_2.1.parquet,,44100,1,2026-04-11,,,,,,30000,10
Motorcycle_Engine-SoundBible_uid-532kor,532kor,Motorcycle_Engine-SoundBible_uid-532kor.wav,audio/Motorcycle_Engine-SoundBible_uid-532kor.wav,impulse_noise,0,train,ImpulseEvents.parquet,ImpulseEvent,44100,1,2025-11-09,Motorcycle engine,,,,,30000,10
Motorcycle_Engine-SoundBible_uid-5o451c,5o451c,Motorcycle_Engine-SoundBible_uid-5o451c.wav,audio/Motorcycle_Engine-SoundBible_uid-5o451c.wav,impulse_noise,0,train,libdata_impulz_2.1.parquet,,44100,1,2026-04-11,,,,,,30000,10
Motorcycle_Engine-SoundBible_uid-ed9qr0,ed9qr0,Motorcycle_Engine-SoundBible_uid-ed9qr0.wav,audio/Motorcycle_Engine-SoundBible_uid-ed9qr0.wav,impulse_noise,0,train,ImpulseEvents.parquet,ImpulseEvent,44100,1,2025-11-09,Motorcycle engine,,,,,30000,10
Motorcycle_Engine-SoundBible_uid-l2zh6x,l2zh6x,Motorcycle_Engine-SoundBible_uid-l2zh6x.wav,audio/Motorcycle_Engine-SoundBible_uid-l2zh6x.wav,impulse_noise,0,train,ImpulseEvents.parquet,ImpulseEvent,44100,1,2025-11-09,Motorcycle engine,,,,,30000,10
Motorcycle_Engine-SoundBible_uid-nj61gd,nj61gd,Motorcycle_Engine-SoundBible_uid-nj61gd.wav,audio/Motorcycle_Engine-SoundBible_uid-nj61gd.wav,impulse_noise,0,train,libdata_impulz_2.1.parquet,,44100,1,2026-04-11,,,,,,30000,10
Motorcycle_Engine-SoundBible_uid-nylusr,nylusr,Motorcycle_Engine-SoundBible_uid-nylusr.wav,audio/Motorcycle_Engine-SoundBible_uid-nylusr.wav,impulse_noise,0,train,libdata_impulz_2.1.parquet,,44100,1,2026-04-11,,,,,,30000,10
Motorcycle_Engine-SoundBible_uid-vcok6o,vcok6o,Motorcycle_Engine-SoundBible_uid-vcok6o.wav,audio/Motorcycle_Engine-SoundBible_uid-vcok6o.wav,impulse_noise,0,train,libdata_impulz_2.1.parquet,,44100,1,2026-04-11,,,,,,30000,10
Neighborhood_Dogs Barking-SoundBible_uid-6psl8n,6psl8n,Neighborhood_Dogs Barking-SoundBible_uid-6psl8n.wav,audio/Neighborhood_Dogs Barking-SoundBible_uid-6psl8n.wav,impulse_noise,0,train,libdata_impulz_2.1.parquet,,44100,1,2026-04-11,,,,,,30000,10
Neighborhood_Dogs Barking-SoundBible_uid-b8m1ha,b8m1ha,Neighborhood_Dogs Barking-SoundBible_uid-b8m1ha.wav,audio/Neighborhood_Dogs Barking-SoundBible_uid-b8m1ha.wav,impulse_noise,0,train,libdata_impulz_2.1.parquet,,44100,1,2026-04-11,,,,,,30000,10
Neighborhood_Dogs Barking-SoundBible_uid-i17h1l,i17h1l,Neighborhood_Dogs Barking-SoundBible_uid-i17h1l.wav,audio/Neighborhood_Dogs Barking-SoundBible_uid-i17h1l.wav,impulse_noise,0,train,libdata_impulz_2.1.parquet,,44100,1,2026-04-11,,,,,,30000,10
Neighborhood_Dogs Barking-SoundBible_uid-jq0pvf,jq0pvf,Neighborhood_Dogs Barking-SoundBible_uid-jq0pvf.wav,audio/Neighborhood_Dogs Barking-SoundBible_uid-jq0pvf.wav,impulse_noise,0,train,libdata_impulz_2.1.parquet,,44100,1,2026-04-11,,,,,,30000,10
Neighborhood_Dogs Barking-SoundBible_uid-lnpr65,lnpr65,Neighborhood_Dogs Barking-SoundBible_uid-lnpr65.wav,audio/Neighborhood_Dogs Barking-SoundBible_uid-lnpr65.wav,impulse_noise,0,train,libdata_impulz_2.1.parquet,,44100,1,2026-04-11,,,,,,30000,10
Neighborhood_Dogs Barking-SoundBible_uid-u0utjf,u0utjf,Neighborhood_Dogs Barking-SoundBible_uid-u0utjf.wav,audio/Neighborhood_Dogs Barking-SoundBible_uid-u0utjf.wav,impulse_noise,0,train,libdata_impulz_2.1.parquet,,44100,1,2026-04-11,,,,,,30000,10
Obama_Speech Liar-SoundBible_uid-56tkh6,56tkh6,Obama_Speech Liar-SoundBible_uid-56tkh6.wav,audio/Obama_Speech Liar-SoundBible_uid-56tkh6.wav,impulse_noise,0,train,libdata_impulz_2.1.parquet,,44100,1,2026-04-11,,,,,,30000,10
Obama_Speech Liar-SoundBible_uid-it25ex,it25ex,Obama_Speech Liar-SoundBible_uid-it25ex.wav,audio/Obama_Speech Liar-SoundBible_uid-it25ex.wav,impulse_noise,0,train,libdata_impulz_2.1.parquet,,44100,1,2026-04-11,,,,,,30000,10
Obama_Speech Liar-SoundBible_uid-m55wqm,m55wqm,Obama_Speech Liar-SoundBible_uid-m55wqm.wav,audio/Obama_Speech Liar-SoundBible_uid-m55wqm.wav,impulse_noise,0,train,libdata_impulz_2.1.parquet,,44100,1,2026-04-11,,,,,,30000,10
Obama_Speech Liar-SoundBible_uid-o893eg,o893eg,Obama_Speech Liar-SoundBible_uid-o893eg.wav,audio/Obama_Speech Liar-SoundBible_uid-o893eg.wav,impulse_noise,0,train,libdata_impulz_2.1.parquet,,44100,1,2026-04-11,,,,,,30000,10
Obama_Speech Liar-SoundBible_uid-vfb2cc,vfb2cc,Obama_Speech Liar-SoundBible_uid-vfb2cc.wav,audio/Obama_Speech Liar-SoundBible_uid-vfb2cc.wav,impulse_noise,0,train,libdata_impulz_2.1.parquet,,44100,1,2026-04-11,,,,,,30000,10
Old_Door_Creaking-SoundBible_uid-0cxhr5,0cxhr5,Old_Door_Creaking-SoundBible_uid-0cxhr5.wav,audio/Old_Door_Creaking-SoundBible_uid-0cxhr5.wav,impulse_noise,0,train,libdata_impulz_2.1.parquet,,44100,1,2026-04-11,,,,,,30000,10
Old_Door_Creaking-SoundBible_uid-0yquhs,0yquhs,Old_Door_Creaking-SoundBible_uid-0yquhs.wav,audio/Old_Door_Creaking-SoundBible_uid-0yquhs.wav,impulse_noise,0,train,libdata_impulz_2.1.parquet,,44100,1,2026-04-11,,,,,,30000,10
Old_Door_Creaking-SoundBible_uid-12sdup,12sdup,Old_Door_Creaking-SoundBible_uid-12sdup.wav,audio/Old_Door_Creaking-SoundBible_uid-12sdup.wav,impulse_noise,0,train,libdata_impulz_2.1.parquet,,44100,1,2026-04-11,,,,,,30000,10
Old_Door_Creaking-SoundBible_uid-3nda72,3nda72,Old_Door_Creaking-SoundBible_uid-3nda72.wav,audio/Old_Door_Creaking-SoundBible_uid-3nda72.wav,impulse_noise,0,train,libdata_impulz_2.1.parquet,,44100,1,2026-04-11,,,,,,30000,10
Old_Door_Creaking-SoundBible_uid-3zq0t3,3zq0t3,Old_Door_Creaking-SoundBible_uid-3zq0t3.wav,audio/Old_Door_Creaking-SoundBible_uid-3zq0t3.wav,impulse_noise,0,train,libdata_impulz_2.1.parquet,,44100,1,2026-04-11,,,,,,30000,10
Old_Door_Creaking-SoundBible_uid-6phapn,6phapn,Old_Door_Creaking-SoundBible_uid-6phapn.wav,audio/Old_Door_Creaking-SoundBible_uid-6phapn.wav,impulse_noise,0,train,libdata_impulz_2.1.parquet,,44100,1,2026-04-11,,,,,,30000,10
Old_Door_Creaking-SoundBible_uid-ltu6v6,ltu6v6,Old_Door_Creaking-SoundBible_uid-ltu6v6.wav,audio/Old_Door_Creaking-SoundBible_uid-ltu6v6.wav,impulse_noise,0,train,libdata_impulz_2.1.parquet,,44100,1,2026-04-11,,,,,,30000,10
Old_Door_Creaking-SoundBible_uid-rehqyi,rehqyi,Old_Door_Creaking-SoundBible_uid-rehqyi.wav,audio/Old_Door_Creaking-SoundBible_uid-rehqyi.wav,impulse_noise,0,train,libdata_impulz_2.1.parquet,,44100,1,2026-04-11,,,,,,30000,10
Old_Door_Creaking-SoundBible_uid-ugdlcw,ugdlcw,Old_Door_Creaking-SoundBible_uid-ugdlcw.wav,audio/Old_Door_Creaking-SoundBible_uid-ugdlcw.wav,impulse_noise,0,train,libdata_impulz_2.1.parquet,,44100,1,2026-04-11,,,,,,30000,10
Old_Door_Creaking-SoundBible_uid-vmd0mi,vmd0mi,Old_Door_Creaking-SoundBible_uid-vmd0mi.wav,audio/Old_Door_Creaking-SoundBible_uid-vmd0mi.wav,impulse_noise,0,train,libdata_impulz_2.1.parquet,,44100,1,2026-04-11,,,,,,30000,10
People_Screaming-SoundBible_uid-3uupv3,3uupv3,People_Screaming-SoundBible_uid-3uupv3.wav,audio/People_Screaming-SoundBible_uid-3uupv3.wav,impulse_noise,0,train,libdata_impulz_2.1.parquet,,44100,1,2026-04-11,,,,,,30000,10
People_Screaming-SoundBible_uid-bp2stl,bp2stl,People_Screaming-SoundBible_uid-bp2stl.wav,audio/People_Screaming-SoundBible_uid-bp2stl.wav,impulse_noise,0,train,libdata_impulz_2.1.parquet,,44100,1,2026-04-11,,,,,,30000,10
People_Screaming-SoundBible_uid-hfkye2,hfkye2,People_Screaming-SoundBible_uid-hfkye2.wav,audio/People_Screaming-SoundBible_uid-hfkye2.wav,impulse_noise,0,train,libdata_impulz_2.1.parquet,,44100,1,2026-04-11,,,,,,30000,10
People_Screaming-SoundBible_uid-izy7pt,izy7pt,People_Screaming-SoundBible_uid-izy7pt.wav,audio/People_Screaming-SoundBible_uid-izy7pt.wav,impulse_noise,0,train,libdata_impulz_2.1.parquet,,44100,1,2026-04-11,,,,,,30000,10
Person_Screaming No-SoundBible_uid-1cr947,1cr947,Person_Screaming No-SoundBible_uid-1cr947.wav,audio/Person_Screaming No-SoundBible_uid-1cr947.wav,impulse_noise,0,train,libdata_impulz_2.1.parquet,,44100,1,2026-04-11,,,,,,30000,10
Police Siren 3-SoundBible_uid-2pvfa4,2pvfa4,Police Siren 3-SoundBible_uid-2pvfa4.wav,audio/Police Siren 3-SoundBible_uid-2pvfa4.wav,impulse_noise,0,train,libdata_impulz_2.1.parquet,,44100,1,2026-04-11,,,,,,30000,10
Police Siren 3-SoundBible_uid-3d5i8j,3d5i8j,Police Siren 3-SoundBible_uid-3d5i8j.wav,audio/Police Siren 3-SoundBible_uid-3d5i8j.wav,impulse_noise,0,train,libdata_impulz_2.1.parquet,,44100,1,2026-04-11,,,,,,30000,10
Police Siren 3-SoundBible_uid-cycqe4,cycqe4,Police Siren 3-SoundBible_uid-cycqe4.wav,audio/Police Siren 3-SoundBible_uid-cycqe4.wav,impulse_noise,0,train,libdata_impulz_2.1.parquet,,44100,1,2026-04-11,,,,,,30000,10
Police_Siren-SoundBible_uid-5des6p,5des6p,Police_Siren-SoundBible_uid-5des6p.wav,audio/Police_Siren-SoundBible_uid-5des6p.wav,impulse_noise,0,train,libdata_impulz_2.1.parquet,,44100,1,2026-04-11,,,,,,30000,10
Police_Siren_2-SoundBible_uid-mvtx9k,mvtx9k,Police_Siren_2-SoundBible_uid-mvtx9k.wav,audio/Police_Siren_2-SoundBible_uid-mvtx9k.wav,impulse_noise,0,train,libdata_impulz_2.1.parquet,,44100,1,2026-04-11,,,,,,30000,10
Police_Siren_2-SoundBible_uid-v714xd,v714xd,Police_Siren_2-SoundBible_uid-v714xd.wav,audio/Police_Siren_2-SoundBible_uid-v714xd.wav,impulse_noise,0,train,libdata_impulz_2.1.parquet,,44100,1,2026-04-11,,,,,,30000,10
Police_TheCristi95-214716303_uid-fqrk8v,fqrk8v,Police_TheCristi95-214716303_uid-fqrk8v.wav,audio/Police_TheCristi95-214716303_uid-fqrk8v.wav,impulse_noise,0,train,libdata_impulz_2.1.parquet,,44100,1,2026-04-11,,,,,,30000,10
Psycho_Scream-SoundBible_uid-2utxng,2utxng,Psycho_Scream-SoundBible_uid-2utxng.wav,audio/Psycho_Scream-SoundBible_uid-2utxng.wav,impulse_noise,0,train,ImpulseEvents.parquet,ImpulseEvent,44100,1,2025-11-09,Psycho scream,,,,,30000,10
Psycho_Scream-SoundBible_uid-41fmfi,41fmfi,Psycho_Scream-SoundBible_uid-41fmfi.wav,audio/Psycho_Scream-SoundBible_uid-41fmfi.wav,impulse_noise,0,train,libdata_impulz_2.1.parquet,,44100,1,2026-04-11,,,,,,30000,10
Psycho_Scream-SoundBible_uid-42a8md,42a8md,Psycho_Scream-SoundBible_uid-42a8md.wav,audio/Psycho_Scream-SoundBible_uid-42a8md.wav,impulse_noise,0,train,ImpulseEvents.parquet,ImpulseEvent,44100,1,2025-11-09,Psycho scream,,,,,30000,10
Psycho_Scream-SoundBible_uid-b3cndq,b3cndq,Psycho_Scream-SoundBible_uid-b3cndq.wav,audio/Psycho_Scream-SoundBible_uid-b3cndq.wav,impulse_noise,0,train,libdata_impulz_2.1.parquet,,44100,1,2026-04-11,,,,,,30000,10
Public_Transit_Bus-SoundBible_uid-3i5t22,3i5t22,Public_Transit_Bus-SoundBible_uid-3i5t22.wav,audio/Public_Transit_Bus-SoundBible_uid-3i5t22.wav,impulse_noise,0,train,libdata_impulz_2.1.parquet,,44100,1,2026-04-11,,,,,,30000,10
Public_Transit_Bus-SoundBible_uid-8f576m,8f576m,Public_Transit_Bus-SoundBible_uid-8f576m.wav,audio/Public_Transit_Bus-SoundBible_uid-8f576m.wav,impulse_noise,0,train,libdata_impulz_2.1.parquet,,44100,1,2026-04-11,,,,,,30000,10
Public_Transit_Bus-SoundBible_uid-a8fyah,a8fyah,Public_Transit_Bus-SoundBible_uid-a8fyah.wav,audio/Public_Transit_Bus-SoundBible_uid-a8fyah.wav,impulse_noise,0,train,libdata_impulz_2.1.parquet,,44100,1,2026-04-11,,,,,,30000,10
Public_Transit_Bus-SoundBible_uid-cwr0mf,cwr0mf,Public_Transit_Bus-SoundBible_uid-cwr0mf.wav,audio/Public_Transit_Bus-SoundBible_uid-cwr0mf.wav,impulse_noise,0,train,libdata_impulz_2.1.parquet,,44100,1,2026-04-11,,,,,,30000,10
Public_Transit_Bus-SoundBible_uid-mysutj,mysutj,Public_Transit_Bus-SoundBible_uid-mysutj.wav,audio/Public_Transit_Bus-SoundBible_uid-mysutj.wav,impulse_noise,0,train,libdata_impulz_2.1.parquet,,44100,1,2026-04-11,,,,,,30000,10
Public_Transit_Bus-SoundBible_uid-ubrqyj,ubrqyj,Public_Transit_Bus-SoundBible_uid-ubrqyj.wav,audio/Public_Transit_Bus-SoundBible_uid-ubrqyj.wav,impulse_noise,0,train,libdata_impulz_2.1.parquet,,44100,1,2026-04-11,,,,,,30000,10
Puppy_Dog Barking-SoundBible_uid-0qy0mv,0qy0mv,Puppy_Dog Barking-SoundBible_uid-0qy0mv.wav,audio/Puppy_Dog Barking-SoundBible_uid-0qy0mv.wav,impulse_noise,0,train,libdata_impulz_2.1.parquet,,44100,1,2026-04-11,,,,,,30000,10
Puppy_Dog Barking-SoundBible_uid-2xlf8k,2xlf8k,Puppy_Dog Barking-SoundBible_uid-2xlf8k.wav,audio/Puppy_Dog Barking-SoundBible_uid-2xlf8k.wav,impulse_noise,0,train,libdata_impulz_2.1.parquet,,44100,1,2026-04-11,,,,,,30000,10
Puppy_Dog Barking-SoundBible_uid-5q8j8z,5q8j8z,Puppy_Dog Barking-SoundBible_uid-5q8j8z.wav,audio/Puppy_Dog Barking-SoundBible_uid-5q8j8z.wav,impulse_noise,0,train,libdata_impulz_2.1.parquet,,44100,1,2026-04-11,,,,,,30000,10
Puppy_Dog Barking-SoundBible_uid-6ig5tz,6ig5tz,Puppy_Dog Barking-SoundBible_uid-6ig5tz.wav,audio/Puppy_Dog Barking-SoundBible_uid-6ig5tz.wav,impulse_noise,0,train,libdata_impulz_2.1.parquet,,44100,1,2026-04-11,,,,,,30000,10
Puppy_Dog Barking-SoundBible_uid-6o7irb,6o7irb,Puppy_Dog Barking-SoundBible_uid-6o7irb.wav,audio/Puppy_Dog Barking-SoundBible_uid-6o7irb.wav,impulse_noise,0,train,libdata_impulz_2.1.parquet,,44100,1,2026-04-11,,,,,,30000,10
Puppy_Dog Barking-SoundBible_uid-7qzkxg,7qzkxg,Puppy_Dog Barking-SoundBible_uid-7qzkxg.wav,audio/Puppy_Dog Barking-SoundBible_uid-7qzkxg.wav,impulse_noise,0,train,libdata_impulz_2.1.parquet,,44100,1,2026-04-11,,,,,,30000,10
Puppy_Dog Barking-SoundBible_uid-8x7knz,8x7knz,Puppy_Dog Barking-SoundBible_uid-8x7knz.wav,audio/Puppy_Dog Barking-SoundBible_uid-8x7knz.wav,impulse_noise,0,train,libdata_impulz_2.1.parquet,,44100,1,2026-04-11,,,,,,30000,10
Puppy_Dog Barking-SoundBible_uid-fqrqmg,fqrqmg,Puppy_Dog Barking-SoundBible_uid-fqrqmg.wav,audio/Puppy_Dog Barking-SoundBible_uid-fqrqmg.wav,impulse_noise,0,train,libdata_impulz_2.1.parquet,,44100,1,2026-04-11,,,,,,30000,10
Puppy_Dog Barking-SoundBible_uid-h2kk2o,h2kk2o,Puppy_Dog Barking-SoundBible_uid-h2kk2o.wav,audio/Puppy_Dog Barking-SoundBible_uid-h2kk2o.wav,impulse_noise,0,train,libdata_impulz_2.1.parquet,,44100,1,2026-04-11,,,,,,30000,10
Puppy_Dog Barking-SoundBible_uid-hhl2n0,hhl2n0,Puppy_Dog Barking-SoundBible_uid-hhl2n0.wav,audio/Puppy_Dog Barking-SoundBible_uid-hhl2n0.wav,impulse_noise,0,train,libdata_impulz_2.1.parquet,,44100,1,2026-04-11,,,,,,30000,10
Puppy_Dog Barking-SoundBible_uid-hwenxp,hwenxp,Puppy_Dog Barking-SoundBible_uid-hwenxp.wav,audio/Puppy_Dog Barking-SoundBible_uid-hwenxp.wav,impulse_noise,0,train,libdata_impulz_2.1.parquet,,44100,1,2026-04-11,,,,,,30000,10
Puppy_Dog Barking-SoundBible_uid-izcqml,izcqml,Puppy_Dog Barking-SoundBible_uid-izcqml.wav,audio/Puppy_Dog Barking-SoundBible_uid-izcqml.wav,impulse_noise,0,train,libdata_impulz_2.1.parquet,,44100,1,2026-04-11,,,,,,30000,10
Puppy_Dog Barking-SoundBible_uid-v9bdxr,v9bdxr,Puppy_Dog Barking-SoundBible_uid-v9bdxr.wav,audio/Puppy_Dog Barking-SoundBible_uid-v9bdxr.wav,impulse_noise,0,train,libdata_impulz_2.1.parquet,,44100,1,2026-04-11,,,,,,30000,10
Race_Car Idle-SoundBible_uid-5f9xm2,5f9xm2,Race_Car Idle-SoundBible_uid-5f9xm2.wav,audio/Race_Car Idle-SoundBible_uid-5f9xm2.wav,impulse_noise,0,train,libdata_impulz_2.1.parquet,,44100,1,2026-04-11,,,,,,30000,10
Race_Car Idle-SoundBible_uid-dkehib,dkehib,Race_Car Idle-SoundBible_uid-dkehib.wav,audio/Race_Car Idle-SoundBible_uid-dkehib.wav,impulse_noise,0,train,libdata_impulz_2.1.parquet,,44100,1,2026-04-11,,,,,,30000,10
Race_Car Idle-SoundBible_uid-z20zcy,z20zcy,Race_Car Idle-SoundBible_uid-z20zcy.wav,audio/Race_Car Idle-SoundBible_uid-z20zcy.wav,impulse_noise,0,train,libdata_impulz_2.1.parquet,,44100,1,2026-04-11,,,,,,30000,10
Random_Son_Talk-SoundBible_uid-1ym4hc,1ym4hc,Random_Son_Talk-SoundBible_uid-1ym4hc.wav,audio/Random_Son_Talk-SoundBible_uid-1ym4hc.wav,impulse_noise,0,train,libdata_impulz_2.1.parquet,,44100,1,2026-04-11,,,,,,30000,10
Random_Son_Talk-SoundBible_uid-8mu830,8mu830,Random_Son_Talk-SoundBible_uid-8mu830.wav,audio/Random_Son_Talk-SoundBible_uid-8mu830.wav,impulse_noise,0,train,libdata_impulz_2.1.parquet,,44100,1,2026-04-11,,,,,,30000,10
Random_Son_Talk-SoundBible_uid-kqlhrz,kqlhrz,Random_Son_Talk-SoundBible_uid-kqlhrz.wav,audio/Random_Son_Talk-SoundBible_uid-kqlhrz.wav,impulse_noise,0,train,libdata_impulz_2.1.parquet,,44100,1,2026-04-11,,,,,,30000,10
Random_Son_Talk-SoundBible_uid-zdgyqp,zdgyqp,Random_Son_Talk-SoundBible_uid-zdgyqp.wav,audio/Random_Son_Talk-SoundBible_uid-zdgyqp.wav,impulse_noise,0,train,libdata_impulz_2.1.parquet,,44100,1,2026-04-11,,,,,,30000,10
Restaurant Walla Track-SoundBible_uid-kjeqfn,kjeqfn,Restaurant Walla Track-SoundBible_uid-kjeqfn.wav,audio/Restaurant Walla Track-SoundBible_uid-kjeqfn.wav,impulse_noise,0,train,libdata_impulz_2.1.parquet,,44100,1,2026-04-11,,,,,,30000,10
Restaurant Walla Track-SoundBible_uid-l5x040,l5x040,Restaurant Walla Track-SoundBible_uid-l5x040.wav,audio/Restaurant Walla Track-SoundBible_uid-l5x040.wav,impulse_noise,0,train,libdata_impulz_2.1.parquet,,44100,1,2026-04-11,,,,,,30000,10
Restaurant Walla Track-SoundBible_uid-qhfjn5,qhfjn5,Restaurant Walla Track-SoundBible_uid-qhfjn5.wav,audio/Restaurant Walla Track-SoundBible_uid-qhfjn5.wav,impulse_noise,0,train,libdata_impulz_2.1.parquet,,44100,1,2026-04-11,,,,,,30000,10
Restaurant Walla Track-SoundBible_uid-rk74im,rk74im,Restaurant Walla Track-SoundBible_uid-rk74im.wav,audio/Restaurant Walla Track-SoundBible_uid-rk74im.wav,impulse_noise,0,train,libdata_impulz_2.1.parquet,,44100,1,2026-04-11,,,,,,30000,10
Restaurant Walla Track-SoundBible_uid-w5x690,w5x690,Restaurant Walla Track-SoundBible_uid-w5x690.wav,audio/Restaurant Walla Track-SoundBible_uid-w5x690.wav,impulse_noise,0,train,libdata_impulz_2.1.parquet,,44100,1,2026-04-11,,,,,,30000,10
Restaurant_Ambiance -SoundBible_uid-bdjnou,bdjnou,Restaurant_Ambiance -SoundBible_uid-bdjnou.wav,audio/Restaurant_Ambiance -SoundBible_uid-bdjnou.wav,impulse_noise,0,train,libdata_impulz_2.1.parquet,,44100,1,2026-04-11,,,,,,30000,10
Restaurant_Ambiance -SoundBible_uid-fmre0f,fmre0f,Restaurant_Ambiance -SoundBible_uid-fmre0f.wav,audio/Restaurant_Ambiance -SoundBible_uid-fmre0f.wav,impulse_noise,0,train,libdata_impulz_2.1.parquet,,44100,1,2026-04-11,,,,,,30000,10
Restaurant_Ambiance -SoundBible_uid-k3gzvh,k3gzvh,Restaurant_Ambiance -SoundBible_uid-k3gzvh.wav,audio/Restaurant_Ambiance -SoundBible_uid-k3gzvh.wav,impulse_noise,0,train,libdata_impulz_2.1.parquet,,44100,1,2026-04-11,,,,,,30000,10
Restaurant_Ambiance -SoundBible_uid-lgpjkd,lgpjkd,Restaurant_Ambiance -SoundBible_uid-lgpjkd.wav,audio/Restaurant_Ambiance -SoundBible_uid-lgpjkd.wav,impulse_noise,0,train,libdata_impulz_2.1.parquet,,44100,1,2026-04-11,,,,,,30000,10
Restaurant_Ambiance -SoundBible_uid-mbsb9z,mbsb9z,Restaurant_Ambiance -SoundBible_uid-mbsb9z.wav,audio/Restaurant_Ambiance -SoundBible_uid-mbsb9z.wav,impulse_noise,0,train,libdata_impulz_2.1.parquet,,44100,1,2026-04-11,,,,,,30000,10
Scary_Scream-SoundBible_uid-wvjpdl,wvjpdl,Scary_Scream-SoundBible_uid-wvjpdl.wav,audio/Scary_Scream-SoundBible_uid-wvjpdl.wav,impulse_noise,0,train,libdata_impulz_2.1.parquet,,44100,1,2026-04-11,,,,,,30000,10
Scary_Scream-SoundBible_uid-yzql8f,yzql8f,Scary_Scream-SoundBible_uid-yzql8f.wav,audio/Scary_Scream-SoundBible_uid-yzql8f.wav,impulse_noise,0,train,libdata_impulz_2.1.parquet,,44100,1,2026-04-11,,,,,,30000,10
School_Fire_Alarm-Cullen_Card-202875844_uid-d7y47w,d7y47w,School_Fire_Alarm-Cullen_Card-202875844_uid-d7y47w.wav,audio/School_Fire_Alarm-Cullen_Card-202875844_uid-d7y47w.wav,impulse_noise,0,train,libdata_impulz_2.1.parquet,,44100,1,2026-04-11,,,,,,30000,10
School_Fire_Alarm-Cullen_Card-202875844_uid-f4uoup,f4uoup,School_Fire_Alarm-Cullen_Card-202875844_uid-f4uoup.wav,audio/School_Fire_Alarm-Cullen_Card-202875844_uid-f4uoup.wav,impulse_noise,0,train,libdata_impulz_2.1.parquet,,44100,1,2026-04-11,,,,,,30000,10
School_Fire_Alarm-Cullen_Card-202875844_uid-gjef9e,gjef9e,School_Fire_Alarm-Cullen_Card-202875844_uid-gjef9e.wav,audio/School_Fire_Alarm-Cullen_Card-202875844_uid-gjef9e.wav,impulse_noise,0,train,libdata_impulz_2.1.parquet,,44100,1,2026-04-11,,,,,,30000,10
School_Fire_Alarm-Cullen_Card-202875844_uid-lasqeu,lasqeu,School_Fire_Alarm-Cullen_Card-202875844_uid-lasqeu.wav,audio/School_Fire_Alarm-Cullen_Card-202875844_uid-lasqeu.wav,impulse_noise,0,train,libdata_impulz_2.1.parquet,,44100,1,2026-04-11,,,,,,30000,10
School_Fire_Alarm-Cullen_Card-202875844_uid-rgrj5b,rgrj5b,School_Fire_Alarm-Cullen_Card-202875844_uid-rgrj5b.wav,audio/School_Fire_Alarm-Cullen_Card-202875844_uid-rgrj5b.wav,impulse_noise,0,train,libdata_impulz_2.1.parquet,,44100,1,2026-04-11,,,,,,30000,10
School_Fire_Alarm-Cullen_Card-202875844_uid-tahodp,tahodp,School_Fire_Alarm-Cullen_Card-202875844_uid-tahodp.wav,audio/School_Fire_Alarm-Cullen_Card-202875844_uid-tahodp.wav,impulse_noise,0,train,libdata_impulz_2.1.parquet,,44100,1,2026-04-11,,,,,,30000,10
Shift_Gears-SoundBible_uid-0py99w,0py99w,Shift_Gears-SoundBible_uid-0py99w.wav,audio/Shift_Gears-SoundBible_uid-0py99w.wav,impulse_noise,0,train,libdata_impulz_2.1.parquet,,22050,1,2026-04-11,,,,,,30000,10
Shift_Gears-SoundBible_uid-26wbsh,26wbsh,Shift_Gears-SoundBible_uid-26wbsh.wav,audio/Shift_Gears-SoundBible_uid-26wbsh.wav,impulse_noise,0,train,ImpulseEvents.parquet,ImpulseEvent,44100,1,2025-11-09,Shift Gears,,,,,30000,10
Shift_Gears-SoundBible_uid-60h0ny,60h0ny,Shift_Gears-SoundBible_uid-60h0ny.wav,audio/Shift_Gears-SoundBible_uid-60h0ny.wav,impulse_noise,0,train,ImpulseEvents.parquet,ImpulseEvent,44100,1,2025-11-09,Shift Gears,,,,,30000,10
Shift_Gears-SoundBible_uid-658eb2,658eb2,Shift_Gears-SoundBible_uid-658eb2.wav,audio/Shift_Gears-SoundBible_uid-658eb2.wav,impulse_noise,0,train,libdata_impulz_2.1.parquet,,22050,1,2026-04-11,,,,,,30000,10
Shift_Gears-SoundBible_uid-82bxd2,82bxd2,Shift_Gears-SoundBible_uid-82bxd2.wav,audio/Shift_Gears-SoundBible_uid-82bxd2.wav,impulse_noise,0,train,ImpulseEvents.parquet,ImpulseEvent,44100,1,2025-11-09,Shift Gears,,,,,30000,10
Shift_Gears-SoundBible_uid-eezpvg,eezpvg,Shift_Gears-SoundBible_uid-eezpvg.wav,audio/Shift_Gears-SoundBible_uid-eezpvg.wav,impulse_noise,0,train,libdata_impulz_2.1.parquet,,22050,1,2026-04-11,,,,,,30000,10
Shift_Gears-SoundBible_uid-fssn70,fssn70,Shift_Gears-SoundBible_uid-fssn70.wav,audio/Shift_Gears-SoundBible_uid-fssn70.wav,impulse_noise,0,train,ImpulseEvents.parquet,ImpulseEvent,44100,1,2025-11-09,Shift Gears,,,,,30000,10
Shift_Gears-SoundBible_uid-h7kcri,h7kcri,Shift_Gears-SoundBible_uid-h7kcri.wav,audio/Shift_Gears-SoundBible_uid-h7kcri.wav,impulse_noise,0,train,libdata_impulz_2.1.parquet,,44100,1,2026-04-11,,,,,,30000,10
Shift_Gears-SoundBible_uid-i8bv3a,i8bv3a,Shift_Gears-SoundBible_uid-i8bv3a.wav,audio/Shift_Gears-SoundBible_uid-i8bv3a.wav,impulse_noise,0,train,ImpulseEvents.parquet,ImpulseEvent,44100,1,2025-11-09,Shift Gears,,,,,30000,10
Shift_Gears-SoundBible_uid-vosmy5,vosmy5,Shift_Gears-SoundBible_uid-vosmy5.wav,audio/Shift_Gears-SoundBible_uid-vosmy5.wav,impulse_noise,0,train,libdata_impulz_2.1.parquet,,44100,1,2026-04-11,,,,,,30000,10
Ship_Bell-Mike_Koenig-1911209136_uid-bc37x2,bc37x2,Ship_Bell-Mike_Koenig-1911209136_uid-bc37x2.wav,audio/Ship_Bell-Mike_Koenig-1911209136_uid-bc37x2.wav,impulse_noise,0,train,libdata_impulz_2.1.parquet,,22050,1,2026-04-11,,,,,,30000,10
Ship_Bell-Mike_Koenig-1911209136_uid-qdaqy8,qdaqy8,Ship_Bell-Mike_Koenig-1911209136_uid-qdaqy8.wav,audio/Ship_Bell-Mike_Koenig-1911209136_uid-qdaqy8.wav,impulse_noise,0,train,libdata_impulz_2.1.parquet,,22050,1,2026-04-11,,,,,,30000,10
Ship_Bell-Mike_Koenig-1911209136_uid-vns4ok,vns4ok,Ship_Bell-Mike_Koenig-1911209136_uid-vns4ok.wav,audio/Ship_Bell-Mike_Koenig-1911209136_uid-vns4ok.wav,impulse_noise,0,train,libdata_impulz_2.1.parquet,,22050,1,2026-04-11,,,,,,30000,10
Ship_Brass_Bell-Mike_Koenig-1458750630_uid-30fytv,30fytv,Ship_Brass_Bell-Mike_Koenig-1458750630_uid-30fytv.wav,audio/Ship_Brass_Bell-Mike_Koenig-1458750630_uid-30fytv.wav,impulse_noise,0,train,libdata_impulz_2.1.parquet,,22050,1,2026-04-11,,,,,,30000,10
Ship_Brass_Bell-Mike_Koenig-1458750630_uid-7umoka,7umoka,Ship_Brass_Bell-Mike_Koenig-1458750630_uid-7umoka.wav,audio/Ship_Brass_Bell-Mike_Koenig-1458750630_uid-7umoka.wav,impulse_noise,0,train,libdata_impulz_2.1.parquet,,22050,1,2026-04-11,,,,,,30000,10
Ship_Brass_Bell-Mike_Koenig-1458750630_uid-arscjl,arscjl,Ship_Brass_Bell-Mike_Koenig-1458750630_uid-arscjl.wav,audio/Ship_Brass_Bell-Mike_Koenig-1458750630_uid-arscjl.wav,impulse_noise,0,train,libdata_impulz_2.1.parquet,,22050,1,2026-04-11,,,,,,30000,10
Ship_Brass_Bell-Mike_Koenig-1458750630_uid-hq1ck8,hq1ck8,Ship_Brass_Bell-Mike_Koenig-1458750630_uid-hq1ck8.wav,audio/Ship_Brass_Bell-Mike_Koenig-1458750630_uid-hq1ck8.wav,impulse_noise,0,train,libdata_impulz_2.1.parquet,,22050,1,2026-04-11,,,,,,30000,10
Ship_Brass_Bell-Mike_Koenig-1458750630_uid-htec95,htec95,Ship_Brass_Bell-Mike_Koenig-1458750630_uid-htec95.wav,audio/Ship_Brass_Bell-Mike_Koenig-1458750630_uid-htec95.wav,impulse_noise,0,train,libdata_impulz_2.1.parquet,,22050,1,2026-04-11,,,,,,30000,10
Ship_Brass_Bell-Mike_Koenig-1458750630_uid-j371as,j371as,Ship_Brass_Bell-Mike_Koenig-1458750630_uid-j371as.wav,audio/Ship_Brass_Bell-Mike_Koenig-1458750630_uid-j371as.wav,impulse_noise,0,train,libdata_impulz_2.1.parquet,,22050,1,2026-04-11,,,,,,30000,10
Ship_Brass_Bell-Mike_Koenig-1458750630_uid-l1olrt,l1olrt,Ship_Brass_Bell-Mike_Koenig-1458750630_uid-l1olrt.wav,audio/Ship_Brass_Bell-Mike_Koenig-1458750630_uid-l1olrt.wav,impulse_noise,0,train,libdata_impulz_2.1.parquet,,22050,1,2026-04-11,,,,,,30000,10
Ship_Brass_Bell-Mike_Koenig-1458750630_uid-ocdpn4,ocdpn4,Ship_Brass_Bell-Mike_Koenig-1458750630_uid-ocdpn4.wav,audio/Ship_Brass_Bell-Mike_Koenig-1458750630_uid-ocdpn4.wav,impulse_noise,0,train,libdata_impulz_2.1.parquet,,22050,1,2026-04-11,,,,,,30000,10
Ship_Brass_Bell-Mike_Koenig-1458750630_uid-pkj31k,pkj31k,Ship_Brass_Bell-Mike_Koenig-1458750630_uid-pkj31k.wav,audio/Ship_Brass_Bell-Mike_Koenig-1458750630_uid-pkj31k.wav,impulse_noise,0,train,libdata_impulz_2.1.parquet,,22050,1,2026-04-11,,,,,,30000,10
Shopping_Mall Ambiance-SoundBible_uid-2tajd3,2tajd3,Shopping_Mall Ambiance-SoundBible_uid-2tajd3.wav,audio/Shopping_Mall Ambiance-SoundBible_uid-2tajd3.wav,impulse_noise,0,train,libdata_impulz_2.1.parquet,,44100,1,2026-04-11,,,,,,30000,10
Shopping_Mall Ambiance-SoundBible_uid-eyfu5u,eyfu5u,Shopping_Mall Ambiance-SoundBible_uid-eyfu5u.wav,audio/Shopping_Mall Ambiance-SoundBible_uid-eyfu5u.wav,impulse_noise,0,train,libdata_impulz_2.1.parquet,,44100,1,2026-04-11,,,,,,30000,10
Shopping_Mall Ambiance-SoundBible_uid-qmgbmp,qmgbmp,Shopping_Mall Ambiance-SoundBible_uid-qmgbmp.wav,audio/Shopping_Mall Ambiance-SoundBible_uid-qmgbmp.wav,impulse_noise,0,train,libdata_impulz_2.1.parquet,,44100,1,2026-04-11,,,,,,30000,10
Shopping_Mall Ambiance-SoundBible_uid-uejo76,uejo76,Shopping_Mall Ambiance-SoundBible_uid-uejo76.wav,audio/Shopping_Mall Ambiance-SoundBible_uid-uejo76.wav,impulse_noise,0,train,libdata_impulz_2.1.parquet,,44100,1,2026-04-11,,,,,,30000,10
Shopping_Mall Ambiance-SoundBible_uid-uf9pqe,uf9pqe,Shopping_Mall Ambiance-SoundBible_uid-uf9pqe.wav,audio/Shopping_Mall Ambiance-SoundBible_uid-uf9pqe.wav,impulse_noise,0,train,libdata_impulz_2.1.parquet,,44100,1,2026-04-11,,,,,,30000,10
Siren_SoundBible_uid-5w44d1,5w44d1,Siren_SoundBible_uid-5w44d1.wav,audio/Siren_SoundBible_uid-5w44d1.wav,impulse_noise,0,train,libdata_impulz_2.1.parquet,,44100,1,2026-04-11,,,,,,30000,10
Siren_SoundBible_uid-6dwgja,6dwgja,Siren_SoundBible_uid-6dwgja.wav,audio/Siren_SoundBible_uid-6dwgja.wav,impulse_noise,0,train,libdata_impulz_2.1.parquet,,44100,1,2026-04-11,,,,,,30000,10
Siren_SoundBible_uid-7gohee,7gohee,Siren_SoundBible_uid-7gohee.wav,audio/Siren_SoundBible_uid-7gohee.wav,impulse_noise,0,train,libdata_impulz_2.1.parquet,,44100,1,2026-04-11,,,,,,30000,10
Siren_SoundBible_uid-8a8erq,8a8erq,Siren_SoundBible_uid-8a8erq.wav,audio/Siren_SoundBible_uid-8a8erq.wav,impulse_noise,0,train,libdata_impulz_2.1.parquet,,44100,1,2026-04-11,,,,,,30000,10
Siren_SoundBible_uid-c9divg,c9divg,Siren_SoundBible_uid-c9divg.wav,audio/Siren_SoundBible_uid-c9divg.wav,impulse_noise,0,train,libdata_impulz_2.1.parquet,,44100,1,2026-04-11,,,,,,30000,10
Siren_SoundBible_uid-evjc8u,evjc8u,Siren_SoundBible_uid-evjc8u.wav,audio/Siren_SoundBible_uid-evjc8u.wav,impulse_noise,0,train,libdata_impulz_2.1.parquet,,44100,1,2026-04-11,,,,,,30000,10
Siren_SoundBible_uid-j46u1a,j46u1a,Siren_SoundBible_uid-j46u1a.wav,audio/Siren_SoundBible_uid-j46u1a.wav,impulse_noise,0,train,libdata_impulz_2.1.parquet,,44100,1,2026-04-11,,,,,,30000,10
Siren_SoundBible_uid-q0gjbt,q0gjbt,Siren_SoundBible_uid-q0gjbt.wav,audio/Siren_SoundBible_uid-q0gjbt.wav,impulse_noise,0,train,libdata_impulz_2.1.parquet,,44100,1,2026-04-11,,,,,,30000,10
Siren_SoundBible_uid-v7fsfu,v7fsfu,Siren_SoundBible_uid-v7fsfu.wav,audio/Siren_SoundBible_uid-v7fsfu.wav,impulse_noise,0,train,libdata_impulz_2.1.parquet,,44100,1,2026-04-11,,,,,,30000,10
Slam_Fork_Down-SoundBible_uid-avr992,avr992,Slam_Fork_Down-SoundBible_uid-avr992.wav,audio/Slam_Fork_Down-SoundBible_uid-avr992.wav,impulse_noise,0,train,libdata_impulz_2.1.parquet,,44100,1,2026-04-11,,,,,,30000,10
Slam_Fork_Down-SoundBible_uid-ns5cz1,ns5cz1,Slam_Fork_Down-SoundBible_uid-ns5cz1.wav,audio/Slam_Fork_Down-SoundBible_uid-ns5cz1.wav,impulse_noise,0,train,libdata_impulz_2.1.parquet,,44100,1,2026-04-11,,,,,,30000,10
Sleigh_Bells_Ringing-SoundBible_uid-5lk6yl,5lk6yl,Sleigh_Bells_Ringing-SoundBible_uid-5lk6yl.wav,audio/Sleigh_Bells_Ringing-SoundBible_uid-5lk6yl.wav,impulse_noise,0,train,libdata_impulz_2.1.parquet,,44100,1,2026-04-11,,,,,,30000,10
Sleigh_Bells_Ringing-SoundBible_uid-aaawbg,aaawbg,Sleigh_Bells_Ringing-SoundBible_uid-aaawbg.wav,audio/Sleigh_Bells_Ringing-SoundBible_uid-aaawbg.wav,impulse_noise,0,train,libdata_impulz_2.1.parquet,,44100,1,2026-04-11,,,,,,30000,10
Sleigh_Bells_Ringing-SoundBible_uid-abi0jn,abi0jn,Sleigh_Bells_Ringing-SoundBible_uid-abi0jn.wav,audio/Sleigh_Bells_Ringing-SoundBible_uid-abi0jn.wav,impulse_noise,0,train,libdata_impulz_2.1.parquet,,44100,1,2026-04-11,,,,,,30000,10
Sleigh_Bells_Ringing-SoundBible_uid-bfqkvg,bfqkvg,Sleigh_Bells_Ringing-SoundBible_uid-bfqkvg.wav,audio/Sleigh_Bells_Ringing-SoundBible_uid-bfqkvg.wav,impulse_noise,0,train,libdata_impulz_2.1.parquet,,44100,1,2026-04-11,,,,,,30000,10
Sleigh_Bells_Ringing-SoundBible_uid-g3upfg,g3upfg,Sleigh_Bells_Ringing-SoundBible_uid-g3upfg.wav,audio/Sleigh_Bells_Ringing-SoundBible_uid-g3upfg.wav,impulse_noise,0,train,libdata_impulz_2.1.parquet,,44100,1,2026-04-11,,,,,,30000,10
Sleigh_Bells_Ringing-SoundBible_uid-l8tbqi,l8tbqi,Sleigh_Bells_Ringing-SoundBible_uid-l8tbqi.wav,audio/Sleigh_Bells_Ringing-SoundBible_uid-l8tbqi.wav,impulse_noise,0,train,libdata_impulz_2.1.parquet,,44100,1,2026-04-11,,,,,,30000,10
Sleigh_Bells_Ringing-SoundBible_uid-ovw0qg,ovw0qg,Sleigh_Bells_Ringing-SoundBible_uid-ovw0qg.wav,audio/Sleigh_Bells_Ringing-SoundBible_uid-ovw0qg.wav,impulse_noise,0,train,libdata_impulz_2.1.parquet,,44100,1,2026-04-11,,,,,,30000,10
Sleigh_Bells_Ringing-SoundBible_uid-p7709t,p7709t,Sleigh_Bells_Ringing-SoundBible_uid-p7709t.wav,audio/Sleigh_Bells_Ringing-SoundBible_uid-p7709t.wav,impulse_noise,0,train,libdata_impulz_2.1.parquet,,44100,1,2026-04-11,,,,,,30000,10
Sleigh_Bells_Ringing-SoundBible_uid-qktlev,qktlev,Sleigh_Bells_Ringing-SoundBible_uid-qktlev.wav,audio/Sleigh_Bells_Ringing-SoundBible_uid-qktlev.wav,impulse_noise,0,train,libdata_impulz_2.1.parquet,,44100,1,2026-04-11,,,,,,30000,10
Sleigh_Bells_Ringing-SoundBible_uid-r04irn,r04irn,Sleigh_Bells_Ringing-SoundBible_uid-r04irn.wav,audio/Sleigh_Bells_Ringing-SoundBible_uid-r04irn.wav,impulse_noise,0,train,libdata_impulz_2.1.parquet,,44100,1,2026-04-11,,,,,,30000,10
Sleigh_Bells_Ringing-SoundBible_uid-rgog25,rgog25,Sleigh_Bells_Ringing-SoundBible_uid-rgog25.wav,audio/Sleigh_Bells_Ringing-SoundBible_uid-rgog25.wav,impulse_noise,0,train,libdata_impulz_2.1.parquet,,44100,1,2026-04-11,,,,,,30000,10
Soldiers_Marching-SoundBible_uid-12z64t,12z64t,Soldiers_Marching-SoundBible_uid-12z64t.wav,audio/Soldiers_Marching-SoundBible_uid-12z64t.wav,impulse_noise,0,train,libdata_impulz_2.1.parquet,,44100,1,2026-04-11,,,,,,30000,10
Soldiers_Marching-SoundBible_uid-1x466i,1x466i,Soldiers_Marching-SoundBible_uid-1x466i.wav,audio/Soldiers_Marching-SoundBible_uid-1x466i.wav,impulse_noise,0,train,libdata_impulz_2.1.parquet,,44100,1,2026-04-11,,,,,,30000,10
Soldiers_Marching-SoundBible_uid-2cu62i,2cu62i,Soldiers_Marching-SoundBible_uid-2cu62i.wav,audio/Soldiers_Marching-SoundBible_uid-2cu62i.wav,impulse_noise,0,train,libdata_impulz_2.1.parquet,,44100,1,2026-04-11,,,,,,30000,10
Soldiers_Marching-SoundBible_uid-8k67jd,8k67jd,Soldiers_Marching-SoundBible_uid-8k67jd.wav,audio/Soldiers_Marching-SoundBible_uid-8k67jd.wav,impulse_noise,0,train,libdata_impulz_2.1.parquet,,44100,1,2026-04-11,,,,,,30000,10
Soldiers_Marching-SoundBible_uid-ab2cyl,ab2cyl,Soldiers_Marching-SoundBible_uid-ab2cyl.wav,audio/Soldiers_Marching-SoundBible_uid-ab2cyl.wav,impulse_noise,0,train,libdata_impulz_2.1.parquet,,44100,1,2026-04-11,,,,,,30000,10
Soldiers_Marching-SoundBible_uid-dnmjvo,dnmjvo,Soldiers_Marching-SoundBible_uid-dnmjvo.wav,audio/Soldiers_Marching-SoundBible_uid-dnmjvo.wav,impulse_noise,0,train,libdata_impulz_2.1.parquet,,44100,1,2026-04-11,,,,,,30000,10
Soldiers_Marching-SoundBible_uid-h3weqb,h3weqb,Soldiers_Marching-SoundBible_uid-h3weqb.wav,audio/Soldiers_Marching-SoundBible_uid-h3weqb.wav,impulse_noise,0,train,libdata_impulz_2.1.parquet,,44100,1,2026-04-11,,,,,,30000,10
Soldiers_Marching-SoundBible_uid-l0p0eu,l0p0eu,Soldiers_Marching-SoundBible_uid-l0p0eu.wav,audio/Soldiers_Marching-SoundBible_uid-l0p0eu.wav,impulse_noise,0,train,libdata_impulz_2.1.parquet,,44100,1,2026-04-11,,,,,,30000,10
Soldiers_Marching-SoundBible_uid-lzd3fh,lzd3fh,Soldiers_Marching-SoundBible_uid-lzd3fh.wav,audio/Soldiers_Marching-SoundBible_uid-lzd3fh.wav,impulse_noise,0,train,libdata_impulz_2.1.parquet,,44100,1,2026-04-11,,,,,,30000,10
Soldiers_Marching-SoundBible_uid-m3vjjg,m3vjjg,Soldiers_Marching-SoundBible_uid-m3vjjg.wav,audio/Soldiers_Marching-SoundBible_uid-m3vjjg.wav,impulse_noise,0,train,libdata_impulz_2.1.parquet,,44100,1,2026-04-11,,,,,,30000,10
Soldiers_Marching-SoundBible_uid-opjr6u,opjr6u,Soldiers_Marching-SoundBible_uid-opjr6u.wav,audio/Soldiers_Marching-SoundBible_uid-opjr6u.wav,impulse_noise,0,train,libdata_impulz_2.1.parquet,,44100,1,2026-04-11,,,,,,30000,10
Soldiers_Marching-SoundBible_uid-pwkjgw,pwkjgw,Soldiers_Marching-SoundBible_uid-pwkjgw.wav,audio/Soldiers_Marching-SoundBible_uid-pwkjgw.wav,impulse_noise,0,train,libdata_impulz_2.1.parquet,,44100,1,2026-04-11,,,,,,30000,10
Soldiers_Marching-SoundBible_uid-qjhu5w,qjhu5w,Soldiers_Marching-SoundBible_uid-qjhu5w.wav,audio/Soldiers_Marching-SoundBible_uid-qjhu5w.wav,impulse_noise,0,train,libdata_impulz_2.1.parquet,,44100,1,2026-04-11,,,,,,30000,10
Soldiers_Marching-SoundBible_uid-qrqs0t,qrqs0t,Soldiers_Marching-SoundBible_uid-qrqs0t.wav,audio/Soldiers_Marching-SoundBible_uid-qrqs0t.wav,impulse_noise,0,train,libdata_impulz_2.1.parquet,,44100,1,2026-04-11,,,,,,30000,10
Soldiers_Marching-SoundBible_uid-rzmitu,rzmitu,Soldiers_Marching-SoundBible_uid-rzmitu.wav,audio/Soldiers_Marching-SoundBible_uid-rzmitu.wav,impulse_noise,0,train,libdata_impulz_2.1.parquet,,44100,1,2026-04-11,,,,,,30000,10
Soldiers_Marching-SoundBible_uid-t5bgmq,t5bgmq,Soldiers_Marching-SoundBible_uid-t5bgmq.wav,audio/Soldiers_Marching-SoundBible_uid-t5bgmq.wav,impulse_noise,0,train,libdata_impulz_2.1.parquet,,44100,1,2026-04-11,,,,,,30000,10
Soldiers_Marching-SoundBible_uid-uoo654,uoo654,Soldiers_Marching-SoundBible_uid-uoo654.wav,audio/Soldiers_Marching-SoundBible_uid-uoo654.wav,impulse_noise,0,train,libdata_impulz_2.1.parquet,,44100,1,2026-04-11,,,,,,30000,10
Soldiers_Marching-SoundBible_uid-w44qsg,w44qsg,Soldiers_Marching-SoundBible_uid-w44qsg.wav,audio/Soldiers_Marching-SoundBible_uid-w44qsg.wav,impulse_noise,0,train,libdata_impulz_2.1.parquet,,44100,1,2026-04-11,,,,,,30000,10
Soldiers_Marching-SoundBible_uid-yq65as,yq65as,Soldiers_Marching-SoundBible_uid-yq65as.wav,audio/Soldiers_Marching-SoundBible_uid-yq65as.wav,impulse_noise,0,train,libdata_impulz_2.1.parquet,,44100,1,2026-04-11,,,,,,30000,10
Sports_Bar Patrons Loud-SoundBible_uid-6p2s3s,6p2s3s,Sports_Bar Patrons Loud-SoundBible_uid-6p2s3s.wav,audio/Sports_Bar Patrons Loud-SoundBible_uid-6p2s3s.wav,impulse_noise,0,train,libdata_impulz_2.1.parquet,,44100,1,2026-04-11,,,,,,30000,10
Sports_Bar Patrons Loud-SoundBible_uid-911pcl,911pcl,Sports_Bar Patrons Loud-SoundBible_uid-911pcl.wav,audio/Sports_Bar Patrons Loud-SoundBible_uid-911pcl.wav,impulse_noise,0,train,libdata_impulz_2.1.parquet,,44100,1,2026-04-11,,,,,,30000,10
Steam_Engine-John-1826274710_uid-9hoh52,9hoh52,Steam_Engine-John-1826274710_uid-9hoh52.wav,audio/Steam_Engine-John-1826274710_uid-9hoh52.wav,impulse_noise,0,train,libdata_impulz_2.1.parquet,,44100,1,2026-04-11,,,,,,30000,10
Steam_Engine-John-1826274710_uid-o2z5o3,o2z5o3,Steam_Engine-John-1826274710_uid-o2z5o3.wav,audio/Steam_Engine-John-1826274710_uid-o2z5o3.wav,impulse_noise,0,train,libdata_impulz_2.1.parquet,,44100,1,2026-04-11,,,,,,30000,10
Steam_Engine-John-1826274710_uid-ys8boz,ys8boz,Steam_Engine-John-1826274710_uid-ys8boz.wav,audio/Steam_Engine-John-1826274710_uid-ys8boz.wav,impulse_noise,0,train,libdata_impulz_2.1.parquet,,44100,1,2026-04-11,,,,,,30000,10
Swimming_Pool Ambiance-SoundBible_uid-7sg0cz,7sg0cz,Swimming_Pool Ambiance-SoundBible_uid-7sg0cz.wav,audio/Swimming_Pool Ambiance-SoundBible_uid-7sg0cz.wav,impulse_noise,0,train,libdata_impulz_2.1.parquet,,44100,1,2026-04-11,,,,,,30000,10
Swimming_Pool Ambiance-SoundBible_uid-qgl4q6,qgl4q6,Swimming_Pool Ambiance-SoundBible_uid-qgl4q6.wav,audio/Swimming_Pool Ambiance-SoundBible_uid-qgl4q6.wav,impulse_noise,0,train,libdata_impulz_2.1.parquet,,44100,1,2026-04-11,,,,,,30000,10
Swimming_Pool Ambiance-SoundBible_uid-s4lq2v,s4lq2v,Swimming_Pool Ambiance-SoundBible_uid-s4lq2v.wav,audio/Swimming_Pool Ambiance-SoundBible_uid-s4lq2v.wav,impulse_noise,0,train,libdata_impulz_2.1.parquet,,44100,1,2026-04-11,,,,,,30000,10
Swimming_Pool Ambiance-SoundBible_uid-veffax,veffax,Swimming_Pool Ambiance-SoundBible_uid-veffax.wav,audio/Swimming_Pool Ambiance-SoundBible_uid-veffax.wav,impulse_noise,0,train,libdata_impulz_2.1.parquet,,44100,1,2026-04-11,,,,,,30000,10
Swimming_Pool Ambiance-SoundBible_uid-zihv6a,zihv6a,Swimming_Pool Ambiance-SoundBible_uid-zihv6a.wav,audio/Swimming_Pool Ambiance-SoundBible_uid-zihv6a.wav,impulse_noise,0,train,libdata_impulz_2.1.parquet,,44100,1,2026-04-11,,,,,,30000,10
Temple_Bell Huge-SoundBible_uid-plrytw,plrytw,Temple_Bell Huge-SoundBible_uid-plrytw.wav,audio/Temple_Bell Huge-SoundBible_uid-plrytw.wav,impulse_noise,0,train,libdata_impulz_2.1.parquet,,44100,1,2026-04-11,,,,,,30000,10
Temple_Bell Huge-SoundBible_uid-torzt8,torzt8,Temple_Bell Huge-SoundBible_uid-torzt8.wav,audio/Temple_Bell Huge-SoundBible_uid-torzt8.wav,impulse_noise,0,train,libdata_impulz_2.1.parquet,,44100,1,2026-04-11,,,,,,30000,10
Temple_Bell_SoundBible_uid-86lbp7,86lbp7,Temple_Bell_SoundBible_uid-86lbp7.wav,audio/Temple_Bell_SoundBible_uid-86lbp7.wav,impulse_noise,0,train,libdata_impulz_2.1.parquet,,44100,1,2026-04-11,,,,,,30000,10
Temple_Bell_SoundBible_uid-lnyqkj,lnyqkj,Temple_Bell_SoundBible_uid-lnyqkj.wav,audio/Temple_Bell_SoundBible_uid-lnyqkj.wav,impulse_noise,0,train,libdata_impulz_2.1.parquet,,44100,1,2026-04-11,,,,,,30000,10
Temple_Bell_SoundBible_uid-zeibnp,zeibnp,Temple_Bell_SoundBible_uid-zeibnp.wav,audio/Temple_Bell_SoundBible_uid-zeibnp.wav,impulse_noise,0,train,libdata_impulz_2.1.parquet,,44100,1,2026-04-11,,,,,,30000,10
Ting_Popup_Pixels-349896185_uid-gndmnx,gndmnx,Ting_Popup_Pixels-349896185_uid-gndmnx.wav,audio/Ting_Popup_Pixels-349896185_uid-gndmnx.wav,impulse_noise,0,train,libdata_impulz_2.1.parquet,,44100,1,2026-04-11,,,,,,30000,10
Ting_Popup_Pixels-349896185_uid-zubyh5,zubyh5,Ting_Popup_Pixels-349896185_uid-zubyh5.wav,audio/Ting_Popup_Pixels-349896185_uid-zubyh5.wav,impulse_noise,0,train,libdata_impulz_2.1.parquet,,44100,1,2026-04-11,,,,,,30000,10
Tornado_Siren_II-Delilah-747233690_uid-3pzksl,3pzksl,Tornado_Siren_II-Delilah-747233690_uid-3pzksl.wav,audio/Tornado_Siren_II-Delilah-747233690_uid-3pzksl.wav,impulse_noise,0,train,libdata_impulz_2.1.parquet,,44100,1,2026-04-11,,,,,,30000,10
Tornado_Siren_SoundBible_uid-a80mf0,a80mf0,Tornado_Siren_SoundBible_uid-a80mf0.wav,audio/Tornado_Siren_SoundBible_uid-a80mf0.wav,impulse_noise,0,train,libdata_impulz_2.1.parquet,,44100,1,2026-04-11,,,,,,30000,10
Tornado_Siren_SoundBible_uid-bf9wu7,bf9wu7,Tornado_Siren_SoundBible_uid-bf9wu7.wav,audio/Tornado_Siren_SoundBible_uid-bf9wu7.wav,impulse_noise,0,train,libdata_impulz_2.1.parquet,,44100,1,2026-04-11,,,,,,30000,10
Tornado_Siren_SoundBible_uid-m79scl,m79scl,Tornado_Siren_SoundBible_uid-m79scl.wav,audio/Tornado_Siren_SoundBible_uid-m79scl.wav,impulse_noise,0,train,libdata_impulz_2.1.parquet,,44100,1,2026-04-11,,,,,,30000,10
Tornado_Siren_SoundBible_uid-skz6k0,skz6k0,Tornado_Siren_SoundBible_uid-skz6k0.wav,audio/Tornado_Siren_SoundBible_uid-skz6k0.wav,impulse_noise,0,train,libdata_impulz_2.1.parquet,,44100,1,2026-04-11,,,,,,30000,10
Two_Tone_Doorbell-SoundBible_uid-fcvwc3,fcvwc3,Two_Tone_Doorbell-SoundBible_uid-fcvwc3.wav,audio/Two_Tone_Doorbell-SoundBible_uid-fcvwc3.wav,impulse_noise,0,train,libdata_impulz_2.1.parquet,,44100,1,2026-04-11,,,,,,30000,10
Two_Tone_Doorbell-SoundBible_uid-j06pgn,j06pgn,Two_Tone_Doorbell-SoundBible_uid-j06pgn.wav,audio/Two_Tone_Doorbell-SoundBible_uid-j06pgn.wav,impulse_noise,0,train,libdata_impulz_2.1.parquet,,44100,1,2026-04-11,,,,,,30000,10
Two_Tone_Doorbell-SoundBible_uid-qb31if,qb31if,Two_Tone_Doorbell-SoundBible_uid-qb31if.wav,audio/Two_Tone_Doorbell-SoundBible_uid-qb31if.wav,impulse_noise,0,train,libdata_impulz_2.1.parquet,,44100,1,2026-04-11,,,,,,30000,10
Walking-SoundBible_uid-1zy41w,1zy41w,Walking-SoundBible_uid-1zy41w.wav,audio/Walking-SoundBible_uid-1zy41w.wav,impulse_noise,0,train,libdata_impulz_2.1.parquet,,44100,1,2026-04-11,,,,,,30000,10
Walking-SoundBible_uid-2e4rgy,2e4rgy,Walking-SoundBible_uid-2e4rgy.wav,audio/Walking-SoundBible_uid-2e4rgy.wav,impulse_noise,0,train,libdata_impulz_2.1.parquet,,44100,1,2026-04-11,,,,,,30000,10
Walking-SoundBible_uid-5x1rlw,5x1rlw,Walking-SoundBible_uid-5x1rlw.wav,audio/Walking-SoundBible_uid-5x1rlw.wav,impulse_noise,0,train,libdata_impulz_2.1.parquet,,44100,1,2026-04-11,,,,,,30000,10
Walking-SoundBible_uid-i5mmd8,i5mmd8,Walking-SoundBible_uid-i5mmd8.wav,audio/Walking-SoundBible_uid-i5mmd8.wav,impulse_noise,0,train,libdata_impulz_2.1.parquet,,44100,1,2026-04-11,,,,,,30000,10
Walking-SoundBible_uid-jon8e1,jon8e1,Walking-SoundBible_uid-jon8e1.wav,audio/Walking-SoundBible_uid-jon8e1.wav,impulse_noise,0,train,libdata_impulz_2.1.parquet,,44100,1,2026-04-11,,,,,,30000,10
Walking-SoundBible_uid-jzho8s,jzho8s,Walking-SoundBible_uid-jzho8s.wav,audio/Walking-SoundBible_uid-jzho8s.wav,impulse_noise,0,train,libdata_impulz_2.1.parquet,,44100,1,2026-04-11,,,,,,30000,10
Walking-SoundBible_uid-s5fn6f,s5fn6f,Walking-SoundBible_uid-s5fn6f.wav,audio/Walking-SoundBible_uid-s5fn6f.wav,impulse_noise,0,train,libdata_impulz_2.1.parquet,,44100,1,2026-04-11,,,,,,30000,10
Walking-SoundBible_uid-t2jbe2,t2jbe2,Walking-SoundBible_uid-t2jbe2.wav,audio/Walking-SoundBible_uid-t2jbe2.wav,impulse_noise,0,train,libdata_impulz_2.1.parquet,,44100,1,2026-04-11,,,,,,30000,10
Walking-SoundBible_uid-vk5lgr,vk5lgr,Walking-SoundBible_uid-vk5lgr.wav,audio/Walking-SoundBible_uid-vk5lgr.wav,impulse_noise,0,train,libdata_impulz_2.1.parquet,,44100,1,2026-04-11,,,,,,30000,10
Walking_Away-SoundBible_uid-003e5q,003e5q,Walking_Away-SoundBible_uid-003e5q.wav,audio/Walking_Away-SoundBible_uid-003e5q.wav,impulse_noise,0,train,libdata_impulz_2.1.parquet,,44100,1,2026-04-11,,,,,,30000,10
Walking_Away-SoundBible_uid-42umdt,42umdt,Walking_Away-SoundBible_uid-42umdt.wav,audio/Walking_Away-SoundBible_uid-42umdt.wav,impulse_noise,0,train,libdata_impulz_2.1.parquet,,44100,1,2026-04-11,,,,,,30000,10
Walking_Away-SoundBible_uid-4k4a4k,4k4a4k,Walking_Away-SoundBible_uid-4k4a4k.wav,audio/Walking_Away-SoundBible_uid-4k4a4k.wav,impulse_noise,0,train,libdata_impulz_2.1.parquet,,44100,1,2026-04-11,,,,,,30000,10
Walking_Away-SoundBible_uid-6u9e73,6u9e73,Walking_Away-SoundBible_uid-6u9e73.wav,audio/Walking_Away-SoundBible_uid-6u9e73.wav,impulse_noise,0,train,libdata_impulz_2.1.parquet,,44100,1,2026-04-11,,,,,,30000,10
Walking_Away-SoundBible_uid-jy6tib,jy6tib,Walking_Away-SoundBible_uid-jy6tib.wav,audio/Walking_Away-SoundBible_uid-jy6tib.wav,impulse_noise,0,train,libdata_impulz_2.1.parquet,,44100,1,2026-04-11,,,,,,30000,10
Walking_Away-SoundBible_uid-xmyrab,xmyrab,Walking_Away-SoundBible_uid-xmyrab.wav,audio/Walking_Away-SoundBible_uid-xmyrab.wav,impulse_noise,0,train,libdata_impulz_2.1.parquet,,44100,1,2026-04-11,,,,,,30000,10
Walking_In_Snow-SoundBible_uid-21gueq,21gueq,Walking_In_Snow-SoundBible_uid-21gueq.wav,audio/Walking_In_Snow-SoundBible_uid-21gueq.wav,impulse_noise,0,train,libdata_impulz_2.1.parquet,,44100,1,2026-04-11,,,,,,30000,10
Walking_In_Snow-SoundBible_uid-2l1rzt,2l1rzt,Walking_In_Snow-SoundBible_uid-2l1rzt.wav,audio/Walking_In_Snow-SoundBible_uid-2l1rzt.wav,impulse_noise,0,train,libdata_impulz_2.1.parquet,,44100,1,2026-04-11,,,,,,30000,10
Walking_In_Snow-SoundBible_uid-41xzm1,41xzm1,Walking_In_Snow-SoundBible_uid-41xzm1.wav,audio/Walking_In_Snow-SoundBible_uid-41xzm1.wav,impulse_noise,0,train,libdata_impulz_2.1.parquet,,44100,1,2026-04-11,,,,,,30000,10
Walking_In_Snow-SoundBible_uid-heh8am,heh8am,Walking_In_Snow-SoundBible_uid-heh8am.wav,audio/Walking_In_Snow-SoundBible_uid-heh8am.wav,impulse_noise,0,train,libdata_impulz_2.1.parquet,,44100,1,2026-04-11,,,,,,30000,10
Walking_In_Snow-SoundBible_uid-qt9lwg,qt9lwg,Walking_In_Snow-SoundBible_uid-qt9lwg.wav,audio/Walking_In_Snow-SoundBible_uid-qt9lwg.wav,impulse_noise,0,train,libdata_impulz_2.1.parquet,,44100,1,2026-04-11,,,,,,30000,10
Walking_In_Snow-SoundBible_uid-uorhbj,uorhbj,Walking_In_Snow-SoundBible_uid-uorhbj.wav,audio/Walking_In_Snow-SoundBible_uid-uorhbj.wav,impulse_noise,0,train,libdata_impulz_2.1.parquet,,44100,1,2026-04-11,,,,,,30000,10
Walking_In_Snow-SoundBible_uid-zeh37h,zeh37h,Walking_In_Snow-SoundBible_uid-zeh37h.wav,audio/Walking_In_Snow-SoundBible_uid-zeh37h.wav,impulse_noise,0,train,libdata_impulz_2.1.parquet,,44100,1,2026-04-11,,,,,,30000,10
Walking_On_Gravel-SoundBible_uid-7ajmna,7ajmna,Walking_On_Gravel-SoundBible_uid-7ajmna.wav,audio/Walking_On_Gravel-SoundBible_uid-7ajmna.wav,impulse_noise,0,train,libdata_impulz_2.1.parquet,,44100,1,2026-04-11,,,,,,30000,10
Walking_On_Gravel-SoundBible_uid-8jmvir,8jmvir,Walking_On_Gravel-SoundBible_uid-8jmvir.wav,audio/Walking_On_Gravel-SoundBible_uid-8jmvir.wav,impulse_noise,0,train,libdata_impulz_2.1.parquet,,44100,1,2026-04-11,,,,,,30000,10
Walking_On_Gravel-SoundBible_uid-d8gtuv,d8gtuv,Walking_On_Gravel-SoundBible_uid-d8gtuv.wav,audio/Walking_On_Gravel-SoundBible_uid-d8gtuv.wav,impulse_noise,0,train,libdata_impulz_2.1.parquet,,44100,1,2026-04-11,,,,,,30000,10
Walking_On_Gravel-SoundBible_uid-eqtihd,eqtihd,Walking_On_Gravel-SoundBible_uid-eqtihd.wav,audio/Walking_On_Gravel-SoundBible_uid-eqtihd.wav,impulse_noise,0,train,libdata_impulz_2.1.parquet,,44100,1,2026-04-11,,,,,,30000,10
Walking_On_Gravel-SoundBible_uid-m6gl7j,m6gl7j,Walking_On_Gravel-SoundBible_uid-m6gl7j.wav,audio/Walking_On_Gravel-SoundBible_uid-m6gl7j.wav,impulse_noise,0,train,libdata_impulz_2.1.parquet,,44100,1,2026-04-11,,,,,,30000,10
Walking_On_Gravel-SoundBible_uid-mjwkl5,mjwkl5,Walking_On_Gravel-SoundBible_uid-mjwkl5.wav,audio/Walking_On_Gravel-SoundBible_uid-mjwkl5.wav,impulse_noise,0,train,libdata_impulz_2.1.parquet,,44100,1,2026-04-11,,,,,,30000,10
Walking_On_Gravel-SoundBible_uid-n3401t,n3401t,Walking_On_Gravel-SoundBible_uid-n3401t.wav,audio/Walking_On_Gravel-SoundBible_uid-n3401t.wav,impulse_noise,0,train,libdata_impulz_2.1.parquet,,44100,1,2026-04-11,,,,,,30000,10
Walking_On_Gravel-SoundBible_uid-n611en,n611en,Walking_On_Gravel-SoundBible_uid-n611en.wav,audio/Walking_On_Gravel-SoundBible_uid-n611en.wav,impulse_noise,0,train,libdata_impulz_2.1.parquet,,44100,1,2026-04-11,,,,,,30000,10
Walking_On_Gravel-SoundBible_uid-nig1hm,nig1hm,Walking_On_Gravel-SoundBible_uid-nig1hm.wav,audio/Walking_On_Gravel-SoundBible_uid-nig1hm.wav,impulse_noise,0,train,libdata_impulz_2.1.parquet,,44100,1,2026-04-11,,,,,,30000,10
Walking_On_Gravel-SoundBible_uid-qlbvo1,qlbvo1,Walking_On_Gravel-SoundBible_uid-qlbvo1.wav,audio/Walking_On_Gravel-SoundBible_uid-qlbvo1.wav,impulse_noise,0,train,libdata_impulz_2.1.parquet,,44100,1,2026-04-11,,,,,,30000,10
Walking_On_Gravel-SoundBible_uid-sx1vdx,sx1vdx,Walking_On_Gravel-SoundBible_uid-sx1vdx.wav,audio/Walking_On_Gravel-SoundBible_uid-sx1vdx.wav,impulse_noise,0,train,libdata_impulz_2.1.parquet,,44100,1,2026-04-11,,,,,,30000,10
Walking_On_Gravel-SoundBible_uid-w2j0aq,w2j0aq,Walking_On_Gravel-SoundBible_uid-w2j0aq.wav,audio/Walking_On_Gravel-SoundBible_uid-w2j0aq.wav,impulse_noise,0,train,libdata_impulz_2.1.parquet,,44100,1,2026-04-11,,,,,,30000,10
Walking_On_Gravel_Bed-SoundBible_uid-5ihbve,5ihbve,Walking_On_Gravel_Bed-SoundBible_uid-5ihbve.wav,audio/Walking_On_Gravel_Bed-SoundBible_uid-5ihbve.wav,impulse_noise,0,train,libdata_impulz_2.1.parquet,,44100,1,2026-04-11,,,,,,30000,10
Walking_On_Gravel_Bed-SoundBible_uid-6dat0n,6dat0n,Walking_On_Gravel_Bed-SoundBible_uid-6dat0n.wav,audio/Walking_On_Gravel_Bed-SoundBible_uid-6dat0n.wav,impulse_noise,0,train,libdata_impulz_2.1.parquet,,44100,1,2026-04-11,,,,,,30000,10
Walking_On_Gravel_Bed-SoundBible_uid-6mi8l5,6mi8l5,Walking_On_Gravel_Bed-SoundBible_uid-6mi8l5.wav,audio/Walking_On_Gravel_Bed-SoundBible_uid-6mi8l5.wav,impulse_noise,0,train,libdata_impulz_2.1.parquet,,44100,1,2026-04-11,,,,,,30000,10
Walking_On_Gravel_Bed-SoundBible_uid-9x8ddo,9x8ddo,Walking_On_Gravel_Bed-SoundBible_uid-9x8ddo.wav,audio/Walking_On_Gravel_Bed-SoundBible_uid-9x8ddo.wav,impulse_noise,0,train,libdata_impulz_2.1.parquet,,44100,1,2026-04-11,,,,,,30000,10
Walking_On_Gravel_Bed-SoundBible_uid-bf5jts,bf5jts,Walking_On_Gravel_Bed-SoundBible_uid-bf5jts.wav,audio/Walking_On_Gravel_Bed-SoundBible_uid-bf5jts.wav,impulse_noise,0,train,libdata_impulz_2.1.parquet,,44100,1,2026-04-11,,,,,,30000,10
Walking_On_Gravel_Bed-SoundBible_uid-kbu30i,kbu30i,Walking_On_Gravel_Bed-SoundBible_uid-kbu30i.wav,audio/Walking_On_Gravel_Bed-SoundBible_uid-kbu30i.wav,impulse_noise,0,train,libdata_impulz_2.1.parquet,,44100,1,2026-04-11,,,,,,30000,10
Walking_On_Gravel_Bed-SoundBible_uid-rtx99m,rtx99m,Walking_On_Gravel_Bed-SoundBible_uid-rtx99m.wav,audio/Walking_On_Gravel_Bed-SoundBible_uid-rtx99m.wav,impulse_noise,0,train,libdata_impulz_2.1.parquet,,44100,1,2026-04-11,,,,,,30000,10
Warning_Siren-SoundBible_uid-2u4g3n,2u4g3n,Warning_Siren-SoundBible_uid-2u4g3n.wav,audio/Warning_Siren-SoundBible_uid-2u4g3n.wav,impulse_noise,0,train,libdata_impulz_2.1.parquet,,44100,1,2026-04-11,,,,,,30000,10
Warning_Siren-SoundBible_uid-6grhp2,6grhp2,Warning_Siren-SoundBible_uid-6grhp2.wav,audio/Warning_Siren-SoundBible_uid-6grhp2.wav,impulse_noise,0,train,libdata_impulz_2.1.parquet,,44100,1,2026-04-11,,,,,,30000,10
Warning_Siren-SoundBible_uid-dftrca,dftrca,Warning_Siren-SoundBible_uid-dftrca.wav,audio/Warning_Siren-SoundBible_uid-dftrca.wav,impulse_noise,0,train,libdata_impulz_2.1.parquet,,44100,1,2026-04-11,,,,,,30000,10
Warning_Siren-SoundBible_uid-fozzqu,fozzqu,Warning_Siren-SoundBible_uid-fozzqu.wav,audio/Warning_Siren-SoundBible_uid-fozzqu.wav,impulse_noise,0,train,libdata_impulz_2.1.parquet,,44100,1,2026-04-11,,,,,,30000,10
Warning_Siren-SoundBible_uid-hoaz92,hoaz92,Warning_Siren-SoundBible_uid-hoaz92.wav,audio/Warning_Siren-SoundBible_uid-hoaz92.wav,impulse_noise,0,train,libdata_impulz_2.1.parquet,,44100,1,2026-04-11,,,,,,30000,10
Winston_Churchill Nazi Speech-SoundBible_uid-0cmuel,0cmuel,Winston_Churchill Nazi Speech-SoundBible_uid-0cmuel.wav,audio/Winston_Churchill Nazi Speech-SoundBible_uid-0cmuel.wav,impulse_noise,0,train,libdata_impulz_2.1.parquet,,44100,1,2026-04-11,,,,,,30000,10
Winston_Churchill Nazi Speech-SoundBible_uid-4s48dc,4s48dc,Winston_Churchill Nazi Speech-SoundBible_uid-4s48dc.wav,audio/Winston_Churchill Nazi Speech-SoundBible_uid-4s48dc.wav,impulse_noise,0,train,libdata_impulz_2.1.parquet,,44100,1,2026-04-11,,,,,,30000,10
Winston_Churchill Nazi Speech-SoundBible_uid-5pcc4v,5pcc4v,Winston_Churchill Nazi Speech-SoundBible_uid-5pcc4v.wav,audio/Winston_Churchill Nazi Speech-SoundBible_uid-5pcc4v.wav,impulse_noise,0,train,libdata_impulz_2.1.parquet,,44100,1,2026-04-11,,,,,,30000,10
Winston_Churchill Nazi Speech-SoundBible_uid-7bmxdz,7bmxdz,Winston_Churchill Nazi Speech-SoundBible_uid-7bmxdz.wav,audio/Winston_Churchill Nazi Speech-SoundBible_uid-7bmxdz.wav,impulse_noise,0,train,libdata_impulz_2.1.parquet,,44100,1,2026-04-11,,,,,,30000,10
Winston_Churchill Nazi Speech-SoundBible_uid-al7l64,al7l64,Winston_Churchill Nazi Speech-SoundBible_uid-al7l64.wav,audio/Winston_Churchill Nazi Speech-SoundBible_uid-al7l64.wav,impulse_noise,0,train,libdata_impulz_2.1.parquet,,44100,1,2026-04-11,,,,,,30000,10
Winston_Churchill Nazi Speech-SoundBible_uid-bxnadm,bxnadm,Winston_Churchill Nazi Speech-SoundBible_uid-bxnadm.wav,audio/Winston_Churchill Nazi Speech-SoundBible_uid-bxnadm.wav,impulse_noise,0,train,libdata_impulz_2.1.parquet,,44100,1,2026-04-11,,,,,,30000,10
Winston_Churchill Nazi Speech-SoundBible_uid-dmwah1,dmwah1,Winston_Churchill Nazi Speech-SoundBible_uid-dmwah1.wav,audio/Winston_Churchill Nazi Speech-SoundBible_uid-dmwah1.wav,impulse_noise,0,train,libdata_impulz_2.1.parquet,,44100,1,2026-04-11,,,,,,30000,10
Winston_Churchill Nazi Speech-SoundBible_uid-eqo07l,eqo07l,Winston_Churchill Nazi Speech-SoundBible_uid-eqo07l.wav,audio/Winston_Churchill Nazi Speech-SoundBible_uid-eqo07l.wav,impulse_noise,0,train,libdata_impulz_2.1.parquet,,44100,1,2026-04-11,,,,,,30000,10
Winston_Churchill Nazi Speech-SoundBible_uid-er6dw9,er6dw9,Winston_Churchill Nazi Speech-SoundBible_uid-er6dw9.wav,audio/Winston_Churchill Nazi Speech-SoundBible_uid-er6dw9.wav,impulse_noise,0,train,libdata_impulz_2.1.parquet,,44100,1,2026-04-11,,,,,,30000,10
Winston_Churchill Nazi Speech-SoundBible_uid-iy3w2f,iy3w2f,Winston_Churchill Nazi Speech-SoundBible_uid-iy3w2f.wav,audio/Winston_Churchill Nazi Speech-SoundBible_uid-iy3w2f.wav,impulse_noise,0,train,libdata_impulz_2.1.parquet,,44100,1,2026-04-11,,,,,,30000,10
Winston_Churchill Nazi Speech-SoundBible_uid-kltsbd,kltsbd,Winston_Churchill Nazi Speech-SoundBible_uid-kltsbd.wav,audio/Winston_Churchill Nazi Speech-SoundBible_uid-kltsbd.wav,impulse_noise,0,train,libdata_impulz_2.1.parquet,,44100,1,2026-04-11,,,,,,30000,10
Winston_Churchill Nazi Speech-SoundBible_uid-kyjgqj,kyjgqj,Winston_Churchill Nazi Speech-SoundBible_uid-kyjgqj.wav,audio/Winston_Churchill Nazi Speech-SoundBible_uid-kyjgqj.wav,impulse_noise,0,train,libdata_impulz_2.1.parquet,,44100,1,2026-04-11,,,,,,30000,10
Winston_Churchill Nazi Speech-SoundBible_uid-lbzijr,lbzijr,Winston_Churchill Nazi Speech-SoundBible_uid-lbzijr.wav,audio/Winston_Churchill Nazi Speech-SoundBible_uid-lbzijr.wav,impulse_noise,0,train,libdata_impulz_2.1.parquet,,44100,1,2026-04-11,,,,,,30000,10
Winston_Churchill Nazi Speech-SoundBible_uid-no7qj6,no7qj6,Winston_Churchill Nazi Speech-SoundBible_uid-no7qj6.wav,audio/Winston_Churchill Nazi Speech-SoundBible_uid-no7qj6.wav,impulse_noise,0,train,libdata_impulz_2.1.parquet,,44100,1,2026-04-11,,,,,,30000,10
Winston_Churchill Nazi Speech-SoundBible_uid-o4v9k7,o4v9k7,Winston_Churchill Nazi Speech-SoundBible_uid-o4v9k7.wav,audio/Winston_Churchill Nazi Speech-SoundBible_uid-o4v9k7.wav,impulse_noise,0,train,libdata_impulz_2.1.parquet,,44100,1,2026-04-11,,,,,,30000,10
Winston_Churchill Nazi Speech-SoundBible_uid-pad9ga,pad9ga,Winston_Churchill Nazi Speech-SoundBible_uid-pad9ga.wav,audio/Winston_Churchill Nazi Speech-SoundBible_uid-pad9ga.wav,impulse_noise,0,train,libdata_impulz_2.1.parquet,,44100,1,2026-04-11,,,,,,30000,10
Winston_Churchill Nazi Speech-SoundBible_uid-rtjtl9,rtjtl9,Winston_Churchill Nazi Speech-SoundBible_uid-rtjtl9.wav,audio/Winston_Churchill Nazi Speech-SoundBible_uid-rtjtl9.wav,impulse_noise,0,train,libdata_impulz_2.1.parquet,,44100,1,2026-04-11,,,,,,30000,10
Winston_Churchill Nazi Speech-SoundBible_uid-tt9xln,tt9xln,Winston_Churchill Nazi Speech-SoundBible_uid-tt9xln.wav,audio/Winston_Churchill Nazi Speech-SoundBible_uid-tt9xln.wav,impulse_noise,0,train,libdata_impulz_2.1.parquet,,44100,1,2026-04-11,,,,,,30000,10
Winston_Churchill Nazi Speech-SoundBible_uid-uo32ie,uo32ie,Winston_Churchill Nazi Speech-SoundBible_uid-uo32ie.wav,audio/Winston_Churchill Nazi Speech-SoundBible_uid-uo32ie.wav,impulse_noise,0,train,libdata_impulz_2.1.parquet,,44100,1,2026-04-11,,,,,,30000,10
Winston_Churchill Nazi Speech-SoundBible_uid-y0ded0,y0ded0,Winston_Churchill Nazi Speech-SoundBible_uid-y0ded0.wav,audio/Winston_Churchill Nazi Speech-SoundBible_uid-y0ded0.wav,impulse_noise,0,train,libdata_impulz_2.1.parquet,,44100,1,2026-04-11,,,,,,30000,10
Winston_Churchill Nazi Speech-SoundBible_uid-y5y8mt,y5y8mt,Winston_Churchill Nazi Speech-SoundBible_uid-y5y8mt.wav,audio/Winston_Churchill Nazi Speech-SoundBible_uid-y5y8mt.wav,impulse_noise,0,train,libdata_impulz_2.1.parquet,,44100,1,2026-04-11,,,,,,30000,10
Woman_Screaming 2-SoundBible_uid-fn45oh,fn45oh,Woman_Screaming 2-SoundBible_uid-fn45oh.wav,audio/Woman_Screaming 2-SoundBible_uid-fn45oh.wav,impulse_noise,0,train,libdata_impulz_2.1.parquet,,44100,1,2026-04-11,,,,,,30000,10
Woman_Screaming 2-SoundBible_uid-topncu,topncu,Woman_Screaming 2-SoundBible_uid-topncu.wav,audio/Woman_Screaming 2-SoundBible_uid-topncu.wav,impulse_noise,0,train,libdata_impulz_2.1.parquet,,44100,1,2026-04-11,,,,,,30000,10
ambience_casino-stephan_schutze-1391090820_uid-2huic7,2huic7,ambience_casino-stephan_schutze-1391090820_uid-2huic7.wav,audio/ambience_casino-stephan_schutze-1391090820_uid-2huic7.wav,impulse_noise,0,train,libdata_impulz_2.1.parquet,,44100,1,2026-04-11,,,,,,30000,10
ambience_casino-stephan_schutze-1391090820_uid-4y7nb9,4y7nb9,ambience_casino-stephan_schutze-1391090820_uid-4y7nb9.wav,audio/ambience_casino-stephan_schutze-1391090820_uid-4y7nb9.wav,impulse_noise,0,train,libdata_impulz_2.1.parquet,,44100,1,2026-04-11,,,,,,30000,10
ambience_casino-stephan_schutze-1391090820_uid-5nmnl0,5nmnl0,ambience_casino-stephan_schutze-1391090820_uid-5nmnl0.wav,audio/ambience_casino-stephan_schutze-1391090820_uid-5nmnl0.wav,impulse_noise,0,train,libdata_impulz_2.1.parquet,,44100,1,2026-04-11,,,,,,30000,10
ambience_casino-stephan_schutze-1391090820_uid-6jx1mx,6jx1mx,ambience_casino-stephan_schutze-1391090820_uid-6jx1mx.wav,audio/ambience_casino-stephan_schutze-1391090820_uid-6jx1mx.wav,impulse_noise,0,train,libdata_impulz_2.1.parquet,,44100,1,2026-04-11,,,,,,30000,10
ambience_casino-stephan_schutze-1391090820_uid-aikc3w,aikc3w,ambience_casino-stephan_schutze-1391090820_uid-aikc3w.wav,audio/ambience_casino-stephan_schutze-1391090820_uid-aikc3w.wav,impulse_noise,0,train,libdata_impulz_2.1.parquet,,44100,1,2026-04-11,,,,,,30000,10
ambience_casino-stephan_schutze-1391090820_uid-c8911a,c8911a,ambience_casino-stephan_schutze-1391090820_uid-c8911a.wav,audio/ambience_casino-stephan_schutze-1391090820_uid-c8911a.wav,impulse_noise,0,train,libdata_impulz_2.1.parquet,,44100,1,2026-04-11,,,,,,30000,10
ambience_casino-stephan_schutze-1391090820_uid-rn7474,rn7474,ambience_casino-stephan_schutze-1391090820_uid-rn7474.wav,audio/ambience_casino-stephan_schutze-1391090820_uid-rn7474.wav,impulse_noise,0,train,libdata_impulz_2.1.parquet,,44100,1,2026-04-11,,,,,,30000,10
ambience_casino-stephan_schutze-1391090820_uid-x606pf,x606pf,ambience_casino-stephan_schutze-1391090820_uid-x606pf.wav,audio/ambience_casino-stephan_schutze-1391090820_uid-x606pf.wav,impulse_noise,0,train,libdata_impulz_2.1.parquet,,44100,1,2026-04-11,,,,,,30000,10
ambience_casino-stephan_schutze-1391090820_uid-x9mttt,x9mttt,ambience_casino-stephan_schutze-1391090820_uid-x9mttt.wav,audio/ambience_casino-stephan_schutze-1391090820_uid-x9mttt.wav,impulse_noise,0,train,libdata_impulz_2.1.parquet,,44100,1,2026-04-11,,,,,,30000,10
ambience_casino-stephan_schutze-1391090820_uid-yc1rl4,yc1rl4,ambience_casino-stephan_schutze-1391090820_uid-yc1rl4.wav,audio/ambience_casino-stephan_schutze-1391090820_uid-yc1rl4.wav,impulse_noise,0,train,libdata_impulz_2.1.parquet,,44100,1,2026-04-11,,,,,,30000,10
church_chime-daniel_simon (1)_uid-09rb5t,09rb5t,church_chime-daniel_simon (1)_uid-09rb5t.wav,audio/church_chime-daniel_simon (1)_uid-09rb5t.wav,impulse_noise,0,train,libdata_impulz_2.1.parquet,,44100,1,2026-04-11,,,,,,30000,10
church_chime-daniel_simon (1)_uid-9r03mn,9r03mn,church_chime-daniel_simon (1)_uid-9r03mn.wav,audio/church_chime-daniel_simon (1)_uid-9r03mn.wav,impulse_noise,0,train,libdata_impulz_2.1.parquet,,44100,1,2026-04-11,,,,,,30000,10
church_chime-daniel_simon (1)_uid-cvxr9s,cvxr9s,church_chime-daniel_simon (1)_uid-cvxr9s.wav,audio/church_chime-daniel_simon (1)_uid-cvxr9s.wav,impulse_noise,0,train,libdata_impulz_2.1.parquet,,44100,1,2026-04-11,,,,,,30000,10
church_chime-daniel_simon (1)_uid-l2d890,l2d890,church_chime-daniel_simon (1)_uid-l2d890.wav,audio/church_chime-daniel_simon (1)_uid-l2d890.wav,impulse_noise,0,train,libdata_impulz_2.1.parquet,,44100,1,2026-04-11,,,,,,30000,10
church_chime-daniel_simon (1)_uid-mzomav,mzomav,church_chime-daniel_simon (1)_uid-mzomav.wav,audio/church_chime-daniel_simon (1)_uid-mzomav.wav,impulse_noise,0,train,libdata_impulz_2.1.parquet,,44100,1,2026-04-11,,,,,,30000,10
church_chime-daniel_simon (1)_uid-scdnqq,scdnqq,church_chime-daniel_simon (1)_uid-scdnqq.wav,audio/church_chime-daniel_simon (1)_uid-scdnqq.wav,impulse_noise,0,train,libdata_impulz_2.1.parquet,,44100,1,2026-04-11,,,,,,30000,10
church_chime-daniel_simon (1)_uid-us7n97,us7n97,church_chime-daniel_simon (1)_uid-us7n97.wav,audio/church_chime-daniel_simon (1)_uid-us7n97.wav,impulse_noise,0,train,libdata_impulz_2.1.parquet,,44100,1,2026-04-11,,,,,,30000,10
church_chime-daniel_simon (1)_uid-vj35r6,vj35r6,church_chime-daniel_simon (1)_uid-vj35r6.wav,audio/church_chime-daniel_simon (1)_uid-vj35r6.wav,impulse_noise,0,train,libdata_impulz_2.1.parquet,,44100,1,2026-04-11,,,,,,30000,10
church_chime-daniel_simon (1)_uid-y1lc3a,y1lc3a,church_chime-daniel_simon (1)_uid-y1lc3a.wav,audio/church_chime-daniel_simon (1)_uid-y1lc3a.wav,impulse_noise,0,train,libdata_impulz_2.1.parquet,,44100,1,2026-04-11,,,,,,30000,10
church_chime-daniel_simon_uid-45onex,45onex,church_chime-daniel_simon_uid-45onex.wav,audio/church_chime-daniel_simon_uid-45onex.wav,impulse_noise,0,train,ImpulseEvents.parquet,ImpulseEvent,44100,1,2025-11-09,Church Chime,,,,,30000,10
church_chime-daniel_simon_uid-dp5ksw,dp5ksw,church_chime-daniel_simon_uid-dp5ksw.wav,audio/church_chime-daniel_simon_uid-dp5ksw.wav,impulse_noise,0,train,ImpulseEvents.parquet,ImpulseEvent,44100,1,2025-11-09,Church Chime,,,,,30000,10
church_chime-daniel_simon_uid-ep1s6l,ep1s6l,church_chime-daniel_simon_uid-ep1s6l.wav,audio/church_chime-daniel_simon_uid-ep1s6l.wav,impulse_noise,0,train,ImpulseEvents.parquet,ImpulseEvent,44100,1,2025-11-09,Church Chime,,,,,30000,10
church_chime-daniel_simon_uid-j64p72,j64p72,church_chime-daniel_simon_uid-j64p72.wav,audio/church_chime-daniel_simon_uid-j64p72.wav,impulse_noise,0,train,ImpulseEvents.parquet,ImpulseEvent,44100,1,2025-11-09,Church Chime,,,,,30000,10
church_chime-daniel_simon_uid-ptobjb,ptobjb,church_chime-daniel_simon_uid-ptobjb.wav,audio/church_chime-daniel_simon_uid-ptobjb.wav,impulse_noise,0,train,ImpulseEvents.parquet,ImpulseEvent,44100,1,2025-11-09,Church Chime,,,,,30000,10
church_chime-daniel_simon_uid-wpdtaf,wpdtaf,church_chime-daniel_simon_uid-wpdtaf.wav,audio/church_chime-daniel_simon_uid-wpdtaf.wav,impulse_noise,0,train,ImpulseEvents.parquet,ImpulseEvent,44100,1,2025-11-09,Church Chime,,,,,30000,10
doberman_pincher_daniel-simion (1)_uid-7ys55d,7ys55d,doberman_pincher_daniel-simion (1)_uid-7ys55d.wav,audio/doberman_pincher_daniel-simion (1)_uid-7ys55d.wav,impulse_noise,0,train,libdata_impulz_2.1.parquet,,44100,1,2026-04-11,,,,,,30000,10
doberman_pincher_daniel-simion (1)_uid-9cj8a1,9cj8a1,doberman_pincher_daniel-simion (1)_uid-9cj8a1.wav,audio/doberman_pincher_daniel-simion (1)_uid-9cj8a1.wav,impulse_noise,0,train,libdata_impulz_2.1.parquet,,44100,1,2026-04-11,,,,,,30000,10
doberman_pincher_daniel-simion (1)_uid-bpb79l,bpb79l,doberman_pincher_daniel-simion (1)_uid-bpb79l.wav,audio/doberman_pincher_daniel-simion (1)_uid-bpb79l.wav,impulse_noise,0,train,libdata_impulz_2.1.parquet,,44100,1,2026-04-11,,,,,,30000,10
doberman_pincher_daniel-simion (1)_uid-ugwrn3,ugwrn3,doberman_pincher_daniel-simion (1)_uid-ugwrn3.wav,audio/doberman_pincher_daniel-simion (1)_uid-ugwrn3.wav,impulse_noise,0,train,libdata_impulz_2.1.parquet,,44100,1,2026-04-11,,,,,,30000,10
doberman_pincher_daniel-simion_uid-ct6peh,ct6peh,doberman_pincher_daniel-simion_uid-ct6peh.wav,audio/doberman_pincher_daniel-simion_uid-ct6peh.wav,impulse_noise,0,train,ImpulseEvents.parquet,ImpulseEvent,44100,1,2025-11-09,Doberman,,,,,30000,10
doberman_pincher_daniel-simion_uid-rd25w7,rd25w7,doberman_pincher_daniel-simion_uid-rd25w7.wav,audio/doberman_pincher_daniel-simion_uid-rd25w7.wav,impulse_noise,0,train,ImpulseEvents.parquet,ImpulseEvent,44100,1,2025-11-09,Doberman,,,,,30000,10
doberman_pincher_daniel-simion_uid-s3o71k,s3o71k,doberman_pincher_daniel-simion_uid-s3o71k.wav,audio/doberman_pincher_daniel-simion_uid-s3o71k.wav,impulse_noise,0,train,ImpulseEvents.parquet,ImpulseEvent,44100,1,2025-11-09,Doberman,,,,,30000,10
doberman_pincher_daniel-simion_uid-wbtgcd,wbtgcd,doberman_pincher_daniel-simion_uid-wbtgcd.wav,audio/doberman_pincher_daniel-simion_uid-wbtgcd.wav,impulse_noise,0,train,ImpulseEvents.parquet,ImpulseEvent,44100,1,2025-11-09,Doberman,,,,,30000,10
front_desk_bells-daniel_simon (1)_uid-w4bybb,w4bybb,front_desk_bells-daniel_simon (1)_uid-w4bybb.wav,audio/front_desk_bells-daniel_simon (1)_uid-w4bybb.wav,impulse_noise,0,train,libdata_impulz_2.1.parquet,,44100,1,2026-04-11,,,,,,30000,10
front_desk_bells-daniel_simon (1)_uid-x61vsc,x61vsc,front_desk_bells-daniel_simon (1)_uid-x61vsc.wav,audio/front_desk_bells-daniel_simon (1)_uid-x61vsc.wav,impulse_noise,0,train,libdata_impulz_2.1.parquet,,44100,1,2026-04-11,,,,,,30000,10
front_desk_bells-daniel_simon_uid-j1ij5v,j1ij5v,front_desk_bells-daniel_simon_uid-j1ij5v.wav,audio/front_desk_bells-daniel_simon_uid-j1ij5v.wav,impulse_noise,0,train,ImpulseEvents.parquet,ImpulseEvent,44100,1,2025-11-09,Front desk bells,,,,,30000,10
front_desk_bells-daniel_simon_uid-wr4ti3,wr4ti3,front_desk_bells-daniel_simon_uid-wr4ti3.wav,audio/front_desk_bells-daniel_simon_uid-wr4ti3.wav,impulse_noise,0,train,ImpulseEvents.parquet,ImpulseEvent,44100,1,2025-11-09,Front desk bells,,,,,30000,10
german_shephard-daniel_simon (1)_uid-3k0gm6,3k0gm6,german_shephard-daniel_simon (1)_uid-3k0gm6.wav,audio/german_shephard-daniel_simon (1)_uid-3k0gm6.wav,impulse_noise,0,train,libdata_impulz_2.1.parquet,,48000,1,2026-04-11,,,,,,30000,10
german_shephard-daniel_simon (1)_uid-6ujt5j,6ujt5j,german_shephard-daniel_simon (1)_uid-6ujt5j.wav,audio/german_shephard-daniel_simon (1)_uid-6ujt5j.wav,impulse_noise,0,train,libdata_impulz_2.1.parquet,,48000,1,2026-04-11,,,,,,30000,10
german_shephard-daniel_simon (1)_uid-9z02eo,9z02eo,german_shephard-daniel_simon (1)_uid-9z02eo.wav,audio/german_shephard-daniel_simon (1)_uid-9z02eo.wav,impulse_noise,0,train,libdata_impulz_2.1.parquet,,48000,1,2026-04-11,,,,,,30000,10
german_shephard-daniel_simon (1)_uid-cohtrk,cohtrk,german_shephard-daniel_simon (1)_uid-cohtrk.wav,audio/german_shephard-daniel_simon (1)_uid-cohtrk.wav,impulse_noise,0,train,libdata_impulz_2.1.parquet,,48000,1,2026-04-11,,,,,,30000,10
german_shephard-daniel_simon (1)_uid-erwt6n,erwt6n,german_shephard-daniel_simon (1)_uid-erwt6n.wav,audio/german_shephard-daniel_simon (1)_uid-erwt6n.wav,impulse_noise,0,train,libdata_impulz_2.1.parquet,,48000,1,2026-04-11,,,,,,30000,10
german_shephard-daniel_simon (1)_uid-glt0t9,glt0t9,german_shephard-daniel_simon (1)_uid-glt0t9.wav,audio/german_shephard-daniel_simon (1)_uid-glt0t9.wav,impulse_noise,0,train,libdata_impulz_2.1.parquet,,48000,1,2026-04-11,,,,,,30000,10
german_shephard-daniel_simon (1)_uid-j5hf6d,j5hf6d,german_shephard-daniel_simon (1)_uid-j5hf6d.wav,audio/german_shephard-daniel_simon (1)_uid-j5hf6d.wav,impulse_noise,0,train,libdata_impulz_2.1.parquet,,48000,1,2026-04-11,,,,,,30000,10
german_shephard-daniel_simon (1)_uid-kwuogk,kwuogk,german_shephard-daniel_simon (1)_uid-kwuogk.wav,audio/german_shephard-daniel_simon (1)_uid-kwuogk.wav,impulse_noise,0,train,libdata_impulz_2.1.parquet,,48000,1,2026-04-11,,,,,,30000,10
german_shephard-daniel_simon (1)_uid-l7q44i,l7q44i,german_shephard-daniel_simon (1)_uid-l7q44i.wav,audio/german_shephard-daniel_simon (1)_uid-l7q44i.wav,impulse_noise,0,train,libdata_impulz_2.1.parquet,,48000,1,2026-04-11,,,,,,30000,10
german_shephard-daniel_simon (1)_uid-rakjbq,rakjbq,german_shephard-daniel_simon (1)_uid-rakjbq.wav,audio/german_shephard-daniel_simon (1)_uid-rakjbq.wav,impulse_noise,0,train,libdata_impulz_2.1.parquet,,48000,1,2026-04-11,,,,,,30000,10
german_shephard-daniel_simon (1)_uid-slfadc,slfadc,german_shephard-daniel_simon (1)_uid-slfadc.wav,audio/german_shephard-daniel_simon (1)_uid-slfadc.wav,impulse_noise,0,train,libdata_impulz_2.1.parquet,,48000,1,2026-04-11,,,,,,30000,10
german_shephard-daniel_simon (1)_uid-v1bq42,v1bq42,german_shephard-daniel_simon (1)_uid-v1bq42.wav,audio/german_shephard-daniel_simon (1)_uid-v1bq42.wav,impulse_noise,0,train,libdata_impulz_2.1.parquet,,48000,1,2026-04-11,,,,,,30000,10
german_shephard-daniel_simon_uid-2radr4,2radr4,german_shephard-daniel_simon_uid-2radr4.wav,audio/german_shephard-daniel_simon_uid-2radr4.wav,impulse_noise,0,train,ImpulseEvents.parquet,ImpulseEvent,48000,1,2025-11-09,German shepard barking,,,,,30000,10
german_shephard-daniel_simon_uid-6ciyoq,6ciyoq,german_shephard-daniel_simon_uid-6ciyoq.wav,audio/german_shephard-daniel_simon_uid-6ciyoq.wav,impulse_noise,0,train,ImpulseEvents.parquet,ImpulseEvent,48000,1,2025-11-09,German shepard barking,,,,,30000,10
german_shephard-daniel_simon_uid-9entpt,9entpt,german_shephard-daniel_simon_uid-9entpt.wav,audio/german_shephard-daniel_simon_uid-9entpt.wav,impulse_noise,0,train,ImpulseEvents.parquet,ImpulseEvent,48000,1,2025-11-09,German shepard barking,,,,,30000,10
german_shephard-daniel_simon_uid-dcly7h,dcly7h,german_shephard-daniel_simon_uid-dcly7h.wav,audio/german_shephard-daniel_simon_uid-dcly7h.wav,impulse_noise,0,train,ImpulseEvents.parquet,ImpulseEvent,48000,1,2025-11-09,German shepard barking,,,,,30000,10
german_shephard-daniel_simon_uid-dh4s20,dh4s20,german_shephard-daniel_simon_uid-dh4s20.wav,audio/german_shephard-daniel_simon_uid-dh4s20.wav,impulse_noise,0,train,ImpulseEvents.parquet,ImpulseEvent,48000,1,2025-11-09,German shepard barking,,,,,30000,10
german_shephard-daniel_simon_uid-f5b9hf,f5b9hf,german_shephard-daniel_simon_uid-f5b9hf.wav,audio/german_shephard-daniel_simon_uid-f5b9hf.wav,impulse_noise,0,train,ImpulseEvents.parquet,ImpulseEvent,48000,1,2025-11-09,German shepard barking,,,,,30000,10
german_shephard-daniel_simon_uid-ku0s9t,ku0s9t,german_shephard-daniel_simon_uid-ku0s9t.wav,audio/german_shephard-daniel_simon_uid-ku0s9t.wav,impulse_noise,0,train,ImpulseEvents.parquet,ImpulseEvent,48000,1,2025-11-09,German shepard barking,,,,,30000,10
german_shephard-daniel_simon_uid-l1qc1k,l1qc1k,german_shephard-daniel_simon_uid-l1qc1k.wav,audio/german_shephard-daniel_simon_uid-l1qc1k.wav,impulse_noise,0,train,ImpulseEvents.parquet,ImpulseEvent,48000,1,2025-11-09,German shepard barking,,,,,30000,10
german_shephard-daniel_simon_uid-m5ql7t,m5ql7t,german_shephard-daniel_simon_uid-m5ql7t.wav,audio/german_shephard-daniel_simon_uid-m5ql7t.wav,impulse_noise,0,train,ImpulseEvents.parquet,ImpulseEvent,48000,1,2025-11-09,German shepard barking,,,,,30000,10
german_shephard-daniel_simon_uid-pvf0s7,pvf0s7,german_shephard-daniel_simon_uid-pvf0s7.wav,audio/german_shephard-daniel_simon_uid-pvf0s7.wav,impulse_noise,0,train,ImpulseEvents.parquet,ImpulseEvent,48000,1,2025-11-09,German shepard barking,,,,,30000,10
german_shephard-daniel_simon_uid-ug65v7,ug65v7,german_shephard-daniel_simon_uid-ug65v7.wav,audio/german_shephard-daniel_simon_uid-ug65v7.wav,impulse_noise,0,train,ImpulseEvents.parquet,ImpulseEvent,48000,1,2025-11-09,German shepard barking,,,,,30000,10
german_shephard-daniel_simon_uid-v3o4ha,v3o4ha,german_shephard-daniel_simon_uid-v3o4ha.wav,audio/german_shephard-daniel_simon_uid-v3o4ha.wav,impulse_noise,0,train,ImpulseEvents.parquet,ImpulseEvent,48000,1,2025-11-09,German shepard barking,,,,,30000,10
hard_shoes_1-daniel_simon_uid-10x4hj,10x4hj,hard_shoes_1-daniel_simon_uid-10x4hj.wav,audio/hard_shoes_1-daniel_simon_uid-10x4hj.wav,impulse_noise,0,train,libdata_impulz_2.1.parquet,,44100,1,2026-04-11,,,,,,30000,10
hard_shoes_1-daniel_simon_uid-5m2o95,5m2o95,hard_shoes_1-daniel_simon_uid-5m2o95.wav,audio/hard_shoes_1-daniel_simon_uid-5m2o95.wav,impulse_noise,0,train,libdata_impulz_2.1.parquet,,44100,1,2026-04-11,,,,,,30000,10
hard_shoes_1-daniel_simon_uid-63zrp9,63zrp9,hard_shoes_1-daniel_simon_uid-63zrp9.wav,audio/hard_shoes_1-daniel_simon_uid-63zrp9.wav,impulse_noise,0,train,libdata_impulz_2.1.parquet,,44100,1,2026-04-11,,,,,,30000,10
hard_shoes_1-daniel_simon_uid-fnvbmk,fnvbmk,hard_shoes_1-daniel_simon_uid-fnvbmk.wav,audio/hard_shoes_1-daniel_simon_uid-fnvbmk.wav,impulse_noise,0,train,libdata_impulz_2.1.parquet,,44100,1,2026-04-11,,,,,,30000,10
hard_shoes_1-daniel_simon_uid-v2ufy8,v2ufy8,hard_shoes_1-daniel_simon_uid-v2ufy8.wav,audio/hard_shoes_1-daniel_simon_uid-v2ufy8.wav,impulse_noise,0,train,libdata_impulz_2.1.parquet,,44100,1,2026-04-11,,,,,,30000,10
hard_shoes_1-daniel_simon_uid-xib2zr,xib2zr,hard_shoes_1-daniel_simon_uid-xib2zr.wav,audio/hard_shoes_1-daniel_simon_uid-xib2zr.wav,impulse_noise,0,train,libdata_impulz_2.1.parquet,,44100,1,2026-04-11,,,,,,30000,10
harley_davidson-daniel_simon_uid-rrapxf,rrapxf,harley_davidson-daniel_simon_uid-rrapxf.wav,audio/harley_davidson-daniel_simon_uid-rrapxf.wav,impulse_noise,0,train,libdata_impulz_2.1.parquet,,44100,1,2026-04-11,,,,,,30000,10
harley_davidson-daniel_simon_uid-u50bl2,u50bl2,harley_davidson-daniel_simon_uid-u50bl2.wav,audio/harley_davidson-daniel_simon_uid-u50bl2.wav,impulse_noise,0,train,libdata_impulz_2.1.parquet,,44100,1,2026-04-11,,,,,,30000,10
harley_davidson-daniel_simon_uid-z10dl0,z10dl0,harley_davidson-daniel_simon_uid-z10dl0.wav,audio/harley_davidson-daniel_simon_uid-z10dl0.wav,impulse_noise,0,train,libdata_impulz_2.1.parquet,,44100,1,2026-04-11,,,,,,30000,10
labrador_barking-daniel_simon_uid-12led8,12led8,labrador_barking-daniel_simon_uid-12led8.wav,audio/labrador_barking-daniel_simon_uid-12led8.wav,impulse_noise,0,train,libdata_impulz_2.1.parquet,,44100,1,2026-04-11,,,,,,30000,10
labrador_barking-daniel_simon_uid-22rq8x,22rq8x,labrador_barking-daniel_simon_uid-22rq8x.wav,audio/labrador_barking-daniel_simon_uid-22rq8x.wav,impulse_noise,0,train,libdata_impulz_2.1.parquet,,44100,1,2026-04-11,,,,,,30000,10
labrador_barking-daniel_simon_uid-3pf568,3pf568,labrador_barking-daniel_simon_uid-3pf568.wav,audio/labrador_barking-daniel_simon_uid-3pf568.wav,impulse_noise,0,train,libdata_impulz_2.1.parquet,,44100,1,2026-04-11,,,,,,30000,10
labrador_barking-daniel_simon_uid-5ubsj5,5ubsj5,labrador_barking-daniel_simon_uid-5ubsj5.wav,audio/labrador_barking-daniel_simon_uid-5ubsj5.wav,impulse_noise,0,train,libdata_impulz_2.1.parquet,,44100,1,2026-04-11,,,,,,30000,10
labrador_barking-daniel_simon_uid-8xft75,8xft75,labrador_barking-daniel_simon_uid-8xft75.wav,audio/labrador_barking-daniel_simon_uid-8xft75.wav,impulse_noise,0,train,libdata_impulz_2.1.parquet,,44100,1,2026-04-11,,,,,,30000,10
labrador_barking-daniel_simon_uid-9llf9n,9llf9n,labrador_barking-daniel_simon_uid-9llf9n.wav,audio/labrador_barking-daniel_simon_uid-9llf9n.wav,impulse_noise,0,train,libdata_impulz_2.1.parquet,,44100,1,2026-04-11,,,,,,30000,10
labrador_barking-daniel_simon_uid-ejrzab,ejrzab,labrador_barking-daniel_simon_uid-ejrzab.wav,audio/labrador_barking-daniel_simon_uid-ejrzab.wav,impulse_noise,0,train,libdata_impulz_2.1.parquet,,44100,1,2026-04-11,,,,,,30000,10
labrador_barking-daniel_simon_uid-g9g79x,g9g79x,labrador_barking-daniel_simon_uid-g9g79x.wav,audio/labrador_barking-daniel_simon_uid-g9g79x.wav,impulse_noise,0,train,libdata_impulz_2.1.parquet,,44100,1,2026-04-11,,,,,,30000,10
labrador_barking-daniel_simon_uid-gakl2j,gakl2j,labrador_barking-daniel_simon_uid-gakl2j.wav,audio/labrador_barking-daniel_simon_uid-gakl2j.wav,impulse_noise,0,train,libdata_impulz_2.1.parquet,,44100,1,2026-04-11,,,,,,30000,10
labrador_barking-daniel_simon_uid-glq00f,glq00f,labrador_barking-daniel_simon_uid-glq00f.wav,audio/labrador_barking-daniel_simon_uid-glq00f.wav,impulse_noise,0,train,libdata_impulz_2.1.parquet,,44100,1,2026-04-11,,,,,,30000,10
labrador_barking-daniel_simon_uid-go8h0o,go8h0o,labrador_barking-daniel_simon_uid-go8h0o.wav,audio/labrador_barking-daniel_simon_uid-go8h0o.wav,impulse_noise,0,train,libdata_impulz_2.1.parquet,,44100,1,2026-04-11,,,,,,30000,10
labrador_barking-daniel_simon_uid-knl4i5,knl4i5,labrador_barking-daniel_simon_uid-knl4i5.wav,audio/labrador_barking-daniel_simon_uid-knl4i5.wav,impulse_noise,0,train,libdata_impulz_2.1.parquet,,44100,1,2026-04-11,,,,,,30000,10
labrador_barking-daniel_simon_uid-lejrc1,lejrc1,labrador_barking-daniel_simon_uid-lejrc1.wav,audio/labrador_barking-daniel_simon_uid-lejrc1.wav,impulse_noise,0,train,libdata_impulz_2.1.parquet,,44100,1,2026-04-11,,,,,,30000,10
labrador_barking-daniel_simon_uid-mdlh3t,mdlh3t,labrador_barking-daniel_simon_uid-mdlh3t.wav,audio/labrador_barking-daniel_simon_uid-mdlh3t.wav,impulse_noise,0,train,libdata_impulz_2.1.parquet,,44100,1,2026-04-11,,,,,,30000,10
labrador_barking-daniel_simon_uid-mrurpr,mrurpr,labrador_barking-daniel_simon_uid-mrurpr.wav,audio/labrador_barking-daniel_simon_uid-mrurpr.wav,impulse_noise,0,train,libdata_impulz_2.1.parquet,,44100,1,2026-04-11,,,,,,30000,10
labrador_barking-daniel_simon_uid-qqyt0q,qqyt0q,labrador_barking-daniel_simon_uid-qqyt0q.wav,audio/labrador_barking-daniel_simon_uid-qqyt0q.wav,impulse_noise,0,train,libdata_impulz_2.1.parquet,,44100,1,2026-04-11,,,,,,30000,10
labrador_barking-daniel_simon_uid-rzhtt2,rzhtt2,labrador_barking-daniel_simon_uid-rzhtt2.wav,audio/labrador_barking-daniel_simon_uid-rzhtt2.wav,impulse_noise,0,train,libdata_impulz_2.1.parquet,,44100,1,2026-04-11,,,,,,30000,10
labrador_barking-daniel_simon_uid-tvn2nw,tvn2nw,labrador_barking-daniel_simon_uid-tvn2nw.wav,audio/labrador_barking-daniel_simon_uid-tvn2nw.wav,impulse_noise,0,train,libdata_impulz_2.1.parquet,,44100,1,2026-04-11,,,,,,30000,10
muscle_car-daniel_simon (1)_uid-2xug3x,2xug3x,muscle_car-daniel_simon (1)_uid-2xug3x.wav,audio/muscle_car-daniel_simon (1)_uid-2xug3x.wav,impulse_noise,0,train,libdata_impulz_2.1.parquet,,44100,1,2026-04-11,,,,,,30000,10
muscle_car-daniel_simon (1)_uid-5hcw2i,5hcw2i,muscle_car-daniel_simon (1)_uid-5hcw2i.wav,audio/muscle_car-daniel_simon (1)_uid-5hcw2i.wav,impulse_noise,0,train,libdata_impulz_2.1.parquet,,44100,1,2026-04-11,,,,,,30000,10
muscle_car-daniel_simon (1)_uid-aqjdz8,aqjdz8,muscle_car-daniel_simon (1)_uid-aqjdz8.wav,audio/muscle_car-daniel_simon (1)_uid-aqjdz8.wav,impulse_noise,0,train,libdata_impulz_2.1.parquet,,44100,1,2026-04-11,,,,,,30000,10
muscle_car-daniel_simon (1)_uid-jfy71h,jfy71h,muscle_car-daniel_simon (1)_uid-jfy71h.wav,audio/muscle_car-daniel_simon (1)_uid-jfy71h.wav,impulse_noise,0,train,libdata_impulz_2.1.parquet,,44100,1,2026-04-11,,,,,,30000,10
muscle_car-daniel_simon (1)_uid-onh7ao,onh7ao,muscle_car-daniel_simon (1)_uid-onh7ao.wav,audio/muscle_car-daniel_simon (1)_uid-onh7ao.wav,impulse_noise,0,train,libdata_impulz_2.1.parquet,,44100,1,2026-04-11,,,,,,30000,10
muscle_car-daniel_simon (1)_uid-qmynaw,qmynaw,muscle_car-daniel_simon (1)_uid-qmynaw.wav,audio/muscle_car-daniel_simon (1)_uid-qmynaw.wav,impulse_noise,0,train,libdata_impulz_2.1.parquet,,44100,1,2026-04-11,,,,,,30000,10
muscle_car-daniel_simon (1)_uid-vli16l,vli16l,muscle_car-daniel_simon (1)_uid-vli16l.wav,audio/muscle_car-daniel_simon (1)_uid-vli16l.wav,impulse_noise,0,train,libdata_impulz_2.1.parquet,,44100,1,2026-04-11,,,,,,30000,10
muscle_car-daniel_simon_uid-cnf4ve,cnf4ve,muscle_car-daniel_simon_uid-cnf4ve.wav,audio/muscle_car-daniel_simon_uid-cnf4ve.wav,impulse_noise,0,train,ImpulseEvents.parquet,ImpulseEvent,44100,1,2025-11-09,Muscle car,,,,,30000,10
muscle_car-daniel_simon_uid-cplmio,cplmio,muscle_car-daniel_simon_uid-cplmio.wav,audio/muscle_car-daniel_simon_uid-cplmio.wav,impulse_noise,0,train,ImpulseEvents.parquet,ImpulseEvent,44100,1,2025-11-09,Muscle car,,,,,30000,10
old_car-engine_daniel_simion_uid-234dke,234dke,old_car-engine_daniel_simion_uid-234dke.wav,audio/old_car-engine_daniel_simion_uid-234dke.wav,impulse_noise,0,train,libdata_impulz_2.1.parquet,,44100,1,2026-04-11,,,,,,30000,10
old_car-engine_daniel_simion_uid-2yxmfv,2yxmfv,old_car-engine_daniel_simion_uid-2yxmfv.wav,audio/old_car-engine_daniel_simion_uid-2yxmfv.wav,impulse_noise,0,train,libdata_impulz_2.1.parquet,,44100,1,2026-04-11,,,,,,30000,10
old_car-engine_daniel_simion_uid-68gbna,68gbna,old_car-engine_daniel_simion_uid-68gbna.wav,audio/old_car-engine_daniel_simion_uid-68gbna.wav,impulse_noise,0,train,libdata_impulz_2.1.parquet,,44100,1,2026-04-11,,,,,,30000,10
old_car-engine_daniel_simion_uid-ep1lus,ep1lus,old_car-engine_daniel_simion_uid-ep1lus.wav,audio/old_car-engine_daniel_simion_uid-ep1lus.wav,impulse_noise,0,train,libdata_impulz_2.1.parquet,,44100,1,2026-04-11,,,,,,30000,10
old_car-engine_daniel_simion_uid-hhzuzk,hhzuzk,old_car-engine_daniel_simion_uid-hhzuzk.wav,audio/old_car-engine_daniel_simion_uid-hhzuzk.wav,impulse_noise,0,train,libdata_impulz_2.1.parquet,,44100,1,2026-04-11,,,,,,30000,10
old_car-engine_daniel_simion_uid-k3nphi,k3nphi,old_car-engine_daniel_simion_uid-k3nphi.wav,audio/old_car-engine_daniel_simion_uid-k3nphi.wav,impulse_noise,0,train,libdata_impulz_2.1.parquet,,44100,1,2026-04-11,,,,,,30000,10
old_car-engine_daniel_simion_uid-mraruj,mraruj,old_car-engine_daniel_simion_uid-mraruj.wav,audio/old_car-engine_daniel_simion_uid-mraruj.wav,impulse_noise,0,train,libdata_impulz_2.1.parquet,,44100,1,2026-04-11,,,,,,30000,10
old_car-engine_daniel_simion_uid-rgmb57,rgmb57,old_car-engine_daniel_simion_uid-rgmb57.wav,audio/old_car-engine_daniel_simion_uid-rgmb57.wav,impulse_noise,0,train,libdata_impulz_2.1.parquet,,44100,1,2026-04-11,,,,,,30000,10
old_car-engine_daniel_simion_uid-xibx7i,xibx7i,old_car-engine_daniel_simion_uid-xibx7i.wav,audio/old_car-engine_daniel_simion_uid-xibx7i.wav,impulse_noise,0,train,libdata_impulz_2.1.parquet,,44100,1,2026-04-11,,,,,,30000,10
old_fashioned-door-bell-daniel_simon_uid-3zwbmp,3zwbmp,old_fashioned-door-bell-daniel_simon_uid-3zwbmp.wav,audio/old_fashioned-door-bell-daniel_simon_uid-3zwbmp.wav,impulse_noise,0,train,libdata_impulz_2.1.parquet,,44100,1,2026-04-11,,,,,,30000,10
old_fashioned-door-bell-daniel_simon_uid-78ipsp,78ipsp,old_fashioned-door-bell-daniel_simon_uid-78ipsp.wav,audio/old_fashioned-door-bell-daniel_simon_uid-78ipsp.wav,impulse_noise,0,train,libdata_impulz_2.1.parquet,,44100,1,2026-04-11,,,,,,30000,10
old_fashioned-door-bell-daniel_simon_uid-fj2u4d,fj2u4d,old_fashioned-door-bell-daniel_simon_uid-fj2u4d.wav,audio/old_fashioned-door-bell-daniel_simon_uid-fj2u4d.wav,impulse_noise,0,train,libdata_impulz_2.1.parquet,,44100,1,2026-04-11,,,,,,30000,10
old_fashioned-door-bell-daniel_simon_uid-h7we48,h7we48,old_fashioned-door-bell-daniel_simon_uid-h7we48.wav,audio/old_fashioned-door-bell-daniel_simon_uid-h7we48.wav,impulse_noise,0,train,libdata_impulz_2.1.parquet,,44100,1,2026-04-11,,,,,,30000,10
party_crowd-daniel_simon_uid-84vohn,84vohn,party_crowd-daniel_simon_uid-84vohn.wav,audio/party_crowd-daniel_simon_uid-84vohn.wav,impulse_noise,0,train,libdata_impulz_2.1.parquet,,44100,1,2026-04-11,,,,,,30000,10
party_crowd-daniel_simon_uid-8a80c1,8a80c1,party_crowd-daniel_simon_uid-8a80c1.wav,audio/party_crowd-daniel_simon_uid-8a80c1.wav,impulse_noise,0,train,libdata_impulz_2.1.parquet,,44100,1,2026-04-11,,,,,,30000,10
party_crowd-daniel_simon_uid-gld5ul,gld5ul,party_crowd-daniel_simon_uid-gld5ul.wav,audio/party_crowd-daniel_simon_uid-gld5ul.wav,impulse_noise,0,train,libdata_impulz_2.1.parquet,,44100,1,2026-04-11,,,,,,30000,10
party_crowd-daniel_simon_uid-octm7p,octm7p,party_crowd-daniel_simon_uid-octm7p.wav,audio/party_crowd-daniel_simon_uid-octm7p.wav,impulse_noise,0,train,libdata_impulz_2.1.parquet,,44100,1,2026-04-11,,,,,,30000,10
party_crowd-daniel_simon_uid-whd4fj,whd4fj,party_crowd-daniel_simon_uid-whd4fj.wav,audio/party_crowd-daniel_simon_uid-whd4fj.wav,impulse_noise,0,train,libdata_impulz_2.1.parquet,,44100,1,2026-04-11,,,,,,30000,10
party_crowd-daniel_simon_uid-zjmqhj,zjmqhj,party_crowd-daniel_simon_uid-zjmqhj.wav,audio/party_crowd-daniel_simon_uid-zjmqhj.wav,impulse_noise,0,train,libdata_impulz_2.1.parquet,,44100,1,2026-04-11,,,,,,30000,10
railroad_crossing_bell-Brylon_Terry-1551570865 (1)_uid-8u71xp,8u71xp,railroad_crossing_bell-Brylon_Terry-1551570865 (1)_uid-8u71xp.wav,audio/railroad_crossing_bell-Brylon_Terry-1551570865 (1)_uid-8u71xp.wav,impulse_noise,0,train,libdata_impulz_2.1.parquet,,44100,1,2026-04-11,,,,,,30000,10
railroad_crossing_bell-Brylon_Terry-1551570865 (1)_uid-9vd0kq,9vd0kq,railroad_crossing_bell-Brylon_Terry-1551570865 (1)_uid-9vd0kq.wav,audio/railroad_crossing_bell-Brylon_Terry-1551570865 (1)_uid-9vd0kq.wav,impulse_noise,0,train,libdata_impulz_2.1.parquet,,44100,1,2026-04-11,,,,,,30000,10
railroad_crossing_bell-Brylon_Terry-1551570865 (1)_uid-grcip2,grcip2,railroad_crossing_bell-Brylon_Terry-1551570865 (1)_uid-grcip2.wav,audio/railroad_crossing_bell-Brylon_Terry-1551570865 (1)_uid-grcip2.wav,impulse_noise,0,train,libdata_impulz_2.1.parquet,,44100,1,2026-04-11,,,,,,30000,10
railroad_crossing_bell-Brylon_Terry-1551570865 (1)_uid-gvtn9w,gvtn9w,railroad_crossing_bell-Brylon_Terry-1551570865 (1)_uid-gvtn9w.wav,audio/railroad_crossing_bell-Brylon_Terry-1551570865 (1)_uid-gvtn9w.wav,impulse_noise,0,train,libdata_impulz_2.1.parquet,,44100,1,2026-04-11,,,,,,30000,10
railroad_crossing_bell-Brylon_Terry-1551570865 (1)_uid-ylhj37,ylhj37,railroad_crossing_bell-Brylon_Terry-1551570865 (1)_uid-ylhj37.wav,audio/railroad_crossing_bell-Brylon_Terry-1551570865 (1)_uid-ylhj37.wav,impulse_noise,0,train,libdata_impulz_2.1.parquet,,44100,1,2026-04-11,,,,,,30000,10
railroad_crossing_bell-Brylon_Terry-1551570865_uid-fh94qe,fh94qe,railroad_crossing_bell-Brylon_Terry-1551570865_uid-fh94qe.wav,audio/railroad_crossing_bell-Brylon_Terry-1551570865_uid-fh94qe.wav,impulse_noise,0,train,ImpulseEvents.parquet,ImpulseEvent,44100,1,2025-11-09,Railroad bell,,,,,30000,10
railroad_crossing_bell-Brylon_Terry-1551570865_uid-fk1zwm,fk1zwm,railroad_crossing_bell-Brylon_Terry-1551570865_uid-fk1zwm.wav,audio/railroad_crossing_bell-Brylon_Terry-1551570865_uid-fk1zwm.wav,impulse_noise,0,train,ImpulseEvents.parquet,ImpulseEvent,44100,1,2025-11-09,Railroad bell,,,,,30000,10
railroad_crossing_bell-Brylon_Terry-1551570865_uid-iun6ns,iun6ns,railroad_crossing_bell-Brylon_Terry-1551570865_uid-iun6ns.wav,audio/railroad_crossing_bell-Brylon_Terry-1551570865_uid-iun6ns.wav,impulse_noise,0,train,ImpulseEvents.parquet,ImpulseEvent,44100,1,2025-11-09,Railroad bell,,,,,30000,10
railroad_crossing_bell-Brylon_Terry-1551570865_uid-nbm67d,nbm67d,railroad_crossing_bell-Brylon_Terry-1551570865_uid-nbm67d.wav,audio/railroad_crossing_bell-Brylon_Terry-1551570865_uid-nbm67d.wav,impulse_noise,0,train,ImpulseEvents.parquet,ImpulseEvent,44100,1,2025-11-09,Railroad bell,,,,,30000,10
railroad_crossing_bell-Brylon_Terry-1551570865_uid-qprwom,qprwom,railroad_crossing_bell-Brylon_Terry-1551570865_uid-qprwom.wav,audio/railroad_crossing_bell-Brylon_Terry-1551570865_uid-qprwom.wav,impulse_noise,0,train,ImpulseEvents.parquet,ImpulseEvent,44100,1,2025-11-09,Railroad bell,,,,,30000,10
railroad_crossing_bell-Brylon_Terry-1551570865_uid-zbky8w,zbky8w,railroad_crossing_bell-Brylon_Terry-1551570865_uid-zbky8w.wav,audio/railroad_crossing_bell-Brylon_Terry-1551570865_uid-zbky8w.wav,impulse_noise,0,train,ImpulseEvents.parquet,ImpulseEvent,44100,1,2025-11-09,Railroad bell,,,,,30000,10
service_bell_daniel_simion_uid-ehss0n,ehss0n,service_bell_daniel_simion_uid-ehss0n.wav,audio/service_bell_daniel_simion_uid-ehss0n.wav,impulse_noise,0,train,libdata_impulz_2.1.parquet,,44100,1,2026-04-11,,,,,,30000,10
service_bell_daniel_simion_uid-h9isqd,h9isqd,service_bell_daniel_simion_uid-h9isqd.wav,audio/service_bell_daniel_simion_uid-h9isqd.wav,impulse_noise,0,train,libdata_impulz_2.1.parquet,,44100,1,2026-04-11,,,,,,30000,10
tolling_bell_daniel-simion_uid-cyg1sz,cyg1sz,tolling_bell_daniel-simion_uid-cyg1sz.wav,audio/tolling_bell_daniel-simion_uid-cyg1sz.wav,impulse_noise,0,train,libdata_impulz_2.1.parquet,,44100,1,2026-04-11,,,,,,30000,10
tolling_bell_daniel-simion_uid-cz4xcj,cz4xcj,tolling_bell_daniel-simion_uid-cz4xcj.wav,audio/tolling_bell_daniel-simion_uid-cz4xcj.wav,impulse_noise,0,train,libdata_impulz_2.1.parquet,,44100,1,2026-04-11,,,,,,30000,10
241008_1_uid-7r8oyd,7r8oyd,241008_1_uid-7r8oyd.wav,audio/241008_1_uid-7r8oyd.wav,dana_artillery,1,train,241008.parquet,Artillery,48000,1,2025-11-01,Dana,,,,,30000,10
241008_1_uid-p6k7wr,p6k7wr,241008_1_uid-p6k7wr.wav,audio/241008_1_uid-p6k7wr.wav,dana_artillery,1,train,241008.parquet,Artillery,48000,1,2025-11-01,Dana,,,,,30000,10
241008_1_uid-ra5198,241008_1_uid-ra5198,241008_1_uid-ra5198.wav,audio/241008_1_uid-ra5198.wav,dana_artillery,1,train,unreferenced_audio,,0,0,,Dana,,,,,,
241008_1_uid-xaqkru,241008_1_uid-xaqkru,241008_1_uid-xaqkru.wav,audio/241008_1_uid-xaqkru.wav,dana_artillery,1,train,unreferenced_audio,,0,0,,Dana,,,,,,
241008_1_uid-zovpsu,zovpsu,241008_1_uid-zovpsu.wav,audio/241008_1_uid-zovpsu.wav,dana_artillery,1,train,241008.parquet,Artillery,48000,1,2025-11-01,Dana,,,,,30000,10
241008_2_uid-331dfo,331dfo,241008_2_uid-331dfo.wav,audio/241008_2_uid-331dfo.wav,dana_artillery,1,train,241008.parquet,Artillery,48000,1,2025-11-01,Dana,,,,,30000,10
241008_2_uid-4eh60n,4eh60n,241008_2_uid-4eh60n.wav,audio/241008_2_uid-4eh60n.wav,dana_artillery,1,train,241008.parquet,Artillery,48000,1,2025-11-01,Dana,,,,,30000,10
241008_2_uid-dledq0,dledq0,241008_2_uid-dledq0.wav,audio/241008_2_uid-dledq0.wav,dana_artillery,1,train,241008.parquet,Artillery,48000,1,2025-11-01,Dana,,,,,30000,10
241008_2_uid-ejh1ap,ejh1ap,241008_2_uid-ejh1ap.wav,audio/241008_2_uid-ejh1ap.wav,dana_artillery,1,train,241008.parquet,Artillery,48000,1,2025-11-01,Dana,,,,,30000,10
241008_2_uid-f6h7px,f6h7px,241008_2_uid-f6h7px.wav,audio/241008_2_uid-f6h7px.wav,dana_artillery,1,train,241008.parquet,Artillery,48000,1,2025-11-01,Dana,,,,,30000,10
241008_2_uid-kaqlxl,kaqlxl,241008_2_uid-kaqlxl.wav,audio/241008_2_uid-kaqlxl.wav,dana_artillery,1,train,241008.parquet,Artillery,48000,1,2025-11-01,Dana,,,,,30000,10
241008_2_uid-wghgor,wghgor,241008_2_uid-wghgor.wav,audio/241008_2_uid-wghgor.wav,dana_artillery,1,train,241008.parquet,Artillery,48000,1,2025-11-01,Dana,,,,,30000,10
241008_2_uid-wjf89e,wjf89e,241008_2_uid-wjf89e.wav,audio/241008_2_uid-wjf89e.wav,dana_artillery,1,train,241008.parquet,Artillery,48000,1,2025-11-01,Dana,,,,,30000,10
241008_3_uid-07zosk,07zosk,241008_3_uid-07zosk.wav,audio/241008_3_uid-07zosk.wav,dana_artillery,1,train,241008.parquet,Artillery,48000,1,2025-11-01,Dana,,,,,30000,10
241008_3_uid-afyn4k,afyn4k,241008_3_uid-afyn4k.wav,audio/241008_3_uid-afyn4k.wav,dana_artillery,1,train,241008.parquet,Artillery,48000,1,2025-11-01,Dana,,,,,30000,10
241008_3_uid-ejl586,ejl586,241008_3_uid-ejl586.wav,audio/241008_3_uid-ejl586.wav,dana_artillery,1,train,241008.parquet,Artillery,48000,1,2025-11-01,Dana,,,,,30000,10
241008_3_uid-m9dvbh,m9dvbh,241008_3_uid-m9dvbh.wav,audio/241008_3_uid-m9dvbh.wav,dana_artillery,1,train,241008.parquet,Artillery,48000,1,2025-11-01,Dana,,,,,30000,10
241008_3_uid-qd641c,qd641c,241008_3_uid-qd641c.wav,audio/241008_3_uid-qd641c.wav,dana_artillery,1,train,241008.parquet,Artillery,48000,1,2025-11-01,Dana,,,,,30000,10
241008_3_uid-zc02dx,zc02dx,241008_3_uid-zc02dx.wav,audio/241008_3_uid-zc02dx.wav,dana_artillery,1,train,241008.parquet,Artillery,48000,1,2025-11-01,Dana,,,,,30000,10
241008_4_uid-iduyop,iduyop,241008_4_uid-iduyop.wav,audio/241008_4_uid-iduyop.wav,dana_artillery,1,train,241008.parquet,Artillery,48000,1,2025-11-01,Dana,,,,,30000,10
241008_4_uid-kbqt2u,kbqt2u,241008_4_uid-kbqt2u.wav,audio/241008_4_uid-kbqt2u.wav,dana_artillery,1,train,241008.parquet,Artillery,48000,1,2025-11-01,Dana,,,,,30000,10
241008_5_uid-3jf45b,3jf45b,241008_5_uid-3jf45b.wav,audio/241008_5_uid-3jf45b.wav,dana_artillery,1,train,241008.parquet,Artillery,48000,1,2025-11-01,Dana,,,,,30000,10
241008_5_uid-6m7hx7,6m7hx7,241008_5_uid-6m7hx7.wav,audio/241008_5_uid-6m7hx7.wav,dana_artillery,1,train,241008.parquet,Artillery,48000,1,2025-11-01,Dana,,,,,30000,10
241008_5_uid-7x5eu8,7x5eu8,241008_5_uid-7x5eu8.wav,audio/241008_5_uid-7x5eu8.wav,dana_artillery,1,train,241008.parquet,Artillery,48000,1,2025-11-01,Dana,,,,,30000,10
241008_5_uid-9l12wc,9l12wc,241008_5_uid-9l12wc.wav,audio/241008_5_uid-9l12wc.wav,dana_artillery,1,train,241008.parquet,Artillery,48000,1,2025-11-01,Dana,,,,,30000,10
241008_5_uid-ckpza0,ckpza0,241008_5_uid-ckpza0.wav,audio/241008_5_uid-ckpza0.wav,dana_artillery,1,train,241008.parquet,Artillery,48000,1,2025-11-01,Dana,,,,,30000,10
241008_5_uid-des5jl,des5jl,241008_5_uid-des5jl.wav,audio/241008_5_uid-des5jl.wav,dana_artillery,1,train,241008.parquet,Artillery,48000,1,2025-11-01,Dana,,,,,30000,10
241008_5_uid-df8qgo,df8qgo,241008_5_uid-df8qgo.wav,audio/241008_5_uid-df8qgo.wav,dana_artillery,1,train,241008.parquet,Artillery,48000,1,2025-11-01,Dana,,,,,30000,10
241008_5_uid-fruyxo,fruyxo,241008_5_uid-fruyxo.wav,audio/241008_5_uid-fruyxo.wav,dana_artillery,1,train,241008.parquet,Artillery,48000,1,2025-11-01,Dana,,,,,30000,10
241008_5_uid-fw3wx7,fw3wx7,241008_5_uid-fw3wx7.wav,audio/241008_5_uid-fw3wx7.wav,dana_artillery,1,train,241008.parquet,Artillery,48000,1,2025-11-01,Dana,,,,,30000,10
241008_5_uid-hlycay,hlycay,241008_5_uid-hlycay.wav,audio/241008_5_uid-hlycay.wav,dana_artillery,1,train,241008.parquet,Artillery,48000,1,2025-11-01,Dana,,,,,30000,10
241008_5_uid-hy37r6,hy37r6,241008_5_uid-hy37r6.wav,audio/241008_5_uid-hy37r6.wav,dana_artillery,1,train,241008.parquet,Artillery,48000,1,2025-11-01,Dana,,,,,30000,10
241008_5_uid-ji4us0,ji4us0,241008_5_uid-ji4us0.wav,audio/241008_5_uid-ji4us0.wav,dana_artillery,1,train,241008.parquet,Artillery,48000,1,2025-11-01,Dana,,,,,30000,10
241008_5_uid-kx4ygx,kx4ygx,241008_5_uid-kx4ygx.wav,audio/241008_5_uid-kx4ygx.wav,dana_artillery,1,train,241008.parquet,Artillery,48000,1,2025-11-01,Dana,,,,,30000,10
241008_5_uid-s8t01x,s8t01x,241008_5_uid-s8t01x.wav,audio/241008_5_uid-s8t01x.wav,dana_artillery,1,train,241008.parquet,Artillery,48000,1,2025-11-01,Dana,,,,,30000,10
241008_5_uid-sv5s9r,sv5s9r,241008_5_uid-sv5s9r.wav,audio/241008_5_uid-sv5s9r.wav,dana_artillery,1,train,241008.parquet,Artillery,48000,1,2025-11-01,Dana,,,,,30000,10
241008_6_uid-gdbsga,gdbsga,241008_6_uid-gdbsga.wav,audio/241008_6_uid-gdbsga.wav,dana_artillery,1,train,241008.parquet,Artillery,48000,1,2025-11-01,Dana,,,,,30000,10
241008_6_uid-k8dozh,k8dozh,241008_6_uid-k8dozh.wav,audio/241008_6_uid-k8dozh.wav,dana_artillery,1,train,241008.parquet,,48000,1,2025-11-01,,,,,,30000,10
241008_6_uid-nmu1po,nmu1po,241008_6_uid-nmu1po.wav,audio/241008_6_uid-nmu1po.wav,dana_artillery,1,train,241008.parquet,,48000,1,2025-11-01,,,,,,30000,10
241009_4_uid-1jp830,1jp830,241009_4_uid-1jp830.wav,audio/241009_4_uid-1jp830.wav,dana_artillery,1,train,241009.parquet,Artillery,48000,1,2025-11-01,Dana,,,,,30000,10
241009_4_uid-4uutgk,4uutgk,241009_4_uid-4uutgk.wav,audio/241009_4_uid-4uutgk.wav,dana_artillery,1,train,241009.parquet,Artillery,48000,1,2025-11-01,Dana,,,,,30000,10
241009_4_uid-7trnsb,7trnsb,241009_4_uid-7trnsb.wav,audio/241009_4_uid-7trnsb.wav,dana_artillery,1,train,241009.parquet,Artillery,48000,1,2025-11-01,Dana,,,,,30000,10
241009_4_uid-8746g7,8746g7,241009_4_uid-8746g7.wav,audio/241009_4_uid-8746g7.wav,dana_artillery,1,train,241009.parquet,Artillery,48000,1,2025-11-01,Dana,,,,,30000,10
241009_4_uid-lwr4w6,lwr4w6,241009_4_uid-lwr4w6.wav,audio/241009_4_uid-lwr4w6.wav,dana_artillery,1,train,241009.parquet,Artillery,48000,1,2025-11-01,Dana,,,,,30000,10
241009_4_uid-lzigii,lzigii,241009_4_uid-lzigii.wav,audio/241009_4_uid-lzigii.wav,dana_artillery,1,train,241009.parquet,Artillery,48000,1,2025-11-01,Dana,,,,,30000,10
241009_4_uid-rla4g1,rla4g1,241009_4_uid-rla4g1.wav,audio/241009_4_uid-rla4g1.wav,dana_artillery,1,train,241009.parquet,Artillery,48000,1,2025-11-01,Dana,,,,,30000,10
241009_4_uid-xd8zoi,xd8zoi,241009_4_uid-xd8zoi.wav,audio/241009_4_uid-xd8zoi.wav,dana_artillery,1,train,241009.parquet,Artillery,48000,1,2025-11-01,Dana,,,,,30000,10
241009_5_uid-laqm0d,laqm0d,241009_5_uid-laqm0d.wav,audio/241009_5_uid-laqm0d.wav,dana_artillery,1,train,241009.parquet,Artillery,48000,1,2025-11-01,Dana,,,,,30000,10
241009_5_uid-r0hvdd,r0hvdd,241009_5_uid-r0hvdd.wav,audio/241009_5_uid-r0hvdd.wav,dana_artillery,1,train,241009.parquet,Artillery,48000,1,2025-11-01,Dana,,,,,30000,10
output1_uid-q4b1fl,q4b1fl,output1_uid-q4b1fl.wav,audio/output1_uid-q4b1fl.wav,dana_artillery,1,train,Dopad2121.parquet,artillery,48000,1,2025-10-30,dana,,,,,30000,10
