mode,variant,split,recording_id,class_id,score,pred
PC float32,clean,test,0003_0397s_shot_019_ch1,1,1.0,1
PC float32,clean,test,0005_0580s_shot_006_ch1,1,1.0,1
PC float32,clean,test,0005_0607s_shot_150_ch1,1,0.9999961256980896,1
PC float32,clean,test,0005_0631s_shot_173_ch1,1,1.0,1
PC float32,clean,test,0005_0632s_shot_176_ch1,1,0.9999996423721313,1
PC float32,clean,test,0005_0662s_shot_201_ch1,1,1.0,1
PC float32,clean,test,0005_0685s_shot_220_ch1,1,1.0,1
PC float32,clean,test,0005_0700s_shot_037_ch1,1,1.0,1
PC float32,clean,test,0011_0226s_shot_011_ch1,1,0.9641621112823486,1
PC float32,clean,test,0011_0333s_shot_018_ch1,1,0.9615933895111084,1
PC float32,clean,test,171236__alukahn__gunshot2_uid-fcn21d,0,1.7800506901810564e-10,0
PC float32,clean,test,371041__morganpurkis__single-gunshot-3_uid-1k053k,0,5.992422114076135e-10,0
PC float32,clean,test,384687__morganpurkis__single-gunshot-42_uid-u9d6r1,0,5.818291182180246e-09,0
PC float32,clean,test,384689__dobroide__20170318gunshotparadiso_uid-kwsehz,0,4.744813872722574e-16,0
PC float32,clean,test,384689__dobroide__20170318gunshotparadiso_uid-pjl13d,0,8.276984783325836e-13,0
PC float32,clean,test,402008__eardeer__gunshot__high_3_uid-4j4q67,0,1.5784791498690133e-17,0
PC float32,clean,test,402791__acidsnowflake__ak47-and-various-other-gunshots-at-indoor-shooting-range_uid-6aezru,0,9.732437773767292e-20,0
PC float32,clean,test,402791__acidsnowflake__ak47-and-various-other-gunshots-at-indoor-shooting-range_uid-byjlki,0,7.905873313258123e-19,0
PC float32,clean,test,402791__acidsnowflake__ak47-and-various-other-gunshots-at-indoor-shooting-range_uid-garl1l,0,2.973951341072419e-19,0
PC float32,clean,test,402791__acidsnowflake__ak47-and-various-other-gunshots-at-indoor-shooting-range_uid-l3ibfo,0,9.135669491244253e-27,0
PC float32,clean,test,402791__acidsnowflake__ak47-and-various-other-gunshots-at-indoor-shooting-range_uid-qe3eyz,0,4.826844443491268e-21,0
PC float32,clean,test,405132__fstagi__gunshots_uid-xcyi0z,0,4.745959736318639e-10,0
PC float32,clean,test,51470__smcameron__synthetic_gunshot_2_uid-vatpwv,0,8.228065553339547e-07,0
PC float32,clean,test,518181__bolkmar__fx-gunshot_uid-al1o0i,0,3.5271075339918245e-13,0
PC float32,clean,test,518181__bolkmar__fx-gunshot_uid-es96l9,0,7.222634849313181e-06,0
PC float32,clean,test,518181__bolkmar__fx-gunshot_uid-j3vsmz,0,6.5526343032140666e-12,0
PC float32,clean,test,519623__nathanchurchyard__gunshots_uid-kvxx3q,0,6.283055326017362e-11,0
PC float32,clean,test,683312__pnmcarrierailfan__pistol-gunshot-mix-weapons_uid-tmmoay,0,1.589553141889688e-12,0
PC float32,clean,test,Amusement_Park Ambiance -SoundBible_uid-2t9w3e,0,9.088582750976792e-13,0
PC float32,clean,test,Amusement_Park Ambiance -SoundBible_uid-jwv6lq,0,1.0345423248538793e-14,0
PC float32,clean,test,Amusement_Park Ambiance -SoundBible_uid-l24o63,0,5.719362434319919e-06,0
PC float32,clean,test,Background_Noise-SoundBible_uid-m7qaag,0,1.652696255405317e-06,0
PC float32,clean,test,Background_Noise-SoundBible_uid-mnn2bm,0,5.06451328874391e-07,0
PC float32,clean,test,Bi_Polar_Uncle-ScanMan-1810098860_uid-b8uks2,0,1.6339400064452408e-29,0
PC float32,clean,test,Bi_Polar_Uncle-ScanMan-1810098860_uid-evaiic,0,4.738723243848397e-29,0
PC float32,clean,test,Bi_Polar_Uncle-ScanMan-1810098860_uid-l7n0jt,0,2.0773786520395046e-36,0
PC float32,clean,test,Bi_Polar_Uncle-ScanMan-1810098860_uid-omv54z,0,6.333891414951769e-34,0
PC float32,clean,test,Bi_Polar_Uncle-ScanMan-1810098860_uid-p90ljg,0,2.3920352280290738e-27,0
PC float32,clean,test,Big_door_closed-Clemens_F-941522533_uid-n02it9,0,4.9127549806537897e-23,0
PC float32,clean,test,Cellar_Door Slam Shut-SoundBible_uid-pg4dq8,0,1.0389151561610022e-12,0
PC float32,clean,test,Citty_Traffic Ambiance-SoundBible_uid-87yimc,0,6.036485017734616e-21,0
PC float32,clean,test,Citty_Traffic Ambiance-SoundBible_uid-8vk0wx,0,2.147561849227116e-20,0
PC float32,clean,test,Citty_Traffic Ambiance-SoundBible_uid-mxbe2e,0,1.214890424634932e-20,0
PC float32,clean,test,Citty_Traffic Ambiance-SoundBible_uid-q0srdn,0,6.380920876070809e-17,0
PC float32,clean,test,City_Ambiance-SoundBible_uid-8yrqh9,0,5.808713334720767e-27,0
PC float32,clean,test,City_Ambiance-SoundBible_uid-t8xlgr,0,1.1059262074177244e-34,0
PC float32,clean,test,Classroom_Ambiance-SoundBible_uid-q49pv1,0,0.0014463906409218907,0
PC float32,clean,test,Classroom_Ambiance-SoundBible_uid-qfbdk0,0,0.00519604654982686,0
PC float32,clean,test,Classroom_Ambiance-SoundBible_uid-uu3ewb,0,0.0040979706682264805,0
PC float32,clean,test,Classroom_Ambiance-SoundBible_uid-xdl758,0,0.0005589919746853411,0
PC float32,clean,test,Close_Vault_Or_Jail_Door-SoundBible_uid-lasl2n,0,7.403281051665545e-05,0
PC float32,clean,test,Dog_Barking-SoundBible_uid-3uyzqt,0,4.0819233910252045e-27,0
PC float32,clean,test,Dog_Barking-SoundBible_uid-udwefz,0,4.0819233910252045e-27,0
PC float32,clean,test,Dogs_Barking-SoundBible_uid-0ftva8,0,1.3829950396993145e-26,0
PC float32,clean,test,Dogs_Barking-SoundBible_uid-itlawo,0,5.035313795093296e-27,0
PC float32,clean,test,Dogs_Barking-SoundBible_uid-k8qbi9,0,2.0933306966326055e-26,0
PC float32,clean,test,End_of_Game-Mike_Koenig-617089079_uid-0scusn,0,1.3375927528411394e-21,0
PC float32,clean,test,Engine_Inside_Car-SoundBible_uid-as3jed,0,0.08979114145040512,0
PC float32,clean,test,Fast_Heel_Walk-Kyanna_Johnson-1646343608_uid-8u9yx0,0,9.000188947464461e-17,0
PC float32,clean,test,Fast_Heel_Walk-Kyanna_Johnson-1646343608_uid-9pwmgu,0,4.50092856736135e-23,0
PC float32,clean,test,Female_Scream_Horror-NeoPhyTe-138499973_uid-w7fb5j,0,1.569227799934945e-32,0
PC float32,clean,test,Footsteps_SoundBible_uid-4v6zy1,0,1.7883027144619673e-14,0
PC float32,clean,test,Footsteps_SoundBible_uid-dg95vk,0,1.3718754916275018e-20,0
PC float32,clean,test,Footsteps_SoundBible_uid-hnz36f,0,3.9575692722948475e-10,0
PC float32,clean,test,Frying_Pan_Impact-SoundBible_uid-nbylf3,0,1.9255198599760374e-25,0
PC float32,clean,test,Indian_Bell-SoundBible_uid-t0u6xu,0,2.4664229239800697e-27,0
PC float32,clean,test,Japanese_Temple Bell Small-SoundBible_uid-3fhudh,0,1.020208478891706e-25,0
PC float32,clean,test,Japanese_Temple Bell Small-SoundBible_uid-8kpqn1,0,5.0574717040529435e-19,0
PC float32,clean,test,Large_Door_Slam-SoundBible_uid-ljg1k3,0,6.595225568162277e-05,0
PC float32,clean,test,Little_Girl_Talking-Mike_Koenig-782373463_uid-bstw5g,0,4.616866823512958e-23,0
PC float32,clean,test,Metal_Gong-Dianakc-109711828_uid-hlegwg,0,0.00010208507592324167,0
PC float32,clean,test,Motorcycle_Engine-SoundBible_uid-bo8n5y,0,3.8386591683092774e-08,0
PC float32,clean,test,Neighborhood_Dogs Barking-SoundBible_uid-6a1kho,0,1.6778443799476883e-37,0
PC float32,clean,test,Neighborhood_Dogs Barking-SoundBible_uid-7mwktq,0,3.169373887218128e-30,0
PC float32,clean,test,Neighborhood_Dogs Barking-SoundBible_uid-dwmjp4,0,1.4791581325662535e-28,0
PC float32,clean,test,Neighborhood_Dogs Barking-SoundBible_uid-kc7h7x,0,8.216700920472982e-34,0
PC float32,clean,test,Neighborhood_Dogs Barking-SoundBible_uid-p7gr4b,0,9.950700317735587e-28,0
PC float32,clean,test,Neighborhood_Dogs Barking-SoundBible_uid-rq1qkq,0,9.611133061078863e-27,0
PC float32,clean,test,Obama_Speech Liar-SoundBible_uid-8mnhtv,0,6.235279976615399e-37,0
PC float32,clean,test,Old_Door_Creaking-SoundBible_uid-e16ryq,0,1.7745094076027296e-16,0
PC float32,clean,test,Old_Door_Creaking-SoundBible_uid-f2vs74,0,1.0096166524337091e-12,0
PC float32,clean,test,Old_Door_Creaking-SoundBible_uid-ozrhlo,0,3.670503571223671e-12,0
PC float32,clean,test,Old_Door_Creaking-SoundBible_uid-q6uf3u,0,1.7745094076027296e-16,0
PC float32,clean,test,Police Siren 3-SoundBible_uid-nytspf,0,3.5435975155308658e-34,0
PC float32,clean,test,Police_Siren-SoundBible_uid-uyk0z0,0,2.108848792418588e-25,0
PC float32,clean,test,Psycho_Scream-SoundBible_uid-4qhwlo,0,0.0,0
PC float32,clean,test,Psycho_Scream-SoundBible_uid-uococi,0,0.0,0
PC float32,clean,test,Puppy_Dog Barking-SoundBible_uid-130qr7,0,4.958438931775509e-35,0
PC float32,clean,test,Puppy_Dog Barking-SoundBible_uid-zrfwba,0,4.19006166232314e-32,0
PC float32,clean,test,Race_Car Idle-SoundBible_uid-5il88u,0,3.013386546050668e-17,0
PC float32,clean,test,Race_Car Idle-SoundBible_uid-bjwy2y,0,1.7142254492592544e-19,0
PC float32,clean,test,Race_Car Idle-SoundBible_uid-i7dn0k,0,3.582252880809921e-18,0
PC float32,clean,test,Restaurant Walla Track-SoundBible_uid-19b0uq,0,6.879018622091282e-12,0
PC float32,clean,test,Restaurant Walla Track-SoundBible_uid-e11kg8,0,3.7234512217092935e-16,0
PC float32,clean,test,Restaurant Walla Track-SoundBible_uid-fk59q6,0,2.831218254741356e-22,0
PC float32,clean,test,School_Fire_Alarm-Cullen_Card-202875844_uid-rfkm7v,0,0.0,0
PC float32,clean,test,Shift_Gears-SoundBible_uid-cvmuj8,0,1.0720762863168452e-19,0
PC float32,clean,test,Ship_Bell-Mike_Koenig-1911209136_uid-e2z0y7,0,0.0,0
PC float32,clean,test,Ship_Brass_Bell-Mike_Koenig-1458750630_uid-oksrz0,0,5.027726607422411e-37,0
PC float32,clean,test,Shopping_Mall Ambiance-SoundBible_uid-fa5yaq,0,3.506156724612905e-15,0
PC float32,clean,test,Sleigh_Bells_Ringing-SoundBible_uid-i52bxo,0,0.0,0
PC float32,clean,test,Sleigh_Bells_Ringing-SoundBible_uid-xjtewi,0,0.0,0
PC float32,clean,test,Soldiers_Marching-SoundBible_uid-0eax5q,0,3.8757059085507695e-13,0
PC float32,clean,test,Soldiers_Marching-SoundBible_uid-4m3auc,0,2.433519423299113e-13,0
PC float32,clean,test,Soldiers_Marching-SoundBible_uid-51ygbj,0,1.8286250064083326e-13,0
PC float32,clean,test,Soldiers_Marching-SoundBible_uid-5xkxw1,0,7.552432901888461e-15,0
PC float32,clean,test,Soldiers_Marching-SoundBible_uid-bqrx9i,0,5.545792368085237e-15,0
PC float32,clean,test,Sports_Bar Patrons Loud-SoundBible_uid-0qx8ca,0,6.340679933560307e-28,0
PC float32,clean,test,Steam_Engine-John-1826274710_uid-1hznao,0,1.5663097679588067e-16,0
PC float32,clean,test,Steam_Engine-John-1826274710_uid-9qykmv,0,4.4894685943014355e-18,0
PC float32,clean,test,Steam_Engine-John-1826274710_uid-pe5dcl,0,1.729630524945318e-17,0
PC float32,clean,test,Swimming_Pool Ambiance-SoundBible_uid-thd1td,0,2.5740629585254195e-20,0
PC float32,clean,test,Temple_Bell Huge-SoundBible_uid-vwd9pv,0,2.7613361908152e-07,0
PC float32,clean,test,Tornado_Siren_II-Delilah-747233690_uid-9imkus,0,2.5470628007445185e-14,0
PC float32,clean,test,Tornado_Siren_II-Delilah-747233690_uid-k23l64,0,1.152316084868141e-29,0
PC float32,clean,test,Tornado_Siren_II-Delilah-747233690_uid-yu5cjs,0,2.5815430166092055e-30,0
PC float32,clean,test,Tornado_Siren_SoundBible_uid-6dnh9z,0,1.2961664500634991e-15,0
PC float32,clean,test,Tornado_Siren_SoundBible_uid-g7d17q,0,6.497919606898717e-13,0
PC float32,clean,test,Walking-SoundBible_uid-62j3do,0,1.3700485812504003e-15,0
PC float32,clean,test,Walking_In_Snow-SoundBible_uid-hoifci,0,1.3415397006610874e-06,0
PC float32,clean,test,Walking_On_Gravel-SoundBible_uid-7duozg,0,8.552946724194044e-07,0
PC float32,clean,test,Walking_On_Gravel-SoundBible_uid-fi611q,0,1.4633994396717753e-05,0
PC float32,clean,test,Walking_On_Gravel-SoundBible_uid-jhzvu7,0,1.5461515212844318e-21,0
PC float32,clean,test,Winston_Churchill Nazi Speech-SoundBible_uid-2unyd8,0,3.835619821757064e-09,0
PC float32,clean,test,Winston_Churchill Nazi Speech-SoundBible_uid-761zdn,0,1.389571374632581e-10,0
PC float32,clean,test,Winston_Churchill Nazi Speech-SoundBible_uid-g4x51s,0,1.161565926722976e-15,0
PC float32,clean,test,Winston_Churchill Nazi Speech-SoundBible_uid-jp39dv,0,3.422230498983936e-09,0
PC float32,clean,test,Winston_Churchill Nazi Speech-SoundBible_uid-rwukdv,0,3.149990593479023e-16,0
PC float32,clean,test,Woman_Screaming 2-SoundBible_uid-c9acqz,0,3.6802559407480107e-38,0
PC float32,clean,test,church_chime-daniel_simon (1)_uid-zsrdac,0,1.001170183760812e-26,0
PC float32,clean,test,church_chime-daniel_simon_uid-bbyw01,0,9.89661442710736e-26,0
PC float32,clean,test,church_chime-daniel_simon_uid-sxzijw,0,9.803787185300223e-37,0
PC float32,clean,test,doberman_pincher_daniel-simion_uid-348sts,0,1.4724172884233275e-31,0
PC float32,clean,test,doberman_pincher_daniel-simion_uid-4gutjw,0,2.241585143010546e-21,0
PC float32,clean,test,doberman_pincher_daniel-simion_uid-db2xc6,0,1.119403992180711e-31,0
PC float32,clean,test,doberman_pincher_daniel-simion_uid-m6nbjk,0,1.21134351958875e-31,0
PC float32,clean,test,german_shephard-daniel_simon (1)_uid-x57o4h,0,7.265917382590837e-26,0
PC float32,clean,test,german_shephard-daniel_simon_uid-35by3o,0,8.029052526435545e-20,0
PC float32,clean,test,hard_shoes_1-daniel_simon_uid-lqfqp3,0,3.007141872779204e-23,0
PC float32,clean,test,harley_davidson-daniel_simon_uid-3gnkx0,0,4.354813176732364e-10,0
PC float32,clean,test,harley_davidson-daniel_simon_uid-5tbvav,0,1.239494062943436e-10,0
PC float32,clean,test,labrador_barking-daniel_simon_uid-cpx5m6,0,2.5510584043918167e-30,0
PC float32,clean,test,labrador_barking-daniel_simon_uid-cvf4k1,0,6.478265776485626e-25,0
PC float32,clean,test,labrador_barking-daniel_simon_uid-j0e09a,0,1.7815750239307994e-26,0
PC float32,clean,test,labrador_barking-daniel_simon_uid-mwgdoo,0,5.639867364645129e-26,0
PC float32,clean,test,labrador_barking-daniel_simon_uid-p1nd4y,0,9.27450478263066e-36,0
PC float32,clean,test,labrador_barking-daniel_simon_uid-px7218,0,9.279529906186055e-36,0
PC float32,clean,test,muscle_car-daniel_simon (1)_uid-hvisfn,0,3.1888766627297116e-10,0
PC float32,clean,test,muscle_car-daniel_simon_uid-jpcsdl,0,3.1888766627297116e-10,0
PC float32,clean,test,old_car-engine_daniel_simion_uid-2lzarp,0,3.760033323963125e-24,0
PC float32,clean,test,old_car-engine_daniel_simion_uid-5xyl64,0,1.0736677527348289e-20,0
PC float32,clean,test,old_car-engine_daniel_simion_uid-8mfyeb,0,6.5351554667417705e-25,0
PC float32,clean,test,old_car-engine_daniel_simion_uid-9xmt28,0,4.3154198248832086e-26,0
PC float32,clean,test,old_fashioned-door-bell-daniel_simon_uid-1bqwmt,0,6.541111639522062e-19,0
PC float32,clean,test,old_fashioned-door-bell-daniel_simon_uid-8q7aiq,0,1.1662564212992334e-19,0
PC float32,clean,test,party_crowd-daniel_simon_uid-8pwj7x,0,5.104572855158185e-26,0
PC float32,clean,test,party_crowd-daniel_simon_uid-vroqkp,0,3.9726335940623767e-22,0
PC float32,clean,test,railroad_crossing_bell-Brylon_Terry-1551570865 (1)_uid-55is8o,0,0.0,0
PC float32,clean,test,railroad_crossing_bell-Brylon_Terry-1551570865 (1)_uid-6mnkqh,0,0.0,0
PC float32,clean,test,railroad_crossing_bell-Brylon_Terry-1551570865 (1)_uid-mi9sxj,0,0.0,0
PC float32,clean,test,railroad_crossing_bell-Brylon_Terry-1551570865 (1)_uid-n15yft,0,0.0,0
PC float32,clean,test,railroad_crossing_bell-Brylon_Terry-1551570865 (1)_uid-vxl8al,0,0.0,0
PC float32,clean,test,railroad_crossing_bell-Brylon_Terry-1551570865 (1)_uid-waev1t,0,0.0,0
PC float32,clean,test,railroad_crossing_bell-Brylon_Terry-1551570865 (1)_uid-zyz59r,0,0.0,0
PC float32,clean,test,railroad_crossing_bell-Brylon_Terry-1551570865_uid-ejhzbl,0,0.0,0
PC float32,clean,test,railroad_crossing_bell-Brylon_Terry-1551570865_uid-po2yqk,0,0.0,0
PC float32,clean,test,tolling_bell_daniel-simion_uid-kg3lrg,0,9.818963088888235e-18,0
PC float32,clean,test,tolling_bell_daniel-simion_uid-witt3h,0,2.4862112883728162e-21,0
PC int8,clean,test,0003_0397s_shot_019_ch1,1,0.99609375,1
PC int8,clean,test,0005_0580s_shot_006_ch1,1,0.99609375,1
PC int8,clean,test,0005_0607s_shot_150_ch1,1,0.99609375,1
PC int8,clean,test,0005_0631s_shot_173_ch1,1,0.99609375,1
PC int8,clean,test,0005_0632s_shot_176_ch1,1,0.99609375,1
PC int8,clean,test,0005_0662s_shot_201_ch1,1,0.99609375,1
PC int8,clean,test,0005_0685s_shot_220_ch1,1,0.99609375,1
PC int8,clean,test,0005_0700s_shot_037_ch1,1,0.99609375,1
PC int8,clean,test,0011_0226s_shot_011_ch1,1,0.921875,1
PC int8,clean,test,0011_0333s_shot_018_ch1,1,0.921875,1
PC int8,clean,test,171236__alukahn__gunshot2_uid-fcn21d,0,0.0,0
PC int8,clean,test,371041__morganpurkis__single-gunshot-3_uid-1k053k,0,0.0,0
PC int8,clean,test,384687__morganpurkis__single-gunshot-42_uid-u9d6r1,0,0.0,0
PC int8,clean,test,384689__dobroide__20170318gunshotparadiso_uid-kwsehz,0,0.0,0
PC int8,clean,test,384689__dobroide__20170318gunshotparadiso_uid-pjl13d,0,0.0,0
PC int8,clean,test,402008__eardeer__gunshot__high_3_uid-4j4q67,0,0.0,0
PC int8,clean,test,402791__acidsnowflake__ak47-and-various-other-gunshots-at-indoor-shooting-range_uid-6aezru,0,0.0,0
PC int8,clean,test,402791__acidsnowflake__ak47-and-various-other-gunshots-at-indoor-shooting-range_uid-byjlki,0,0.0,0
PC int8,clean,test,402791__acidsnowflake__ak47-and-various-other-gunshots-at-indoor-shooting-range_uid-garl1l,0,0.0,0
PC int8,clean,test,402791__acidsnowflake__ak47-and-various-other-gunshots-at-indoor-shooting-range_uid-l3ibfo,0,0.0,0
PC int8,clean,test,402791__acidsnowflake__ak47-and-various-other-gunshots-at-indoor-shooting-range_uid-qe3eyz,0,0.0,0
PC int8,clean,test,405132__fstagi__gunshots_uid-xcyi0z,0,0.0,0
PC int8,clean,test,51470__smcameron__synthetic_gunshot_2_uid-vatpwv,0,0.0,0
PC int8,clean,test,518181__bolkmar__fx-gunshot_uid-al1o0i,0,0.0,0
PC int8,clean,test,518181__bolkmar__fx-gunshot_uid-es96l9,0,0.0,0
PC int8,clean,test,518181__bolkmar__fx-gunshot_uid-j3vsmz,0,0.0,0
PC int8,clean,test,519623__nathanchurchyard__gunshots_uid-kvxx3q,0,0.0,0
PC int8,clean,test,683312__pnmcarrierailfan__pistol-gunshot-mix-weapons_uid-tmmoay,0,0.0,0
PC int8,clean,test,Amusement_Park Ambiance -SoundBible_uid-2t9w3e,0,0.0,0
PC int8,clean,test,Amusement_Park Ambiance -SoundBible_uid-jwv6lq,0,0.0,0
PC int8,clean,test,Amusement_Park Ambiance -SoundBible_uid-l24o63,0,0.0,0
PC int8,clean,test,Background_Noise-SoundBible_uid-m7qaag,0,0.0,0
PC int8,clean,test,Background_Noise-SoundBible_uid-mnn2bm,0,0.0,0
PC int8,clean,test,Bi_Polar_Uncle-ScanMan-1810098860_uid-b8uks2,0,0.0,0
PC int8,clean,test,Bi_Polar_Uncle-ScanMan-1810098860_uid-evaiic,0,0.0,0
PC int8,clean,test,Bi_Polar_Uncle-ScanMan-1810098860_uid-l7n0jt,0,0.0,0
PC int8,clean,test,Bi_Polar_Uncle-ScanMan-1810098860_uid-omv54z,0,0.0,0
PC int8,clean,test,Bi_Polar_Uncle-ScanMan-1810098860_uid-p90ljg,0,0.0,0
PC int8,clean,test,Big_door_closed-Clemens_F-941522533_uid-n02it9,0,0.0,0
PC int8,clean,test,Cellar_Door Slam Shut-SoundBible_uid-pg4dq8,0,0.0,0
PC int8,clean,test,Citty_Traffic Ambiance-SoundBible_uid-87yimc,0,0.0,0
PC int8,clean,test,Citty_Traffic Ambiance-SoundBible_uid-8vk0wx,0,0.0,0
PC int8,clean,test,Citty_Traffic Ambiance-SoundBible_uid-mxbe2e,0,0.0,0
PC int8,clean,test,Citty_Traffic Ambiance-SoundBible_uid-q0srdn,0,0.0,0
PC int8,clean,test,City_Ambiance-SoundBible_uid-8yrqh9,0,0.0,0
PC int8,clean,test,City_Ambiance-SoundBible_uid-t8xlgr,0,0.0,0
PC int8,clean,test,Classroom_Ambiance-SoundBible_uid-q49pv1,0,0.0,0
PC int8,clean,test,Classroom_Ambiance-SoundBible_uid-qfbdk0,0,0.00390625,0
PC int8,clean,test,Classroom_Ambiance-SoundBible_uid-uu3ewb,0,0.00390625,0
PC int8,clean,test,Classroom_Ambiance-SoundBible_uid-xdl758,0,0.0,0
PC int8,clean,test,Close_Vault_Or_Jail_Door-SoundBible_uid-lasl2n,0,0.0,0
PC int8,clean,test,Dog_Barking-SoundBible_uid-3uyzqt,0,0.0,0
PC int8,clean,test,Dog_Barking-SoundBible_uid-udwefz,0,0.0,0
PC int8,clean,test,Dogs_Barking-SoundBible_uid-0ftva8,0,0.0,0
PC int8,clean,test,Dogs_Barking-SoundBible_uid-itlawo,0,0.0,0
PC int8,clean,test,Dogs_Barking-SoundBible_uid-k8qbi9,0,0.0,0
PC int8,clean,test,End_of_Game-Mike_Koenig-617089079_uid-0scusn,0,0.0,0
PC int8,clean,test,Engine_Inside_Car-SoundBible_uid-as3jed,0,0.04296875,0
PC int8,clean,test,Fast_Heel_Walk-Kyanna_Johnson-1646343608_uid-8u9yx0,0,0.0,0
PC int8,clean,test,Fast_Heel_Walk-Kyanna_Johnson-1646343608_uid-9pwmgu,0,0.0,0
PC int8,clean,test,Female_Scream_Horror-NeoPhyTe-138499973_uid-w7fb5j,0,0.0,0
PC int8,clean,test,Footsteps_SoundBible_uid-4v6zy1,0,0.0,0
PC int8,clean,test,Footsteps_SoundBible_uid-dg95vk,0,0.0,0
PC int8,clean,test,Footsteps_SoundBible_uid-hnz36f,0,0.0,0
PC int8,clean,test,Frying_Pan_Impact-SoundBible_uid-nbylf3,0,0.0,0
PC int8,clean,test,Indian_Bell-SoundBible_uid-t0u6xu,0,0.0,0
PC int8,clean,test,Japanese_Temple Bell Small-SoundBible_uid-3fhudh,0,0.0,0
PC int8,clean,test,Japanese_Temple Bell Small-SoundBible_uid-8kpqn1,0,0.0,0
PC int8,clean,test,Large_Door_Slam-SoundBible_uid-ljg1k3,0,0.0,0
PC int8,clean,test,Little_Girl_Talking-Mike_Koenig-782373463_uid-bstw5g,0,0.0,0
PC int8,clean,test,Metal_Gong-Dianakc-109711828_uid-hlegwg,0,0.0,0
PC int8,clean,test,Motorcycle_Engine-SoundBible_uid-bo8n5y,0,0.0,0
PC int8,clean,test,Neighborhood_Dogs Barking-SoundBible_uid-6a1kho,0,0.0,0
PC int8,clean,test,Neighborhood_Dogs Barking-SoundBible_uid-7mwktq,0,0.0,0
PC int8,clean,test,Neighborhood_Dogs Barking-SoundBible_uid-dwmjp4,0,0.0,0
PC int8,clean,test,Neighborhood_Dogs Barking-SoundBible_uid-kc7h7x,0,0.0,0
PC int8,clean,test,Neighborhood_Dogs Barking-SoundBible_uid-p7gr4b,0,0.0,0
PC int8,clean,test,Neighborhood_Dogs Barking-SoundBible_uid-rq1qkq,0,0.0,0
PC int8,clean,test,Obama_Speech Liar-SoundBible_uid-8mnhtv,0,0.0,0
PC int8,clean,test,Old_Door_Creaking-SoundBible_uid-e16ryq,0,0.0,0
PC int8,clean,test,Old_Door_Creaking-SoundBible_uid-f2vs74,0,0.0,0
PC int8,clean,test,Old_Door_Creaking-SoundBible_uid-ozrhlo,0,0.0,0
PC int8,clean,test,Old_Door_Creaking-SoundBible_uid-q6uf3u,0,0.0,0
PC int8,clean,test,Police Siren 3-SoundBible_uid-nytspf,0,0.0,0
PC int8,clean,test,Police_Siren-SoundBible_uid-uyk0z0,0,0.0,0
PC int8,clean,test,Psycho_Scream-SoundBible_uid-4qhwlo,0,0.0,0
PC int8,clean,test,Psycho_Scream-SoundBible_uid-uococi,0,0.0,0
PC int8,clean,test,Puppy_Dog Barking-SoundBible_uid-130qr7,0,0.0,0
PC int8,clean,test,Puppy_Dog Barking-SoundBible_uid-zrfwba,0,0.0,0
PC int8,clean,test,Race_Car Idle-SoundBible_uid-5il88u,0,0.0,0
PC int8,clean,test,Race_Car Idle-SoundBible_uid-bjwy2y,0,0.0,0
PC int8,clean,test,Race_Car Idle-SoundBible_uid-i7dn0k,0,0.0,0
PC int8,clean,test,Restaurant Walla Track-SoundBible_uid-19b0uq,0,0.0,0
PC int8,clean,test,Restaurant Walla Track-SoundBible_uid-e11kg8,0,0.0,0
PC int8,clean,test,Restaurant Walla Track-SoundBible_uid-fk59q6,0,0.0,0
PC int8,clean,test,School_Fire_Alarm-Cullen_Card-202875844_uid-rfkm7v,0,0.0,0
PC int8,clean,test,Shift_Gears-SoundBible_uid-cvmuj8,0,0.0,0
PC int8,clean,test,Ship_Bell-Mike_Koenig-1911209136_uid-e2z0y7,0,0.0,0
PC int8,clean,test,Ship_Brass_Bell-Mike_Koenig-1458750630_uid-oksrz0,0,0.0,0
PC int8,clean,test,Shopping_Mall Ambiance-SoundBible_uid-fa5yaq,0,0.0,0
PC int8,clean,test,Sleigh_Bells_Ringing-SoundBible_uid-i52bxo,0,0.0,0
PC int8,clean,test,Sleigh_Bells_Ringing-SoundBible_uid-xjtewi,0,0.0,0
PC int8,clean,test,Soldiers_Marching-SoundBible_uid-0eax5q,0,0.0,0
PC int8,clean,test,Soldiers_Marching-SoundBible_uid-4m3auc,0,0.0,0
PC int8,clean,test,Soldiers_Marching-SoundBible_uid-51ygbj,0,0.0,0
PC int8,clean,test,Soldiers_Marching-SoundBible_uid-5xkxw1,0,0.0,0
PC int8,clean,test,Soldiers_Marching-SoundBible_uid-bqrx9i,0,0.0,0
PC int8,clean,test,Sports_Bar Patrons Loud-SoundBible_uid-0qx8ca,0,0.0,0
PC int8,clean,test,Steam_Engine-John-1826274710_uid-1hznao,0,0.0,0
PC int8,clean,test,Steam_Engine-John-1826274710_uid-9qykmv,0,0.0,0
PC int8,clean,test,Steam_Engine-John-1826274710_uid-pe5dcl,0,0.0,0
PC int8,clean,test,Swimming_Pool Ambiance-SoundBible_uid-thd1td,0,0.0,0
PC int8,clean,test,Temple_Bell Huge-SoundBible_uid-vwd9pv,0,0.0,0
PC int8,clean,test,Tornado_Siren_II-Delilah-747233690_uid-9imkus,0,0.0,0
PC int8,clean,test,Tornado_Siren_II-Delilah-747233690_uid-k23l64,0,0.0,0
PC int8,clean,test,Tornado_Siren_II-Delilah-747233690_uid-yu5cjs,0,0.0,0
PC int8,clean,test,Tornado_Siren_SoundBible_uid-6dnh9z,0,0.0,0
PC int8,clean,test,Tornado_Siren_SoundBible_uid-g7d17q,0,0.0,0
PC int8,clean,test,Walking-SoundBible_uid-62j3do,0,0.0,0
PC int8,clean,test,Walking_In_Snow-SoundBible_uid-hoifci,0,0.0,0
PC int8,clean,test,Walking_On_Gravel-SoundBible_uid-7duozg,0,0.0,0
PC int8,clean,test,Walking_On_Gravel-SoundBible_uid-fi611q,0,0.0,0
PC int8,clean,test,Walking_On_Gravel-SoundBible_uid-jhzvu7,0,0.0,0
PC int8,clean,test,Winston_Churchill Nazi Speech-SoundBible_uid-2unyd8,0,0.0,0
PC int8,clean,test,Winston_Churchill Nazi Speech-SoundBible_uid-761zdn,0,0.0,0
PC int8,clean,test,Winston_Churchill Nazi Speech-SoundBible_uid-g4x51s,0,0.0,0
PC int8,clean,test,Winston_Churchill Nazi Speech-SoundBible_uid-jp39dv,0,0.0,0
PC int8,clean,test,Winston_Churchill Nazi Speech-SoundBible_uid-rwukdv,0,0.0,0
PC int8,clean,test,Woman_Screaming 2-SoundBible_uid-c9acqz,0,0.0,0
PC int8,clean,test,church_chime-daniel_simon (1)_uid-zsrdac,0,0.0,0
PC int8,clean,test,church_chime-daniel_simon_uid-bbyw01,0,0.0,0
PC int8,clean,test,church_chime-daniel_simon_uid-sxzijw,0,0.0,0
PC int8,clean,test,doberman_pincher_daniel-simion_uid-348sts,0,0.0,0
PC int8,clean,test,doberman_pincher_daniel-simion_uid-4gutjw,0,0.0,0
PC int8,clean,test,doberman_pincher_daniel-simion_uid-db2xc6,0,0.0,0
PC int8,clean,test,doberman_pincher_daniel-simion_uid-m6nbjk,0,0.0,0
PC int8,clean,test,german_shephard-daniel_simon (1)_uid-x57o4h,0,0.0,0
PC int8,clean,test,german_shephard-daniel_simon_uid-35by3o,0,0.0,0
PC int8,clean,test,hard_shoes_1-daniel_simon_uid-lqfqp3,0,0.0,0
PC int8,clean,test,harley_davidson-daniel_simon_uid-3gnkx0,0,0.0,0
PC int8,clean,test,harley_davidson-daniel_simon_uid-5tbvav,0,0.0,0
PC int8,clean,test,labrador_barking-daniel_simon_uid-cpx5m6,0,0.0,0
PC int8,clean,test,labrador_barking-daniel_simon_uid-cvf4k1,0,0.0,0
PC int8,clean,test,labrador_barking-daniel_simon_uid-j0e09a,0,0.0,0
PC int8,clean,test,labrador_barking-daniel_simon_uid-mwgdoo,0,0.0,0
PC int8,clean,test,labrador_barking-daniel_simon_uid-p1nd4y,0,0.0,0
PC int8,clean,test,labrador_barking-daniel_simon_uid-px7218,0,0.0,0
PC int8,clean,test,muscle_car-daniel_simon (1)_uid-hvisfn,0,0.0,0
PC int8,clean,test,muscle_car-daniel_simon_uid-jpcsdl,0,0.0,0
PC int8,clean,test,old_car-engine_daniel_simion_uid-2lzarp,0,0.0,0
PC int8,clean,test,old_car-engine_daniel_simion_uid-5xyl64,0,0.0,0
PC int8,clean,test,old_car-engine_daniel_simion_uid-8mfyeb,0,0.0,0
PC int8,clean,test,old_car-engine_daniel_simion_uid-9xmt28,0,0.0,0
PC int8,clean,test,old_fashioned-door-bell-daniel_simon_uid-1bqwmt,0,0.0,0
PC int8,clean,test,old_fashioned-door-bell-daniel_simon_uid-8q7aiq,0,0.0,0
PC int8,clean,test,party_crowd-daniel_simon_uid-8pwj7x,0,0.0,0
PC int8,clean,test,party_crowd-daniel_simon_uid-vroqkp,0,0.0,0
PC int8,clean,test,railroad_crossing_bell-Brylon_Terry-1551570865 (1)_uid-55is8o,0,0.0,0
PC int8,clean,test,railroad_crossing_bell-Brylon_Terry-1551570865 (1)_uid-6mnkqh,0,0.0,0
PC int8,clean,test,railroad_crossing_bell-Brylon_Terry-1551570865 (1)_uid-mi9sxj,0,0.0,0
PC int8,clean,test,railroad_crossing_bell-Brylon_Terry-1551570865 (1)_uid-n15yft,0,0.0,0
PC int8,clean,test,railroad_crossing_bell-Brylon_Terry-1551570865 (1)_uid-vxl8al,0,0.0,0
PC int8,clean,test,railroad_crossing_bell-Brylon_Terry-1551570865 (1)_uid-waev1t,0,0.0,0
PC int8,clean,test,railroad_crossing_bell-Brylon_Terry-1551570865 (1)_uid-zyz59r,0,0.0,0
PC int8,clean,test,railroad_crossing_bell-Brylon_Terry-1551570865_uid-ejhzbl,0,0.0,0
PC int8,clean,test,railroad_crossing_bell-Brylon_Terry-1551570865_uid-po2yqk,0,0.0,0
PC int8,clean,test,tolling_bell_daniel-simion_uid-kg3lrg,0,0.0,0
PC int8,clean,test,tolling_bell_daniel-simion_uid-witt3h,0,0.0,0
PC float32,noise_snr30db,test,0003_0397s_shot_019_ch1,1,1.0,1
PC float32,noise_snr30db,test,0005_0580s_shot_006_ch1,1,1.0,1
PC float32,noise_snr30db,test,0005_0607s_shot_150_ch1,1,0.9999930262565613,1
PC float32,noise_snr30db,test,0005_0631s_shot_173_ch1,1,1.0,1
PC float32,noise_snr30db,test,0005_0632s_shot_176_ch1,1,0.9999985098838806,1
PC float32,noise_snr30db,test,0005_0662s_shot_201_ch1,1,1.0,1
PC float32,noise_snr30db,test,0005_0685s_shot_220_ch1,1,1.0,1
PC float32,noise_snr30db,test,0005_0700s_shot_037_ch1,1,1.0,1
PC float32,noise_snr30db,test,0011_0226s_shot_011_ch1,1,0.8336912393569946,1
PC float32,noise_snr30db,test,0011_0333s_shot_018_ch1,1,0.9648285508155823,1
PC float32,noise_snr30db,test,171236__alukahn__gunshot2_uid-fcn21d,0,1.6412768366613761e-10,0
PC float32,noise_snr30db,test,371041__morganpurkis__single-gunshot-3_uid-1k053k,0,4.5953990612801476e-10,0
PC float32,noise_snr30db,test,384687__morganpurkis__single-gunshot-42_uid-u9d6r1,0,5.0143991181528236e-09,0
PC float32,noise_snr30db,test,384689__dobroide__20170318gunshotparadiso_uid-kwsehz,0,6.355389450155992e-17,0
PC float32,noise_snr30db,test,384689__dobroide__20170318gunshotparadiso_uid-pjl13d,0,1.835026922081262e-12,0
PC float32,noise_snr30db,test,402008__eardeer__gunshot__high_3_uid-4j4q67,0,1.630120697255189e-17,0
PC float32,noise_snr30db,test,402791__acidsnowflake__ak47-and-various-other-gunshots-at-indoor-shooting-range_uid-6aezru,0,1.2496792662858255e-19,0
PC float32,noise_snr30db,test,402791__acidsnowflake__ak47-and-various-other-gunshots-at-indoor-shooting-range_uid-byjlki,0,6.618165581532908e-19,0
PC float32,noise_snr30db,test,402791__acidsnowflake__ak47-and-various-other-gunshots-at-indoor-shooting-range_uid-garl1l,0,2.7840872826034157e-19,0
PC float32,noise_snr30db,test,402791__acidsnowflake__ak47-and-various-other-gunshots-at-indoor-shooting-range_uid-l3ibfo,0,7.240596796425989e-27,0
PC float32,noise_snr30db,test,402791__acidsnowflake__ak47-and-various-other-gunshots-at-indoor-shooting-range_uid-qe3eyz,0,6.164454936236444e-27,0
PC float32,noise_snr30db,test,405132__fstagi__gunshots_uid-xcyi0z,0,7.425246639769512e-09,0
PC float32,noise_snr30db,test,51470__smcameron__synthetic_gunshot_2_uid-vatpwv,0,9.84146140581288e-07,0
PC float32,noise_snr30db,test,518181__bolkmar__fx-gunshot_uid-al1o0i,0,3.596399165885916e-13,0
PC float32,noise_snr30db,test,518181__bolkmar__fx-gunshot_uid-es96l9,0,8.839937436277978e-06,0
PC float32,noise_snr30db,test,518181__bolkmar__fx-gunshot_uid-j3vsmz,0,1.894147382344724e-12,0
PC float32,noise_snr30db,test,519623__nathanchurchyard__gunshots_uid-kvxx3q,0,4.413354681709336e-10,0
PC float32,noise_snr30db,test,683312__pnmcarrierailfan__pistol-gunshot-mix-weapons_uid-tmmoay,0,1.4024467351325676e-12,0
PC float32,noise_snr30db,test,Amusement_Park Ambiance -SoundBible_uid-2t9w3e,0,6.104417102012483e-13,0
PC float32,noise_snr30db,test,Amusement_Park Ambiance -SoundBible_uid-jwv6lq,0,5.674378610216746e-13,0
PC float32,noise_snr30db,test,Amusement_Park Ambiance -SoundBible_uid-l24o63,0,6.675185773019621e-07,0
PC float32,noise_snr30db,test,Background_Noise-SoundBible_uid-m7qaag,0,1.1633153008006047e-05,0
PC float32,noise_snr30db,test,Background_Noise-SoundBible_uid-mnn2bm,0,1.2041714398947079e-05,0
PC float32,noise_snr30db,test,Bi_Polar_Uncle-ScanMan-1810098860_uid-b8uks2,0,1.7487138454583984e-29,0
PC float32,noise_snr30db,test,Bi_Polar_Uncle-ScanMan-1810098860_uid-evaiic,0,3.699994294128462e-29,0
PC float32,noise_snr30db,test,Bi_Polar_Uncle-ScanMan-1810098860_uid-l7n0jt,0,7.871555790501848e-37,0
PC float32,noise_snr30db,test,Bi_Polar_Uncle-ScanMan-1810098860_uid-omv54z,0,1.2220493224502494e-34,0
PC float32,noise_snr30db,test,Bi_Polar_Uncle-ScanMan-1810098860_uid-p90ljg,0,1.4320967102983146e-28,0
PC float32,noise_snr30db,test,Big_door_closed-Clemens_F-941522533_uid-n02it9,0,2.7881749745266215e-22,0
PC float32,noise_snr30db,test,Cellar_Door Slam Shut-SoundBible_uid-pg4dq8,0,5.368541982492259e-13,0
PC float32,noise_snr30db,test,Citty_Traffic Ambiance-SoundBible_uid-87yimc,0,1.3397382323601096e-20,0
PC float32,noise_snr30db,test,Citty_Traffic Ambiance-SoundBible_uid-8vk0wx,0,6.583262307845321e-20,0
PC float32,noise_snr30db,test,Citty_Traffic Ambiance-SoundBible_uid-mxbe2e,0,2.3523426316649637e-15,0
PC float32,noise_snr30db,test,Citty_Traffic Ambiance-SoundBible_uid-q0srdn,0,4.8918806299340915e-17,0
PC float32,noise_snr30db,test,City_Ambiance-SoundBible_uid-8yrqh9,0,3.2139762911608697e-27,0
PC float32,noise_snr30db,test,City_Ambiance-SoundBible_uid-t8xlgr,0,4.514090013755814e-35,0
PC float32,noise_snr30db,test,Classroom_Ambiance-SoundBible_uid-q49pv1,0,0.0020972334314137697,0
PC float32,noise_snr30db,test,Classroom_Ambiance-SoundBible_uid-qfbdk0,0,0.0005176157574169338,0
PC float32,noise_snr30db,test,Classroom_Ambiance-SoundBible_uid-uu3ewb,0,0.002434767782688141,0
PC float32,noise_snr30db,test,Classroom_Ambiance-SoundBible_uid-xdl758,0,0.0006182895740494132,0
PC float32,noise_snr30db,test,Close_Vault_Or_Jail_Door-SoundBible_uid-lasl2n,0,0.00013296050019562244,0
PC float32,noise_snr30db,test,Dog_Barking-SoundBible_uid-3uyzqt,0,3.5430558963054334e-27,0
PC float32,noise_snr30db,test,Dog_Barking-SoundBible_uid-udwefz,0,1.9590001644995069e-26,0
PC float32,noise_snr30db,test,Dogs_Barking-SoundBible_uid-0ftva8,0,1.38378651986926e-26,0
PC float32,noise_snr30db,test,Dogs_Barking-SoundBible_uid-itlawo,0,7.938151365950744e-26,0
PC float32,noise_snr30db,test,Dogs_Barking-SoundBible_uid-k8qbi9,0,1.1031326128021654e-27,0
PC float32,noise_snr30db,test,End_of_Game-Mike_Koenig-617089079_uid-0scusn,0,8.148174834722081e-22,0
PC float32,noise_snr30db,test,Engine_Inside_Car-SoundBible_uid-as3jed,0,0.04800959676504135,0
PC float32,noise_snr30db,test,Fast_Heel_Walk-Kyanna_Johnson-1646343608_uid-8u9yx0,0,2.8140294009804876e-17,0
PC float32,noise_snr30db,test,Fast_Heel_Walk-Kyanna_Johnson-1646343608_uid-9pwmgu,0,5.516609702027473e-23,0
PC float32,noise_snr30db,test,Female_Scream_Horror-NeoPhyTe-138499973_uid-w7fb5j,0,1.925766721824449e-28,0
PC float32,noise_snr30db,test,Footsteps_SoundBible_uid-4v6zy1,0,1.2788335928409778e-12,0
PC float32,noise_snr30db,test,Footsteps_SoundBible_uid-dg95vk,0,5.785280028372194e-17,0
PC float32,noise_snr30db,test,Footsteps_SoundBible_uid-hnz36f,0,1.7954928921426472e-07,0
PC float32,noise_snr30db,test,Frying_Pan_Impact-SoundBible_uid-nbylf3,0,2.349702571405503e-25,0
PC float32,noise_snr30db,test,Indian_Bell-SoundBible_uid-t0u6xu,0,1.1151273044958091e-27,0
PC float32,noise_snr30db,test,Japanese_Temple Bell Small-SoundBible_uid-3fhudh,0,4.976799902633431e-28,0
PC float32,noise_snr30db,test,Japanese_Temple Bell Small-SoundBible_uid-8kpqn1,0,2.198204689760968e-20,0
PC float32,noise_snr30db,test,Large_Door_Slam-SoundBible_uid-ljg1k3,0,0.00016475286975037307,0
PC float32,noise_snr30db,test,Little_Girl_Talking-Mike_Koenig-782373463_uid-bstw5g,0,5.352698289874479e-23,0
PC float32,noise_snr30db,test,Metal_Gong-Dianakc-109711828_uid-hlegwg,0,8.041250112000853e-06,0
PC float32,noise_snr30db,test,Motorcycle_Engine-SoundBible_uid-bo8n5y,0,1.5699290756288065e-08,0
PC float32,noise_snr30db,test,Neighborhood_Dogs Barking-SoundBible_uid-6a1kho,0,2.358795639230081e-29,0
PC float32,noise_snr30db,test,Neighborhood_Dogs Barking-SoundBible_uid-7mwktq,0,1.515580928469985e-29,0
PC float32,noise_snr30db,test,Neighborhood_Dogs Barking-SoundBible_uid-dwmjp4,0,1.9171981391312487e-28,0
PC float32,noise_snr30db,test,Neighborhood_Dogs Barking-SoundBible_uid-kc7h7x,0,5.694370876555604e-32,0
PC float32,noise_snr30db,test,Neighborhood_Dogs Barking-SoundBible_uid-p7gr4b,0,3.9837909047898583e-28,0
PC float32,noise_snr30db,test,Neighborhood_Dogs Barking-SoundBible_uid-rq1qkq,0,4.66247166130469e-25,0
PC float32,noise_snr30db,test,Obama_Speech Liar-SoundBible_uid-8mnhtv,0,2.0666134512418282e-36,0
PC float32,noise_snr30db,test,Old_Door_Creaking-SoundBible_uid-e16ryq,0,3.9119951971143844e-16,0
PC float32,noise_snr30db,test,Old_Door_Creaking-SoundBible_uid-f2vs74,0,6.859846891915655e-13,0
PC float32,noise_snr30db,test,Old_Door_Creaking-SoundBible_uid-ozrhlo,0,3.0721714235071307e-12,0
PC float32,noise_snr30db,test,Old_Door_Creaking-SoundBible_uid-q6uf3u,0,1.7158244503878895e-16,0
PC float32,noise_snr30db,test,Police Siren 3-SoundBible_uid-nytspf,0,8.351791509293238e-35,0
PC float32,noise_snr30db,test,Police_Siren-SoundBible_uid-uyk0z0,0,1.4550008148285703e-25,0
PC float32,noise_snr30db,test,Psycho_Scream-SoundBible_uid-4qhwlo,0,0.0,0
PC float32,noise_snr30db,test,Psycho_Scream-SoundBible_uid-uococi,0,2.0045369965011492e-35,0
PC float32,noise_snr30db,test,Puppy_Dog Barking-SoundBible_uid-130qr7,0,1.1582533126158453e-35,0
PC float32,noise_snr30db,test,Puppy_Dog Barking-SoundBible_uid-zrfwba,0,5.074653193537971e-34,0
PC float32,noise_snr30db,test,Race_Car Idle-SoundBible_uid-5il88u,0,1.686403846225975e-15,0
PC float32,noise_snr30db,test,Race_Car Idle-SoundBible_uid-bjwy2y,0,5.4573293852745204e-17,0
PC float32,noise_snr30db,test,Race_Car Idle-SoundBible_uid-i7dn0k,0,1.8104474273679535e-16,0
PC float32,noise_snr30db,test,Restaurant Walla Track-SoundBible_uid-19b0uq,0,1.2005335094100733e-11,0
PC float32,noise_snr30db,test,Restaurant Walla Track-SoundBible_uid-e11kg8,0,3.973342617110461e-16,0
PC float32,noise_snr30db,test,Restaurant Walla Track-SoundBible_uid-fk59q6,0,6.504201834886955e-22,0
PC float32,noise_snr30db,test,School_Fire_Alarm-Cullen_Card-202875844_uid-rfkm7v,0,0.0,0
PC float32,noise_snr30db,test,Shift_Gears-SoundBible_uid-cvmuj8,0,3.7629233663765e-21,0
PC float32,noise_snr30db,test,Ship_Bell-Mike_Koenig-1911209136_uid-e2z0y7,0,0.0,0
PC float32,noise_snr30db,test,Ship_Brass_Bell-Mike_Koenig-1458750630_uid-oksrz0,0,3.273301378503249e-37,0
PC float32,noise_snr30db,test,Shopping_Mall Ambiance-SoundBible_uid-fa5yaq,0,1.369989056010032e-14,0
PC float32,noise_snr30db,test,Sleigh_Bells_Ringing-SoundBible_uid-i52bxo,0,0.0,0
PC float32,noise_snr30db,test,Sleigh_Bells_Ringing-SoundBible_uid-xjtewi,0,0.0,0
PC float32,noise_snr30db,test,Soldiers_Marching-SoundBible_uid-0eax5q,0,3.5258566357353194e-13,0
PC float32,noise_snr30db,test,Soldiers_Marching-SoundBible_uid-4m3auc,0,2.593627081767108e-13,0
PC float32,noise_snr30db,test,Soldiers_Marching-SoundBible_uid-51ygbj,0,1.6280050495632442e-13,0
PC float32,noise_snr30db,test,Soldiers_Marching-SoundBible_uid-5xkxw1,0,1.0235665566266528e-14,0
PC float32,noise_snr30db,test,Soldiers_Marching-SoundBible_uid-bqrx9i,0,7.779253078570112e-15,0
PC float32,noise_snr30db,test,Sports_Bar Patrons Loud-SoundBible_uid-0qx8ca,0,2.5304204975112887e-25,0
PC float32,noise_snr30db,test,Steam_Engine-John-1826274710_uid-1hznao,0,8.256644897518915e-17,0
PC float32,noise_snr30db,test,Steam_Engine-John-1826274710_uid-9qykmv,0,1.2459159822396213e-16,0
PC float32,noise_snr30db,test,Steam_Engine-John-1826274710_uid-pe5dcl,0,1.4283293250783877e-17,0
PC float32,noise_snr30db,test,Swimming_Pool Ambiance-SoundBible_uid-thd1td,0,1.9643940116871854e-20,0
PC float32,noise_snr30db,test,Temple_Bell Huge-SoundBible_uid-vwd9pv,0,2.2962301500228932e-06,0
PC float32,noise_snr30db,test,Tornado_Siren_II-Delilah-747233690_uid-9imkus,0,4.12280242768643e-14,0
PC float32,noise_snr30db,test,Tornado_Siren_II-Delilah-747233690_uid-k23l64,0,1.6436673068338885e-29,0
PC float32,noise_snr30db,test,Tornado_Siren_II-Delilah-747233690_uid-yu5cjs,0,4.361536183697787e-30,0
PC float32,noise_snr30db,test,Tornado_Siren_SoundBible_uid-6dnh9z,0,2.4734735179642408e-17,0
PC float32,noise_snr30db,test,Tornado_Siren_SoundBible_uid-g7d17q,0,1.1480244109952215e-15,0
PC float32,noise_snr30db,test,Walking-SoundBible_uid-62j3do,0,3.4669615455281333e-15,0
PC float32,noise_snr30db,test,Walking_In_Snow-SoundBible_uid-hoifci,0,1.563227669976186e-06,0
PC float32,noise_snr30db,test,Walking_On_Gravel-SoundBible_uid-7duozg,0,5.896969241803163e-07,0
PC float32,noise_snr30db,test,Walking_On_Gravel-SoundBible_uid-fi611q,0,1.2795366274076514e-05,0
PC float32,noise_snr30db,test,Walking_On_Gravel-SoundBible_uid-jhzvu7,0,1.5934922632753207e-21,0
PC float32,noise_snr30db,test,Winston_Churchill Nazi Speech-SoundBible_uid-2unyd8,0,2.1133552685626e-09,0
PC float32,noise_snr30db,test,Winston_Churchill Nazi Speech-SoundBible_uid-761zdn,0,9.755253271848119e-10,0
PC float32,noise_snr30db,test,Winston_Churchill Nazi Speech-SoundBible_uid-g4x51s,0,1.3059280018547925e-16,0
PC float32,noise_snr30db,test,Winston_Churchill Nazi Speech-SoundBible_uid-jp39dv,0,7.639619781230067e-08,0
PC float32,noise_snr30db,test,Winston_Churchill Nazi Speech-SoundBible_uid-rwukdv,0,2.5339107084142642e-15,0
PC float32,noise_snr30db,test,Woman_Screaming 2-SoundBible_uid-c9acqz,0,5.505788748623973e-36,0
PC float32,noise_snr30db,test,church_chime-daniel_simon (1)_uid-zsrdac,0,5.131045917801754e-26,0
PC float32,noise_snr30db,test,church_chime-daniel_simon_uid-bbyw01,0,2.6985351380610043e-25,0
PC float32,noise_snr30db,test,church_chime-daniel_simon_uid-sxzijw,0,3.757229422338801e-36,0
PC float32,noise_snr30db,test,doberman_pincher_daniel-simion_uid-348sts,0,4.753673293849613e-31,0
PC float32,noise_snr30db,test,doberman_pincher_daniel-simion_uid-4gutjw,0,5.704773475197348e-21,0
PC float32,noise_snr30db,test,doberman_pincher_daniel-simion_uid-db2xc6,0,1.0827143449534106e-31,0
PC float32,noise_snr30db,test,doberman_pincher_daniel-simion_uid-m6nbjk,0,1.2619890119072047e-30,0
PC float32,noise_snr30db,test,german_shephard-daniel_simon (1)_uid-x57o4h,0,5.1425287743533776e-26,0
PC float32,noise_snr30db,test,german_shephard-daniel_simon_uid-35by3o,0,1.540213273254064e-19,0
PC float32,noise_snr30db,test,hard_shoes_1-daniel_simon_uid-lqfqp3,0,8.172888016725355e-23,0
PC float32,noise_snr30db,test,harley_davidson-daniel_simon_uid-3gnkx0,0,3.4352316546915063e-09,0
PC float32,noise_snr30db,test,harley_davidson-daniel_simon_uid-5tbvav,0,1.7180042111153426e-10,0
PC float32,noise_snr30db,test,labrador_barking-daniel_simon_uid-cpx5m6,0,9.546042545174622e-30,0
PC float32,noise_snr30db,test,labrador_barking-daniel_simon_uid-cvf4k1,0,1.7498191138793606e-24,0
PC float32,noise_snr30db,test,labrador_barking-daniel_simon_uid-j0e09a,0,1.7079339339820446e-26,0
PC float32,noise_snr30db,test,labrador_barking-daniel_simon_uid-mwgdoo,0,4.987664581124853e-23,0
PC float32,noise_snr30db,test,labrador_barking-daniel_simon_uid-p1nd4y,0,2.7488030424220545e-38,0
PC float32,noise_snr30db,test,labrador_barking-daniel_simon_uid-px7218,0,9.590625146198802e-34,0
PC float32,noise_snr30db,test,muscle_car-daniel_simon (1)_uid-hvisfn,0,9.059399341815322e-10,0
PC float32,noise_snr30db,test,muscle_car-daniel_simon_uid-jpcsdl,0,1.2775338564807726e-09,0
PC float32,noise_snr30db,test,old_car-engine_daniel_simion_uid-2lzarp,0,3.0671531250803537e-24,0
PC float32,noise_snr30db,test,old_car-engine_daniel_simion_uid-5xyl64,0,1.8045557370368044e-20,0
PC float32,noise_snr30db,test,old_car-engine_daniel_simion_uid-8mfyeb,0,6.116932969229799e-25,0
PC float32,noise_snr30db,test,old_car-engine_daniel_simion_uid-9xmt28,0,6.083790827189685e-26,0
PC float32,noise_snr30db,test,old_fashioned-door-bell-daniel_simon_uid-1bqwmt,0,1.1982669668365402e-18,0
PC float32,noise_snr30db,test,old_fashioned-door-bell-daniel_simon_uid-8q7aiq,0,6.342959489809219e-19,0
PC float32,noise_snr30db,test,party_crowd-daniel_simon_uid-8pwj7x,0,8.032642727551831e-26,0
PC float32,noise_snr30db,test,party_crowd-daniel_simon_uid-vroqkp,0,9.839786450425907e-23,0
PC float32,noise_snr30db,test,railroad_crossing_bell-Brylon_Terry-1551570865 (1)_uid-55is8o,0,0.0,0
PC float32,noise_snr30db,test,railroad_crossing_bell-Brylon_Terry-1551570865 (1)_uid-6mnkqh,0,0.0,0
PC float32,noise_snr30db,test,railroad_crossing_bell-Brylon_Terry-1551570865 (1)_uid-mi9sxj,0,0.0,0
PC float32,noise_snr30db,test,railroad_crossing_bell-Brylon_Terry-1551570865 (1)_uid-n15yft,0,0.0,0
PC float32,noise_snr30db,test,railroad_crossing_bell-Brylon_Terry-1551570865 (1)_uid-vxl8al,0,0.0,0
PC float32,noise_snr30db,test,railroad_crossing_bell-Brylon_Terry-1551570865 (1)_uid-waev1t,0,0.0,0
PC float32,noise_snr30db,test,railroad_crossing_bell-Brylon_Terry-1551570865 (1)_uid-zyz59r,0,0.0,0
PC float32,noise_snr30db,test,railroad_crossing_bell-Brylon_Terry-1551570865_uid-ejhzbl,0,0.0,0
PC float32,noise_snr30db,test,railroad_crossing_bell-Brylon_Terry-1551570865_uid-po2yqk,0,0.0,0
PC float32,noise_snr30db,test,tolling_bell_daniel-simion_uid-kg3lrg,0,1.9986441358082824e-18,0
PC float32,noise_snr30db,test,tolling_bell_daniel-simion_uid-witt3h,0,1.4449750741018181e-22,0
PC int8,noise_snr30db,test,0003_0397s_shot_019_ch1,1,0.99609375,1
PC int8,noise_snr30db,test,0005_0580s_shot_006_ch1,1,0.99609375,1
PC int8,noise_snr30db,test,0005_0607s_shot_150_ch1,1,0.99609375,1
PC int8,noise_snr30db,test,0005_0631s_shot_173_ch1,1,0.99609375,1
PC int8,noise_snr30db,test,0005_0632s_shot_176_ch1,1,0.99609375,1
PC int8,noise_snr30db,test,0005_0662s_shot_201_ch1,1,0.99609375,1
PC int8,noise_snr30db,test,0005_0685s_shot_220_ch1,1,0.99609375,1
PC int8,noise_snr30db,test,0005_0700s_shot_037_ch1,1,0.99609375,1
PC int8,noise_snr30db,test,0011_0226s_shot_011_ch1,1,0.7734375,1
PC int8,noise_snr30db,test,0011_0333s_shot_018_ch1,1,0.921875,1
PC int8,noise_snr30db,test,171236__alukahn__gunshot2_uid-fcn21d,0,0.0,0
PC int8,noise_snr30db,test,371041__morganpurkis__single-gunshot-3_uid-1k053k,0,0.0,0
PC int8,noise_snr30db,test,384687__morganpurkis__single-gunshot-42_uid-u9d6r1,0,0.0,0
PC int8,noise_snr30db,test,384689__dobroide__20170318gunshotparadiso_uid-kwsehz,0,0.0,0
PC int8,noise_snr30db,test,384689__dobroide__20170318gunshotparadiso_uid-pjl13d,0,0.0,0
PC int8,noise_snr30db,test,402008__eardeer__gunshot__high_3_uid-4j4q67,0,0.0,0
PC int8,noise_snr30db,test,402791__acidsnowflake__ak47-and-various-other-gunshots-at-indoor-shooting-range_uid-6aezru,0,0.0,0
PC int8,noise_snr30db,test,402791__acidsnowflake__ak47-and-various-other-gunshots-at-indoor-shooting-range_uid-byjlki,0,0.0,0
PC int8,noise_snr30db,test,402791__acidsnowflake__ak47-and-various-other-gunshots-at-indoor-shooting-range_uid-garl1l,0,0.0,0
PC int8,noise_snr30db,test,402791__acidsnowflake__ak47-and-various-other-gunshots-at-indoor-shooting-range_uid-l3ibfo,0,0.0,0
PC int8,noise_snr30db,test,402791__acidsnowflake__ak47-and-various-other-gunshots-at-indoor-shooting-range_uid-qe3eyz,0,0.0,0
PC int8,noise_snr30db,test,405132__fstagi__gunshots_uid-xcyi0z,0,0.0,0
PC int8,noise_snr30db,test,51470__smcameron__synthetic_gunshot_2_uid-vatpwv,0,0.0,0
PC int8,noise_snr30db,test,518181__bolkmar__fx-gunshot_uid-al1o0i,0,0.0,0
PC int8,noise_snr30db,test,518181__bolkmar__fx-gunshot_uid-es96l9,0,0.0,0
PC int8,noise_snr30db,test,518181__bolkmar__fx-gunshot_uid-j3vsmz,0,0.0,0
PC int8,noise_snr30db,test,519623__nathanchurchyard__gunshots_uid-kvxx3q,0,0.0,0
PC int8,noise_snr30db,test,683312__pnmcarrierailfan__pistol-gunshot-mix-weapons_uid-tmmoay,0,0.0,0
PC int8,noise_snr30db,test,Amusement_Park Ambiance -SoundBible_uid-2t9w3e,0,0.0,0
PC int8,noise_snr30db,test,Amusement_Park Ambiance -SoundBible_uid-jwv6lq,0,0.0,0
PC int8,noise_snr30db,test,Amusement_Park Ambiance -SoundBible_uid-l24o63,0,0.0,0
PC int8,noise_snr30db,test,Background_Noise-SoundBible_uid-m7qaag,0,0.0,0
PC int8,noise_snr30db,test,Background_Noise-SoundBible_uid-mnn2bm,0,0.0,0
PC int8,noise_snr30db,test,Bi_Polar_Uncle-ScanMan-1810098860_uid-b8uks2,0,0.0,0
PC int8,noise_snr30db,test,Bi_Polar_Uncle-ScanMan-1810098860_uid-evaiic,0,0.0,0
PC int8,noise_snr30db,test,Bi_Polar_Uncle-ScanMan-1810098860_uid-l7n0jt,0,0.0,0
PC int8,noise_snr30db,test,Bi_Polar_Uncle-ScanMan-1810098860_uid-omv54z,0,0.0,0
PC int8,noise_snr30db,test,Bi_Polar_Uncle-ScanMan-1810098860_uid-p90ljg,0,0.0,0
PC int8,noise_snr30db,test,Big_door_closed-Clemens_F-941522533_uid-n02it9,0,0.0,0
PC int8,noise_snr30db,test,Cellar_Door Slam Shut-SoundBible_uid-pg4dq8,0,0.0,0
PC int8,noise_snr30db,test,Citty_Traffic Ambiance-SoundBible_uid-87yimc,0,0.0,0
PC int8,noise_snr30db,test,Citty_Traffic Ambiance-SoundBible_uid-8vk0wx,0,0.0,0
PC int8,noise_snr30db,test,Citty_Traffic Ambiance-SoundBible_uid-mxbe2e,0,0.0,0
PC int8,noise_snr30db,test,Citty_Traffic Ambiance-SoundBible_uid-q0srdn,0,0.0,0
PC int8,noise_snr30db,test,City_Ambiance-SoundBible_uid-8yrqh9,0,0.0,0
PC int8,noise_snr30db,test,City_Ambiance-SoundBible_uid-t8xlgr,0,0.0,0
PC int8,noise_snr30db,test,Classroom_Ambiance-SoundBible_uid-q49pv1,0,0.00390625,0
PC int8,noise_snr30db,test,Classroom_Ambiance-SoundBible_uid-qfbdk0,0,0.0,0
PC int8,noise_snr30db,test,Classroom_Ambiance-SoundBible_uid-uu3ewb,0,0.00390625,0
PC int8,noise_snr30db,test,Classroom_Ambiance-SoundBible_uid-xdl758,0,0.0,0
PC int8,noise_snr30db,test,Close_Vault_Or_Jail_Door-SoundBible_uid-lasl2n,0,0.0,0
PC int8,noise_snr30db,test,Dog_Barking-SoundBible_uid-3uyzqt,0,0.0,0
PC int8,noise_snr30db,test,Dog_Barking-SoundBible_uid-udwefz,0,0.0,0
PC int8,noise_snr30db,test,Dogs_Barking-SoundBible_uid-0ftva8,0,0.0,0
PC int8,noise_snr30db,test,Dogs_Barking-SoundBible_uid-itlawo,0,0.0,0
PC int8,noise_snr30db,test,Dogs_Barking-SoundBible_uid-k8qbi9,0,0.0,0
PC int8,noise_snr30db,test,End_of_Game-Mike_Koenig-617089079_uid-0scusn,0,0.0,0
PC int8,noise_snr30db,test,Engine_Inside_Car-SoundBible_uid-as3jed,0,0.04296875,0
PC int8,noise_snr30db,test,Fast_Heel_Walk-Kyanna_Johnson-1646343608_uid-8u9yx0,0,0.0,0
PC int8,noise_snr30db,test,Fast_Heel_Walk-Kyanna_Johnson-1646343608_uid-9pwmgu,0,0.0,0
PC int8,noise_snr30db,test,Female_Scream_Horror-NeoPhyTe-138499973_uid-w7fb5j,0,0.0,0
PC int8,noise_snr30db,test,Footsteps_SoundBible_uid-4v6zy1,0,0.0,0
PC int8,noise_snr30db,test,Footsteps_SoundBible_uid-dg95vk,0,0.0,0
PC int8,noise_snr30db,test,Footsteps_SoundBible_uid-hnz36f,0,0.0,0
PC int8,noise_snr30db,test,Frying_Pan_Impact-SoundBible_uid-nbylf3,0,0.0,0
PC int8,noise_snr30db,test,Indian_Bell-SoundBible_uid-t0u6xu,0,0.0,0
PC int8,noise_snr30db,test,Japanese_Temple Bell Small-SoundBible_uid-3fhudh,0,0.0,0
PC int8,noise_snr30db,test,Japanese_Temple Bell Small-SoundBible_uid-8kpqn1,0,0.0,0
PC int8,noise_snr30db,test,Large_Door_Slam-SoundBible_uid-ljg1k3,0,0.0,0
PC int8,noise_snr30db,test,Little_Girl_Talking-Mike_Koenig-782373463_uid-bstw5g,0,0.0,0
PC int8,noise_snr30db,test,Metal_Gong-Dianakc-109711828_uid-hlegwg,0,0.0,0
PC int8,noise_snr30db,test,Motorcycle_Engine-SoundBible_uid-bo8n5y,0,0.0,0
PC int8,noise_snr30db,test,Neighborhood_Dogs Barking-SoundBible_uid-6a1kho,0,0.0,0
PC int8,noise_snr30db,test,Neighborhood_Dogs Barking-SoundBible_uid-7mwktq,0,0.0,0
PC int8,noise_snr30db,test,Neighborhood_Dogs Barking-SoundBible_uid-dwmjp4,0,0.0,0
PC int8,noise_snr30db,test,Neighborhood_Dogs Barking-SoundBible_uid-kc7h7x,0,0.0,0
PC int8,noise_snr30db,test,Neighborhood_Dogs Barking-SoundBible_uid-p7gr4b,0,0.0,0
PC int8,noise_snr30db,test,Neighborhood_Dogs Barking-SoundBible_uid-rq1qkq,0,0.0,0
PC int8,noise_snr30db,test,Obama_Speech Liar-SoundBible_uid-8mnhtv,0,0.0,0
PC int8,noise_snr30db,test,Old_Door_Creaking-SoundBible_uid-e16ryq,0,0.0,0
PC int8,noise_snr30db,test,Old_Door_Creaking-SoundBible_uid-f2vs74,0,0.0,0
PC int8,noise_snr30db,test,Old_Door_Creaking-SoundBible_uid-ozrhlo,0,0.0,0
PC int8,noise_snr30db,test,Old_Door_Creaking-SoundBible_uid-q6uf3u,0,0.0,0
PC int8,noise_snr30db,test,Police Siren 3-SoundBible_uid-nytspf,0,0.0,0
PC int8,noise_snr30db,test,Police_Siren-SoundBible_uid-uyk0z0,0,0.0,0
PC int8,noise_snr30db,test,Psycho_Scream-SoundBible_uid-4qhwlo,0,0.0,0
PC int8,noise_snr30db,test,Psycho_Scream-SoundBible_uid-uococi,0,0.0,0
PC int8,noise_snr30db,test,Puppy_Dog Barking-SoundBible_uid-130qr7,0,0.0,0
PC int8,noise_snr30db,test,Puppy_Dog Barking-SoundBible_uid-zrfwba,0,0.0,0
PC int8,noise_snr30db,test,Race_Car Idle-SoundBible_uid-5il88u,0,0.0,0
PC int8,noise_snr30db,test,Race_Car Idle-SoundBible_uid-bjwy2y,0,0.0,0
PC int8,noise_snr30db,test,Race_Car Idle-SoundBible_uid-i7dn0k,0,0.0,0
PC int8,noise_snr30db,test,Restaurant Walla Track-SoundBible_uid-19b0uq,0,0.0,0
PC int8,noise_snr30db,test,Restaurant Walla Track-SoundBible_uid-e11kg8,0,0.0,0
PC int8,noise_snr30db,test,Restaurant Walla Track-SoundBible_uid-fk59q6,0,0.0,0
PC int8,noise_snr30db,test,School_Fire_Alarm-Cullen_Card-202875844_uid-rfkm7v,0,0.0,0
PC int8,noise_snr30db,test,Shift_Gears-SoundBible_uid-cvmuj8,0,0.0,0
PC int8,noise_snr30db,test,Ship_Bell-Mike_Koenig-1911209136_uid-e2z0y7,0,0.0,0
PC int8,noise_snr30db,test,Ship_Brass_Bell-Mike_Koenig-1458750630_uid-oksrz0,0,0.0,0
PC int8,noise_snr30db,test,Shopping_Mall Ambiance-SoundBible_uid-fa5yaq,0,0.0,0
PC int8,noise_snr30db,test,Sleigh_Bells_Ringing-SoundBible_uid-i52bxo,0,0.0,0
PC int8,noise_snr30db,test,Sleigh_Bells_Ringing-SoundBible_uid-xjtewi,0,0.0,0
PC int8,noise_snr30db,test,Soldiers_Marching-SoundBible_uid-0eax5q,0,0.0,0
PC int8,noise_snr30db,test,Soldiers_Marching-SoundBible_uid-4m3auc,0,0.0,0
PC int8,noise_snr30db,test,Soldiers_Marching-SoundBible_uid-51ygbj,0,0.0,0
PC int8,noise_snr30db,test,Soldiers_Marching-SoundBible_uid-5xkxw1,0,0.0,0
PC int8,noise_snr30db,test,Soldiers_Marching-SoundBible_uid-bqrx9i,0,0.0,0
PC int8,noise_snr30db,test,Sports_Bar Patrons Loud-SoundBible_uid-0qx8ca,0,0.0,0
PC int8,noise_snr30db,test,Steam_Engine-John-1826274710_uid-1hznao,0,0.0,0
PC int8,noise_snr30db,test,Steam_Engine-John-1826274710_uid-9qykmv,0,0.0,0
PC int8,noise_snr30db,test,Steam_Engine-John-1826274710_uid-pe5dcl,0,0.0,0
PC int8,noise_snr30db,test,Swimming_Pool Ambiance-SoundBible_uid-thd1td,0,0.0,0
PC int8,noise_snr30db,test,Temple_Bell Huge-SoundBible_uid-vwd9pv,0,0.0,0
PC int8,noise_snr30db,test,Tornado_Siren_II-Delilah-747233690_uid-9imkus,0,0.0,0
PC int8,noise_snr30db,test,Tornado_Siren_II-Delilah-747233690_uid-k23l64,0,0.0,0
PC int8,noise_snr30db,test,Tornado_Siren_II-Delilah-747233690_uid-yu5cjs,0,0.0,0
PC int8,noise_snr30db,test,Tornado_Siren_SoundBible_uid-6dnh9z,0,0.0,0
PC int8,noise_snr30db,test,Tornado_Siren_SoundBible_uid-g7d17q,0,0.0,0
PC int8,noise_snr30db,test,Walking-SoundBible_uid-62j3do,0,0.0,0
PC int8,noise_snr30db,test,Walking_In_Snow-SoundBible_uid-hoifci,0,0.0,0
PC int8,noise_snr30db,test,Walking_On_Gravel-SoundBible_uid-7duozg,0,0.0,0
PC int8,noise_snr30db,test,Walking_On_Gravel-SoundBible_uid-fi611q,0,0.0,0
PC int8,noise_snr30db,test,Walking_On_Gravel-SoundBible_uid-jhzvu7,0,0.0,0
PC int8,noise_snr30db,test,Winston_Churchill Nazi Speech-SoundBible_uid-2unyd8,0,0.0,0
PC int8,noise_snr30db,test,Winston_Churchill Nazi Speech-SoundBible_uid-761zdn,0,0.0,0
PC int8,noise_snr30db,test,Winston_Churchill Nazi Speech-SoundBible_uid-g4x51s,0,0.0,0
PC int8,noise_snr30db,test,Winston_Churchill Nazi Speech-SoundBible_uid-jp39dv,0,0.0,0
PC int8,noise_snr30db,test,Winston_Churchill Nazi Speech-SoundBible_uid-rwukdv,0,0.0,0
PC int8,noise_snr30db,test,Woman_Screaming 2-SoundBible_uid-c9acqz,0,0.0,0
PC int8,noise_snr30db,test,church_chime-daniel_simon (1)_uid-zsrdac,0,0.0,0
PC int8,noise_snr30db,test,church_chime-daniel_simon_uid-bbyw01,0,0.0,0
PC int8,noise_snr30db,test,church_chime-daniel_simon_uid-sxzijw,0,0.0,0
PC int8,noise_snr30db,test,doberman_pincher_daniel-simion_uid-348sts,0,0.0,0
PC int8,noise_snr30db,test,doberman_pincher_daniel-simion_uid-4gutjw,0,0.0,0
PC int8,noise_snr30db,test,doberman_pincher_daniel-simion_uid-db2xc6,0,0.0,0
PC int8,noise_snr30db,test,doberman_pincher_daniel-simion_uid-m6nbjk,0,0.0,0
PC int8,noise_snr30db,test,german_shephard-daniel_simon (1)_uid-x57o4h,0,0.0,0
PC int8,noise_snr30db,test,german_shephard-daniel_simon_uid-35by3o,0,0.0,0
PC int8,noise_snr30db,test,hard_shoes_1-daniel_simon_uid-lqfqp3,0,0.0,0
PC int8,noise_snr30db,test,harley_davidson-daniel_simon_uid-3gnkx0,0,0.0,0
PC int8,noise_snr30db,test,harley_davidson-daniel_simon_uid-5tbvav,0,0.0,0
PC int8,noise_snr30db,test,labrador_barking-daniel_simon_uid-cpx5m6,0,0.0,0
PC int8,noise_snr30db,test,labrador_barking-daniel_simon_uid-cvf4k1,0,0.0,0
PC int8,noise_snr30db,test,labrador_barking-daniel_simon_uid-j0e09a,0,0.0,0
PC int8,noise_snr30db,test,labrador_barking-daniel_simon_uid-mwgdoo,0,0.0,0
PC int8,noise_snr30db,test,labrador_barking-daniel_simon_uid-p1nd4y,0,0.0,0
PC int8,noise_snr30db,test,labrador_barking-daniel_simon_uid-px7218,0,0.0,0
PC int8,noise_snr30db,test,muscle_car-daniel_simon (1)_uid-hvisfn,0,0.0,0
PC int8,noise_snr30db,test,muscle_car-daniel_simon_uid-jpcsdl,0,0.0,0
PC int8,noise_snr30db,test,old_car-engine_daniel_simion_uid-2lzarp,0,0.0,0
PC int8,noise_snr30db,test,old_car-engine_daniel_simion_uid-5xyl64,0,0.0,0
PC int8,noise_snr30db,test,old_car-engine_daniel_simion_uid-8mfyeb,0,0.0,0
PC int8,noise_snr30db,test,old_car-engine_daniel_simion_uid-9xmt28,0,0.0,0
PC int8,noise_snr30db,test,old_fashioned-door-bell-daniel_simon_uid-1bqwmt,0,0.0,0
PC int8,noise_snr30db,test,old_fashioned-door-bell-daniel_simon_uid-8q7aiq,0,0.0,0
PC int8,noise_snr30db,test,party_crowd-daniel_simon_uid-8pwj7x,0,0.0,0
PC int8,noise_snr30db,test,party_crowd-daniel_simon_uid-vroqkp,0,0.0,0
PC int8,noise_snr30db,test,railroad_crossing_bell-Brylon_Terry-1551570865 (1)_uid-55is8o,0,0.0,0
PC int8,noise_snr30db,test,railroad_crossing_bell-Brylon_Terry-1551570865 (1)_uid-6mnkqh,0,0.0,0
PC int8,noise_snr30db,test,railroad_crossing_bell-Brylon_Terry-1551570865 (1)_uid-mi9sxj,0,0.0,0
PC int8,noise_snr30db,test,railroad_crossing_bell-Brylon_Terry-1551570865 (1)_uid-n15yft,0,0.0,0
PC int8,noise_snr30db,test,railroad_crossing_bell-Brylon_Terry-1551570865 (1)_uid-vxl8al,0,0.0,0
PC int8,noise_snr30db,test,railroad_crossing_bell-Brylon_Terry-1551570865 (1)_uid-waev1t,0,0.0,0
PC int8,noise_snr30db,test,railroad_crossing_bell-Brylon_Terry-1551570865 (1)_uid-zyz59r,0,0.0,0
PC int8,noise_snr30db,test,railroad_crossing_bell-Brylon_Terry-1551570865_uid-ejhzbl,0,0.0,0
PC int8,noise_snr30db,test,railroad_crossing_bell-Brylon_Terry-1551570865_uid-po2yqk,0,0.0,0
PC int8,noise_snr30db,test,tolling_bell_daniel-simion_uid-kg3lrg,0,0.0,0
PC int8,noise_snr30db,test,tolling_bell_daniel-simion_uid-witt3h,0,0.0,0
PC float32,noise_snr20db,test,0003_0397s_shot_019_ch1,1,1.0,1
PC float32,noise_snr20db,test,0005_0580s_shot_006_ch1,1,1.0,1
PC float32,noise_snr20db,test,0005_0607s_shot_150_ch1,1,0.9999986886978149,1
PC float32,noise_snr20db,test,0005_0631s_shot_173_ch1,1,1.0,1
PC float32,noise_snr20db,test,0005_0632s_shot_176_ch1,1,0.9999793767929077,1
PC float32,noise_snr20db,test,0005_0662s_shot_201_ch1,1,1.0,1
PC float32,noise_snr20db,test,0005_0685s_shot_220_ch1,1,1.0,1
PC float32,noise_snr20db,test,0005_0700s_shot_037_ch1,1,0.9999998807907104,1
PC float32,noise_snr20db,test,0011_0226s_shot_011_ch1,1,0.6056907176971436,1
PC float32,noise_snr20db,test,0011_0333s_shot_018_ch1,1,0.5915906429290771,1
PC float32,noise_snr20db,test,171236__alukahn__gunshot2_uid-fcn21d,0,1.1999687354879995e-10,0
PC float32,noise_snr20db,test,371041__morganpurkis__single-gunshot-3_uid-1k053k,0,7.955402447912263e-10,0
PC float32,noise_snr20db,test,384687__morganpurkis__single-gunshot-42_uid-u9d6r1,0,2.3174436545106425e-13,0
PC float32,noise_snr20db,test,384689__dobroide__20170318gunshotparadiso_uid-kwsehz,0,1.523166409488205e-16,0
PC float32,noise_snr20db,test,384689__dobroide__20170318gunshotparadiso_uid-pjl13d,0,5.023003497514611e-13,0
PC float32,noise_snr20db,test,402008__eardeer__gunshot__high_3_uid-4j4q67,0,2.1336101505568233e-17,0
PC float32,noise_snr20db,test,402791__acidsnowflake__ak47-and-various-other-gunshots-at-indoor-shooting-range_uid-6aezru,0,1.0540470447609424e-19,0
PC float32,noise_snr20db,test,402791__acidsnowflake__ak47-and-various-other-gunshots-at-indoor-shooting-range_uid-byjlki,0,3.8344370885201874e-19,0
PC float32,noise_snr20db,test,402791__acidsnowflake__ak47-and-various-other-gunshots-at-indoor-shooting-range_uid-garl1l,0,6.696659722538391e-20,0
PC float32,noise_snr20db,test,402791__acidsnowflake__ak47-and-various-other-gunshots-at-indoor-shooting-range_uid-l3ibfo,0,1.4329780062112165e-26,0
PC float32,noise_snr20db,test,402791__acidsnowflake__ak47-and-various-other-gunshots-at-indoor-shooting-range_uid-qe3eyz,0,1.3211076046494865e-20,0
PC float32,noise_snr20db,test,405132__fstagi__gunshots_uid-xcyi0z,0,8.252929006857812e-09,0
PC float32,noise_snr20db,test,51470__smcameron__synthetic_gunshot_2_uid-vatpwv,0,1.3414385193755152e-06,0
PC float32,noise_snr20db,test,518181__bolkmar__fx-gunshot_uid-al1o0i,0,6.220543286201974e-13,0
PC float32,noise_snr20db,test,518181__bolkmar__fx-gunshot_uid-es96l9,0,7.471455774066271e-07,0
PC float32,noise_snr20db,test,518181__bolkmar__fx-gunshot_uid-j3vsmz,0,1.9913759877199233e-11,0
PC float32,noise_snr20db,test,519623__nathanchurchyard__gunshots_uid-kvxx3q,0,7.423175407694771e-10,0
PC float32,noise_snr20db,test,683312__pnmcarrierailfan__pistol-gunshot-mix-weapons_uid-tmmoay,0,4.5474561616298814e-12,0
PC float32,noise_snr20db,test,Amusement_Park Ambiance -SoundBible_uid-2t9w3e,0,2.904431252795381e-13,0
PC float32,noise_snr20db,test,Amusement_Park Ambiance -SoundBible_uid-jwv6lq,0,3.2860738479937148e-15,0
PC float32,noise_snr20db,test,Amusement_Park Ambiance -SoundBible_uid-l24o63,0,6.096099980368308e-08,0
PC float32,noise_snr20db,test,Background_Noise-SoundBible_uid-m7qaag,0,1.2896482076030225e-05,0
PC float32,noise_snr20db,test,Background_Noise-SoundBible_uid-mnn2bm,0,4.249450284987688e-05,0
PC float32,noise_snr20db,test,Bi_Polar_Uncle-ScanMan-1810098860_uid-b8uks2,0,1.0383541757898195e-28,0
PC float32,noise_snr20db,test,Bi_Polar_Uncle-ScanMan-1810098860_uid-evaiic,0,4.4642852985472305e-30,0
PC float32,noise_snr20db,test,Bi_Polar_Uncle-ScanMan-1810098860_uid-l7n0jt,0,3.396553274147575e-34,0
PC float32,noise_snr20db,test,Bi_Polar_Uncle-ScanMan-1810098860_uid-omv54z,0,1.8304247018027713e-33,0
PC float32,noise_snr20db,test,Bi_Polar_Uncle-ScanMan-1810098860_uid-p90ljg,0,1.5386898496613878e-30,0
PC float32,noise_snr20db,test,Big_door_closed-Clemens_F-941522533_uid-n02it9,0,2.9390908481321376e-19,0
PC float32,noise_snr20db,test,Cellar_Door Slam Shut-SoundBible_uid-pg4dq8,0,8.447001778599805e-12,0
PC float32,noise_snr20db,test,Citty_Traffic Ambiance-SoundBible_uid-87yimc,0,8.484057439537116e-20,0
PC float32,noise_snr20db,test,Citty_Traffic Ambiance-SoundBible_uid-8vk0wx,0,1.8551416171381942e-17,0
PC float32,noise_snr20db,test,Citty_Traffic Ambiance-SoundBible_uid-mxbe2e,0,5.568973828473711e-19,0
PC float32,noise_snr20db,test,Citty_Traffic Ambiance-SoundBible_uid-q0srdn,0,4.249084875726679e-14,0
PC float32,noise_snr20db,test,City_Ambiance-SoundBible_uid-8yrqh9,0,1.372854768171223e-27,0
PC float32,noise_snr20db,test,City_Ambiance-SoundBible_uid-t8xlgr,0,4.489068643616274e-36,0
PC float32,noise_snr20db,test,Classroom_Ambiance-SoundBible_uid-q49pv1,0,0.00034871845855377614,0
PC float32,noise_snr20db,test,Classroom_Ambiance-SoundBible_uid-qfbdk0,0,0.0008637851569801569,0
PC float32,noise_snr20db,test,Classroom_Ambiance-SoundBible_uid-uu3ewb,0,0.0016922693466767669,0
PC float32,noise_snr20db,test,Classroom_Ambiance-SoundBible_uid-xdl758,0,0.0004315245314501226,0
PC float32,noise_snr20db,test,Close_Vault_Or_Jail_Door-SoundBible_uid-lasl2n,0,0.00011306119995424524,0
PC float32,noise_snr20db,test,Dog_Barking-SoundBible_uid-3uyzqt,0,6.897653692725545e-26,0
PC float32,noise_snr20db,test,Dog_Barking-SoundBible_uid-udwefz,0,2.9335368017263437e-25,0
PC float32,noise_snr20db,test,Dogs_Barking-SoundBible_uid-0ftva8,0,5.675234063623087e-28,0
PC float32,noise_snr20db,test,Dogs_Barking-SoundBible_uid-itlawo,0,7.095656917119404e-25,0
PC float32,noise_snr20db,test,Dogs_Barking-SoundBible_uid-k8qbi9,0,1.737841700088434e-28,0
PC float32,noise_snr20db,test,End_of_Game-Mike_Koenig-617089079_uid-0scusn,0,3.3232015440544482e-21,0
PC float32,noise_snr20db,test,Engine_Inside_Car-SoundBible_uid-as3jed,0,0.026521669700741768,0
PC float32,noise_snr20db,test,Fast_Heel_Walk-Kyanna_Johnson-1646343608_uid-8u9yx0,0,9.689180932320502e-18,0
PC float32,noise_snr20db,test,Fast_Heel_Walk-Kyanna_Johnson-1646343608_uid-9pwmgu,0,3.44155621368738e-23,0
PC float32,noise_snr20db,test,Female_Scream_Horror-NeoPhyTe-138499973_uid-w7fb5j,0,1.408400074544122e-35,0
PC float32,noise_snr20db,test,Footsteps_SoundBible_uid-4v6zy1,0,3.6006202359939454e-13,0
PC float32,noise_snr20db,test,Footsteps_SoundBible_uid-dg95vk,0,2.0137763628673682e-16,0
PC float32,noise_snr20db,test,Footsteps_SoundBible_uid-hnz36f,0,5.685507176167448e-07,0
PC float32,noise_snr20db,test,Frying_Pan_Impact-SoundBible_uid-nbylf3,0,1.7740487793679977e-24,0
PC float32,noise_snr20db,test,Indian_Bell-SoundBible_uid-t0u6xu,0,8.077839372965942e-27,0
PC float32,noise_snr20db,test,Japanese_Temple Bell Small-SoundBible_uid-3fhudh,0,8.476776501646314e-28,0
PC float32,noise_snr20db,test,Japanese_Temple Bell Small-SoundBible_uid-8kpqn1,0,1.4219455742106462e-19,0
PC float32,noise_snr20db,test,Large_Door_Slam-SoundBible_uid-ljg1k3,0,7.811990508344024e-05,0
PC float32,noise_snr20db,test,Little_Girl_Talking-Mike_Koenig-782373463_uid-bstw5g,0,3.1663902334581285e-22,0
PC float32,noise_snr20db,test,Metal_Gong-Dianakc-109711828_uid-hlegwg,0,7.957768502819818e-06,0
PC float32,noise_snr20db,test,Motorcycle_Engine-SoundBible_uid-bo8n5y,0,4.6699750555490027e-07,0
PC float32,noise_snr20db,test,Neighborhood_Dogs Barking-SoundBible_uid-6a1kho,0,2.3022290078933704e-30,0
PC float32,noise_snr20db,test,Neighborhood_Dogs Barking-SoundBible_uid-7mwktq,0,3.588502681500721e-26,0
PC float32,noise_snr20db,test,Neighborhood_Dogs Barking-SoundBible_uid-dwmjp4,0,2.7520600977410684e-27,0
PC float32,noise_snr20db,test,Neighborhood_Dogs Barking-SoundBible_uid-kc7h7x,0,2.1823522820756097e-30,0
PC float32,noise_snr20db,test,Neighborhood_Dogs Barking-SoundBible_uid-p7gr4b,0,5.827794798608399e-29,0
PC float32,noise_snr20db,test,Neighborhood_Dogs Barking-SoundBible_uid-rq1qkq,0,3.8124297857626474e-26,0
PC float32,noise_snr20db,test,Obama_Speech Liar-SoundBible_uid-8mnhtv,0,1.90858622082299e-37,0
PC float32,noise_snr20db,test,Old_Door_Creaking-SoundBible_uid-e16ryq,0,1.0619595108070801e-15,0
PC float32,noise_snr20db,test,Old_Door_Creaking-SoundBible_uid-f2vs74,0,6.250847821125116e-13,0
PC float32,noise_snr20db,test,Old_Door_Creaking-SoundBible_uid-ozrhlo,0,1.7601698093852591e-12,0
PC float32,noise_snr20db,test,Old_Door_Creaking-SoundBible_uid-q6uf3u,0,7.737902200634578e-16,0
PC float32,noise_snr20db,test,Police Siren 3-SoundBible_uid-nytspf,0,1.254278760238156e-34,0
PC float32,noise_snr20db,test,Police_Siren-SoundBible_uid-uyk0z0,0,4.247043210511398e-25,0
PC float32,noise_snr20db,test,Psycho_Scream-SoundBible_uid-4qhwlo,0,0.0,0
PC float32,noise_snr20db,test,Psycho_Scream-SoundBible_uid-uococi,0,1.4221346469664006e-35,0
PC float32,noise_snr20db,test,Puppy_Dog Barking-SoundBible_uid-130qr7,0,5.707750968267502e-38,0
PC float32,noise_snr20db,test,Puppy_Dog Barking-SoundBible_uid-zrfwba,0,1.2363075293921838e-35,0
PC float32,noise_snr20db,test,Race_Car Idle-SoundBible_uid-5il88u,0,2.0006677339152199e-16,0
PC float32,noise_snr20db,test,Race_Car Idle-SoundBible_uid-bjwy2y,0,1.055625563863635e-17,0
PC float32,noise_snr20db,test,Race_Car Idle-SoundBible_uid-i7dn0k,0,3.320141513132283e-17,0
PC float32,noise_snr20db,test,Restaurant Walla Track-SoundBible_uid-19b0uq,0,5.5719175801050014e-11,0
PC float32,noise_snr20db,test,Restaurant Walla Track-SoundBible_uid-e11kg8,0,6.794973477048066e-16,0
PC float32,noise_snr20db,test,Restaurant Walla Track-SoundBible_uid-fk59q6,0,9.200989861007492e-22,0
PC float32,noise_snr20db,test,School_Fire_Alarm-Cullen_Card-202875844_uid-rfkm7v,0,0.0,0
PC float32,noise_snr20db,test,Shift_Gears-SoundBible_uid-cvmuj8,0,2.8380294177964482e-15,0
PC float32,noise_snr20db,test,Ship_Bell-Mike_Koenig-1911209136_uid-e2z0y7,0,0.0,0
PC float32,noise_snr20db,test,Ship_Brass_Bell-Mike_Koenig-1458750630_uid-oksrz0,0,5.01388656408519e-34,0
PC float32,noise_snr20db,test,Shopping_Mall Ambiance-SoundBible_uid-fa5yaq,0,4.768173160994704e-13,0
PC float32,noise_snr20db,test,Sleigh_Bells_Ringing-SoundBible_uid-i52bxo,0,0.0,0
PC float32,noise_snr20db,test,Sleigh_Bells_Ringing-SoundBible_uid-xjtewi,0,0.0,0
PC float32,noise_snr20db,test,Soldiers_Marching-SoundBible_uid-0eax5q,0,3.2659695802829403e-13,0
PC float32,noise_snr20db,test,Soldiers_Marching-SoundBible_uid-4m3auc,0,2.031033625787479e-13,0
PC float32,noise_snr20db,test,Soldiers_Marching-SoundBible_uid-51ygbj,0,6.652770240082873e-14,0
PC float32,noise_snr20db,test,Soldiers_Marching-SoundBible_uid-5xkxw1,0,9.345597416061079e-15,0
PC float32,noise_snr20db,test,Soldiers_Marching-SoundBible_uid-bqrx9i,0,3.4576765821185684e-15,0
PC float32,noise_snr20db,test,Sports_Bar Patrons Loud-SoundBible_uid-0qx8ca,0,9.456875891386525e-23,0
PC float32,noise_snr20db,test,Steam_Engine-John-1826274710_uid-1hznao,0,1.0699819451389828e-16,0
PC float32,noise_snr20db,test,Steam_Engine-John-1826274710_uid-9qykmv,0,7.735386115734539e-18,0
PC float32,noise_snr20db,test,Steam_Engine-John-1826274710_uid-pe5dcl,0,2.807540954896591e-18,0
PC float32,noise_snr20db,test,Swimming_Pool Ambiance-SoundBible_uid-thd1td,0,3.179950139000638e-20,0
PC float32,noise_snr20db,test,Temple_Bell Huge-SoundBible_uid-vwd9pv,0,8.895337373360235e-07,0
PC float32,noise_snr20db,test,Tornado_Siren_II-Delilah-747233690_uid-9imkus,0,1.4423978369126553e-14,0
PC float32,noise_snr20db,test,Tornado_Siren_II-Delilah-747233690_uid-k23l64,0,6.037678656670882e-30,0
PC float32,noise_snr20db,test,Tornado_Siren_II-Delilah-747233690_uid-yu5cjs,0,4.40030718473254e-30,0
PC float32,noise_snr20db,test,Tornado_Siren_SoundBible_uid-6dnh9z,0,2.142212911645436e-18,0
PC float32,noise_snr20db,test,Tornado_Siren_SoundBible_uid-g7d17q,0,1.0552877763886928e-16,0
PC float32,noise_snr20db,test,Walking-SoundBible_uid-62j3do,0,1.3060375867423435e-16,0
PC float32,noise_snr20db,test,Walking_In_Snow-SoundBible_uid-hoifci,0,7.423308829856978e-07,0
PC float32,noise_snr20db,test,Walking_On_Gravel-SoundBible_uid-7duozg,0,6.052064804862312e-07,0
PC float32,noise_snr20db,test,Walking_On_Gravel-SoundBible_uid-fi611q,0,1.5369196262327023e-05,0
PC float32,noise_snr20db,test,Walking_On_Gravel-SoundBible_uid-jhzvu7,0,2.3159984805524654e-21,0
PC float32,noise_snr20db,test,Winston_Churchill Nazi Speech-SoundBible_uid-2unyd8,0,3.3208247263161184e-10,0
PC float32,noise_snr20db,test,Winston_Churchill Nazi Speech-SoundBible_uid-761zdn,0,2.600046844491999e-09,0
PC float32,noise_snr20db,test,Winston_Churchill Nazi Speech-SoundBible_uid-g4x51s,0,1.248704308822864e-16,0
PC float32,noise_snr20db,test,Winston_Churchill Nazi Speech-SoundBible_uid-jp39dv,0,2.0306260921643116e-06,0
PC float32,noise_snr20db,test,Winston_Churchill Nazi Speech-SoundBible_uid-rwukdv,0,7.313276367956409e-14,0
PC float32,noise_snr20db,test,Woman_Screaming 2-SoundBible_uid-c9acqz,0,3.911974945382012e-34,0
PC float32,noise_snr20db,test,church_chime-daniel_simon (1)_uid-zsrdac,0,3.609453101510161e-26,0
PC float32,noise_snr20db,test,church_chime-daniel_simon_uid-bbyw01,0,3.730596020942063e-27,0
PC float32,noise_snr20db,test,church_chime-daniel_simon_uid-sxzijw,0,7.495953274736953e-36,0
PC float32,noise_snr20db,test,doberman_pincher_daniel-simion_uid-348sts,0,8.979216235174215e-29,0
PC float32,noise_snr20db,test,doberman_pincher_daniel-simion_uid-4gutjw,0,8.706846259066056e-20,0
PC float32,noise_snr20db,test,doberman_pincher_daniel-simion_uid-db2xc6,0,4.483057473132122e-30,0
PC float32,noise_snr20db,test,doberman_pincher_daniel-simion_uid-m6nbjk,0,4.9048696848173815e-24,0
PC float32,noise_snr20db,test,german_shephard-daniel_simon (1)_uid-x57o4h,0,5.268498151263111e-26,0
PC float32,noise_snr20db,test,german_shephard-daniel_simon_uid-35by3o,0,9.556618595864585e-20,0
PC float32,noise_snr20db,test,hard_shoes_1-daniel_simon_uid-lqfqp3,0,8.09954793391132e-23,0
PC float32,noise_snr20db,test,harley_davidson-daniel_simon_uid-3gnkx0,0,1.8500298182289043e-08,0
PC float32,noise_snr20db,test,harley_davidson-daniel_simon_uid-5tbvav,0,2.796468057120194e-10,0
PC float32,noise_snr20db,test,labrador_barking-daniel_simon_uid-cpx5m6,0,1.0654335482632716e-29,0
PC float32,noise_snr20db,test,labrador_barking-daniel_simon_uid-cvf4k1,0,5.375363015577544e-33,0
PC float32,noise_snr20db,test,labrador_barking-daniel_simon_uid-j0e09a,0,9.400052541491762e-30,0
PC float32,noise_snr20db,test,labrador_barking-daniel_simon_uid-mwgdoo,0,1.8223720318391212e-24,0
PC float32,noise_snr20db,test,labrador_barking-daniel_simon_uid-p1nd4y,0,3.5049144907117292e-37,0
PC float32,noise_snr20db,test,labrador_barking-daniel_simon_uid-px7218,0,5.465032112381168e-34,0
PC float32,noise_snr20db,test,muscle_car-daniel_simon (1)_uid-hvisfn,0,6.169150607027163e-11,0
PC float32,noise_snr20db,test,muscle_car-daniel_simon_uid-jpcsdl,0,2.337686710873754e-10,0
PC float32,noise_snr20db,test,old_car-engine_daniel_simion_uid-2lzarp,0,3.4690359466624826e-24,0
PC float32,noise_snr20db,test,old_car-engine_daniel_simion_uid-5xyl64,0,1.8566588613425938e-22,0
PC float32,noise_snr20db,test,old_car-engine_daniel_simion_uid-8mfyeb,0,2.5603474643688517e-24,0
PC float32,noise_snr20db,test,old_car-engine_daniel_simion_uid-9xmt28,0,4.0039838257372916e-25,0
PC float32,noise_snr20db,test,old_fashioned-door-bell-daniel_simon_uid-1bqwmt,0,4.3428347007044665e-18,0
PC float32,noise_snr20db,test,old_fashioned-door-bell-daniel_simon_uid-8q7aiq,0,1.2225498096407466e-24,0
PC float32,noise_snr20db,test,party_crowd-daniel_simon_uid-8pwj7x,0,7.178644492702975e-24,0
PC float32,noise_snr20db,test,party_crowd-daniel_simon_uid-vroqkp,0,1.666146018169152e-23,0
PC float32,noise_snr20db,test,railroad_crossing_bell-Brylon_Terry-1551570865 (1)_uid-55is8o,0,0.0,0
PC float32,noise_snr20db,test,railroad_crossing_bell-Brylon_Terry-1551570865 (1)_uid-6mnkqh,0,0.0,0
PC float32,noise_snr20db,test,railroad_crossing_bell-Brylon_Terry-1551570865 (1)_uid-mi9sxj,0,0.0,0
PC float32,noise_snr20db,test,railroad_crossing_bell-Brylon_Terry-1551570865 (1)_uid-n15yft,0,0.0,0
PC float32,noise_snr20db,test,railroad_crossing_bell-Brylon_Terry-1551570865 (1)_uid-vxl8al,0,0.0,0
PC float32,noise_snr20db,test,railroad_crossing_bell-Brylon_Terry-1551570865 (1)_uid-waev1t,0,0.0,0
PC float32,noise_snr20db,test,railroad_crossing_bell-Brylon_Terry-1551570865 (1)_uid-zyz59r,0,0.0,0
PC float32,noise_snr20db,test,railroad_crossing_bell-Brylon_Terry-1551570865_uid-ejhzbl,0,0.0,0
PC float32,noise_snr20db,test,railroad_crossing_bell-Brylon_Terry-1551570865_uid-po2yqk,0,0.0,0
PC float32,noise_snr20db,test,tolling_bell_daniel-simion_uid-kg3lrg,0,3.0502551853640444e-18,0
PC float32,noise_snr20db,test,tolling_bell_daniel-simion_uid-witt3h,0,1.5028980127938996e-21,0
PC int8,noise_snr20db,test,0003_0397s_shot_019_ch1,1,0.99609375,1
PC int8,noise_snr20db,test,0005_0580s_shot_006_ch1,1,0.99609375,1
PC int8,noise_snr20db,test,0005_0607s_shot_150_ch1,1,0.99609375,1
PC int8,noise_snr20db,test,0005_0631s_shot_173_ch1,1,0.99609375,1
PC int8,noise_snr20db,test,0005_0632s_shot_176_ch1,1,0.99609375,1
PC int8,noise_snr20db,test,0005_0662s_shot_201_ch1,1,0.99609375,1
PC int8,noise_snr20db,test,0005_0685s_shot_220_ch1,1,0.99609375,1
PC int8,noise_snr20db,test,0005_0700s_shot_037_ch1,1,0.99609375,1
PC int8,noise_snr20db,test,0011_0226s_shot_011_ch1,1,0.6484375,1
PC int8,noise_snr20db,test,0011_0333s_shot_018_ch1,1,0.3515625,0
PC int8,noise_snr20db,test,171236__alukahn__gunshot2_uid-fcn21d,0,0.0,0
PC int8,noise_snr20db,test,371041__morganpurkis__single-gunshot-3_uid-1k053k,0,0.0,0
PC int8,noise_snr20db,test,384687__morganpurkis__single-gunshot-42_uid-u9d6r1,0,0.0,0
PC int8,noise_snr20db,test,384689__dobroide__20170318gunshotparadiso_uid-kwsehz,0,0.0,0
PC int8,noise_snr20db,test,384689__dobroide__20170318gunshotparadiso_uid-pjl13d,0,0.0,0
PC int8,noise_snr20db,test,402008__eardeer__gunshot__high_3_uid-4j4q67,0,0.0,0
PC int8,noise_snr20db,test,402791__acidsnowflake__ak47-and-various-other-gunshots-at-indoor-shooting-range_uid-6aezru,0,0.0,0
PC int8,noise_snr20db,test,402791__acidsnowflake__ak47-and-various-other-gunshots-at-indoor-shooting-range_uid-byjlki,0,0.0,0
PC int8,noise_snr20db,test,402791__acidsnowflake__ak47-and-various-other-gunshots-at-indoor-shooting-range_uid-garl1l,0,0.0,0
PC int8,noise_snr20db,test,402791__acidsnowflake__ak47-and-various-other-gunshots-at-indoor-shooting-range_uid-l3ibfo,0,0.0,0
PC int8,noise_snr20db,test,402791__acidsnowflake__ak47-and-various-other-gunshots-at-indoor-shooting-range_uid-qe3eyz,0,0.0,0
PC int8,noise_snr20db,test,405132__fstagi__gunshots_uid-xcyi0z,0,0.0,0
PC int8,noise_snr20db,test,51470__smcameron__synthetic_gunshot_2_uid-vatpwv,0,0.0,0
PC int8,noise_snr20db,test,518181__bolkmar__fx-gunshot_uid-al1o0i,0,0.0,0
PC int8,noise_snr20db,test,518181__bolkmar__fx-gunshot_uid-es96l9,0,0.0,0
PC int8,noise_snr20db,test,518181__bolkmar__fx-gunshot_uid-j3vsmz,0,0.0,0
PC int8,noise_snr20db,test,519623__nathanchurchyard__gunshots_uid-kvxx3q,0,0.0,0
PC int8,noise_snr20db,test,683312__pnmcarrierailfan__pistol-gunshot-mix-weapons_uid-tmmoay,0,0.0,0
PC int8,noise_snr20db,test,Amusement_Park Ambiance -SoundBible_uid-2t9w3e,0,0.0,0
PC int8,noise_snr20db,test,Amusement_Park Ambiance -SoundBible_uid-jwv6lq,0,0.0,0
PC int8,noise_snr20db,test,Amusement_Park Ambiance -SoundBible_uid-l24o63,0,0.0,0
PC int8,noise_snr20db,test,Background_Noise-SoundBible_uid-m7qaag,0,0.0,0
PC int8,noise_snr20db,test,Background_Noise-SoundBible_uid-mnn2bm,0,0.0,0
PC int8,noise_snr20db,test,Bi_Polar_Uncle-ScanMan-1810098860_uid-b8uks2,0,0.0,0
PC int8,noise_snr20db,test,Bi_Polar_Uncle-ScanMan-1810098860_uid-evaiic,0,0.0,0
PC int8,noise_snr20db,test,Bi_Polar_Uncle-ScanMan-1810098860_uid-l7n0jt,0,0.0,0
PC int8,noise_snr20db,test,Bi_Polar_Uncle-ScanMan-1810098860_uid-omv54z,0,0.0,0
PC int8,noise_snr20db,test,Bi_Polar_Uncle-ScanMan-1810098860_uid-p90ljg,0,0.0,0
PC int8,noise_snr20db,test,Big_door_closed-Clemens_F-941522533_uid-n02it9,0,0.0,0
PC int8,noise_snr20db,test,Cellar_Door Slam Shut-SoundBible_uid-pg4dq8,0,0.0,0
PC int8,noise_snr20db,test,Citty_Traffic Ambiance-SoundBible_uid-87yimc,0,0.0,0
PC int8,noise_snr20db,test,Citty_Traffic Ambiance-SoundBible_uid-8vk0wx,0,0.0,0
PC int8,noise_snr20db,test,Citty_Traffic Ambiance-SoundBible_uid-mxbe2e,0,0.0,0
PC int8,noise_snr20db,test,Citty_Traffic Ambiance-SoundBible_uid-q0srdn,0,0.0,0
PC int8,noise_snr20db,test,City_Ambiance-SoundBible_uid-8yrqh9,0,0.0,0
PC int8,noise_snr20db,test,City_Ambiance-SoundBible_uid-t8xlgr,0,0.0,0
PC int8,noise_snr20db,test,Classroom_Ambiance-SoundBible_uid-q49pv1,0,0.0,0
PC int8,noise_snr20db,test,Classroom_Ambiance-SoundBible_uid-qfbdk0,0,0.0,0
PC int8,noise_snr20db,test,Classroom_Ambiance-SoundBible_uid-uu3ewb,0,0.0,0
PC int8,noise_snr20db,test,Classroom_Ambiance-SoundBible_uid-xdl758,0,0.0,0
PC int8,noise_snr20db,test,Close_Vault_Or_Jail_Door-SoundBible_uid-lasl2n,0,0.0,0
PC int8,noise_snr20db,test,Dog_Barking-SoundBible_uid-3uyzqt,0,0.0,0
PC int8,noise_snr20db,test,Dog_Barking-SoundBible_uid-udwefz,0,0.0,0
PC int8,noise_snr20db,test,Dogs_Barking-SoundBible_uid-0ftva8,0,0.0,0
PC int8,noise_snr20db,test,Dogs_Barking-SoundBible_uid-itlawo,0,0.0,0
PC int8,noise_snr20db,test,Dogs_Barking-SoundBible_uid-k8qbi9,0,0.0,0
PC int8,noise_snr20db,test,End_of_Game-Mike_Koenig-617089079_uid-0scusn,0,0.0,0
PC int8,noise_snr20db,test,Engine_Inside_Car-SoundBible_uid-as3jed,0,0.0234375,0
PC int8,noise_snr20db,test,Fast_Heel_Walk-Kyanna_Johnson-1646343608_uid-8u9yx0,0,0.0,0
PC int8,noise_snr20db,test,Fast_Heel_Walk-Kyanna_Johnson-1646343608_uid-9pwmgu,0,0.0,0
PC int8,noise_snr20db,test,Female_Scream_Horror-NeoPhyTe-138499973_uid-w7fb5j,0,0.0,0
PC int8,noise_snr20db,test,Footsteps_SoundBible_uid-4v6zy1,0,0.0,0
PC int8,noise_snr20db,test,Footsteps_SoundBible_uid-dg95vk,0,0.0,0
PC int8,noise_snr20db,test,Footsteps_SoundBible_uid-hnz36f,0,0.0,0
PC int8,noise_snr20db,test,Frying_Pan_Impact-SoundBible_uid-nbylf3,0,0.0,0
PC int8,noise_snr20db,test,Indian_Bell-SoundBible_uid-t0u6xu,0,0.0,0
PC int8,noise_snr20db,test,Japanese_Temple Bell Small-SoundBible_uid-3fhudh,0,0.0,0
PC int8,noise_snr20db,test,Japanese_Temple Bell Small-SoundBible_uid-8kpqn1,0,0.0,0
PC int8,noise_snr20db,test,Large_Door_Slam-SoundBible_uid-ljg1k3,0,0.0,0
PC int8,noise_snr20db,test,Little_Girl_Talking-Mike_Koenig-782373463_uid-bstw5g,0,0.0,0
PC int8,noise_snr20db,test,Metal_Gong-Dianakc-109711828_uid-hlegwg,0,0.0,0
PC int8,noise_snr20db,test,Motorcycle_Engine-SoundBible_uid-bo8n5y,0,0.0,0
PC int8,noise_snr20db,test,Neighborhood_Dogs Barking-SoundBible_uid-6a1kho,0,0.0,0
PC int8,noise_snr20db,test,Neighborhood_Dogs Barking-SoundBible_uid-7mwktq,0,0.0,0
PC int8,noise_snr20db,test,Neighborhood_Dogs Barking-SoundBible_uid-dwmjp4,0,0.0,0
PC int8,noise_snr20db,test,Neighborhood_Dogs Barking-SoundBible_uid-kc7h7x,0,0.0,0
PC int8,noise_snr20db,test,Neighborhood_Dogs Barking-SoundBible_uid-p7gr4b,0,0.0,0
PC int8,noise_snr20db,test,Neighborhood_Dogs Barking-SoundBible_uid-rq1qkq,0,0.0,0
PC int8,noise_snr20db,test,Obama_Speech Liar-SoundBible_uid-8mnhtv,0,0.0,0
PC int8,noise_snr20db,test,Old_Door_Creaking-SoundBible_uid-e16ryq,0,0.0,0
PC int8,noise_snr20db,test,Old_Door_Creaking-SoundBible_uid-f2vs74,0,0.0,0
PC int8,noise_snr20db,test,Old_Door_Creaking-SoundBible_uid-ozrhlo,0,0.0,0
PC int8,noise_snr20db,test,Old_Door_Creaking-SoundBible_uid-q6uf3u,0,0.0,0
PC int8,noise_snr20db,test,Police Siren 3-SoundBible_uid-nytspf,0,0.0,0
PC int8,noise_snr20db,test,Police_Siren-SoundBible_uid-uyk0z0,0,0.0,0
PC int8,noise_snr20db,test,Psycho_Scream-SoundBible_uid-4qhwlo,0,0.0,0
PC int8,noise_snr20db,test,Psycho_Scream-SoundBible_uid-uococi,0,0.0,0
PC int8,noise_snr20db,test,Puppy_Dog Barking-SoundBible_uid-130qr7,0,0.0,0
PC int8,noise_snr20db,test,Puppy_Dog Barking-SoundBible_uid-zrfwba,0,0.0,0
PC int8,noise_snr20db,test,Race_Car Idle-SoundBible_uid-5il88u,0,0.0,0
PC int8,noise_snr20db,test,Race_Car Idle-SoundBible_uid-bjwy2y,0,0.0,0
PC int8,noise_snr20db,test,Race_Car Idle-SoundBible_uid-i7dn0k,0,0.0,0
PC int8,noise_snr20db,test,Restaurant Walla Track-SoundBible_uid-19b0uq,0,0.0,0
PC int8,noise_snr20db,test,Restaurant Walla Track-SoundBible_uid-e11kg8,0,0.0,0
PC int8,noise_snr20db,test,Restaurant Walla Track-SoundBible_uid-fk59q6,0,0.0,0
PC int8,noise_snr20db,test,School_Fire_Alarm-Cullen_Card-202875844_uid-rfkm7v,0,0.0,0
PC int8,noise_snr20db,test,Shift_Gears-SoundBible_uid-cvmuj8,0,0.0,0
PC int8,noise_snr20db,test,Ship_Bell-Mike_Koenig-1911209136_uid-e2z0y7,0,0.0,0
PC int8,noise_snr20db,test,Ship_Brass_Bell-Mike_Koenig-1458750630_uid-oksrz0,0,0.0,0
PC int8,noise_snr20db,test,Shopping_Mall Ambiance-SoundBible_uid-fa5yaq,0,0.0,0
PC int8,noise_snr20db,test,Sleigh_Bells_Ringing-SoundBible_uid-i52bxo,0,0.0,0
PC int8,noise_snr20db,test,Sleigh_Bells_Ringing-SoundBible_uid-xjtewi,0,0.0,0
PC int8,noise_snr20db,test,Soldiers_Marching-SoundBible_uid-0eax5q,0,0.0,0
PC int8,noise_snr20db,test,Soldiers_Marching-SoundBible_uid-4m3auc,0,0.0,0
PC int8,noise_snr20db,test,Soldiers_Marching-SoundBible_uid-51ygbj,0,0.0,0
PC int8,noise_snr20db,test,Soldiers_Marching-SoundBible_uid-5xkxw1,0,0.0,0
PC int8,noise_snr20db,test,Soldiers_Marching-SoundBible_uid-bqrx9i,0,0.0,0
PC int8,noise_snr20db,test,Sports_Bar Patrons Loud-SoundBible_uid-0qx8ca,0,0.0,0
PC int8,noise_snr20db,test,Steam_Engine-John-1826274710_uid-1hznao,0,0.0,0
PC int8,noise_snr20db,test,Steam_Engine-John-1826274710_uid-9qykmv,0,0.0,0
PC int8,noise_snr20db,test,Steam_Engine-John-1826274710_uid-pe5dcl,0,0.0,0
PC int8,noise_snr20db,test,Swimming_Pool Ambiance-SoundBible_uid-thd1td,0,0.0,0
PC int8,noise_snr20db,test,Temple_Bell Huge-SoundBible_uid-vwd9pv,0,0.0,0
PC int8,noise_snr20db,test,Tornado_Siren_II-Delilah-747233690_uid-9imkus,0,0.0,0
PC int8,noise_snr20db,test,Tornado_Siren_II-Delilah-747233690_uid-k23l64,0,0.0,0
PC int8,noise_snr20db,test,Tornado_Siren_II-Delilah-747233690_uid-yu5cjs,0,0.0,0
PC int8,noise_snr20db,test,Tornado_Siren_SoundBible_uid-6dnh9z,0,0.0,0
PC int8,noise_snr20db,test,Tornado_Siren_SoundBible_uid-g7d17q,0,0.0,0
PC int8,noise_snr20db,test,Walking-SoundBible_uid-62j3do,0,0.0,0
PC int8,noise_snr20db,test,Walking_In_Snow-SoundBible_uid-hoifci,0,0.0,0
PC int8,noise_snr20db,test,Walking_On_Gravel-SoundBible_uid-7duozg,0,0.0,0
PC int8,noise_snr20db,test,Walking_On_Gravel-SoundBible_uid-fi611q,0,0.0,0
PC int8,noise_snr20db,test,Walking_On_Gravel-SoundBible_uid-jhzvu7,0,0.0,0
PC int8,noise_snr20db,test,Winston_Churchill Nazi Speech-SoundBible_uid-2unyd8,0,0.0,0
PC int8,noise_snr20db,test,Winston_Churchill Nazi Speech-SoundBible_uid-761zdn,0,0.0,0
PC int8,noise_snr20db,test,Winston_Churchill Nazi Speech-SoundBible_uid-g4x51s,0,0.0,0
PC int8,noise_snr20db,test,Winston_Churchill Nazi Speech-SoundBible_uid-jp39dv,0,0.0,0
PC int8,noise_snr20db,test,Winston_Churchill Nazi Speech-SoundBible_uid-rwukdv,0,0.0,0
PC int8,noise_snr20db,test,Woman_Screaming 2-SoundBible_uid-c9acqz,0,0.0,0
PC int8,noise_snr20db,test,church_chime-daniel_simon (1)_uid-zsrdac,0,0.0,0
PC int8,noise_snr20db,test,church_chime-daniel_simon_uid-bbyw01,0,0.0,0
PC int8,noise_snr20db,test,church_chime-daniel_simon_uid-sxzijw,0,0.0,0
PC int8,noise_snr20db,test,doberman_pincher_daniel-simion_uid-348sts,0,0.0,0
PC int8,noise_snr20db,test,doberman_pincher_daniel-simion_uid-4gutjw,0,0.0,0
PC int8,noise_snr20db,test,doberman_pincher_daniel-simion_uid-db2xc6,0,0.0,0
PC int8,noise_snr20db,test,doberman_pincher_daniel-simion_uid-m6nbjk,0,0.0,0
PC int8,noise_snr20db,test,german_shephard-daniel_simon (1)_uid-x57o4h,0,0.0,0
PC int8,noise_snr20db,test,german_shephard-daniel_simon_uid-35by3o,0,0.0,0
PC int8,noise_snr20db,test,hard_shoes_1-daniel_simon_uid-lqfqp3,0,0.0,0
PC int8,noise_snr20db,test,harley_davidson-daniel_simon_uid-3gnkx0,0,0.0,0
PC int8,noise_snr20db,test,harley_davidson-daniel_simon_uid-5tbvav,0,0.0,0
PC int8,noise_snr20db,test,labrador_barking-daniel_simon_uid-cpx5m6,0,0.0,0
PC int8,noise_snr20db,test,labrador_barking-daniel_simon_uid-cvf4k1,0,0.0,0
PC int8,noise_snr20db,test,labrador_barking-daniel_simon_uid-j0e09a,0,0.0,0
PC int8,noise_snr20db,test,labrador_barking-daniel_simon_uid-mwgdoo,0,0.0,0
PC int8,noise_snr20db,test,labrador_barking-daniel_simon_uid-p1nd4y,0,0.0,0
PC int8,noise_snr20db,test,labrador_barking-daniel_simon_uid-px7218,0,0.0,0
PC int8,noise_snr20db,test,muscle_car-daniel_simon (1)_uid-hvisfn,0,0.0,0
PC int8,noise_snr20db,test,muscle_car-daniel_simon_uid-jpcsdl,0,0.0,0
PC int8,noise_snr20db,test,old_car-engine_daniel_simion_uid-2lzarp,0,0.0,0
PC int8,noise_snr20db,test,old_car-engine_daniel_simion_uid-5xyl64,0,0.0,0
PC int8,noise_snr20db,test,old_car-engine_daniel_simion_uid-8mfyeb,0,0.0,0
PC int8,noise_snr20db,test,old_car-engine_daniel_simion_uid-9xmt28,0,0.0,0
PC int8,noise_snr20db,test,old_fashioned-door-bell-daniel_simon_uid-1bqwmt,0,0.0,0
PC int8,noise_snr20db,test,old_fashioned-door-bell-daniel_simon_uid-8q7aiq,0,0.0,0
PC int8,noise_snr20db,test,party_crowd-daniel_simon_uid-8pwj7x,0,0.0,0
PC int8,noise_snr20db,test,party_crowd-daniel_simon_uid-vroqkp,0,0.0,0
PC int8,noise_snr20db,test,railroad_crossing_bell-Brylon_Terry-1551570865 (1)_uid-55is8o,0,0.0,0
PC int8,noise_snr20db,test,railroad_crossing_bell-Brylon_Terry-1551570865 (1)_uid-6mnkqh,0,0.0,0
PC int8,noise_snr20db,test,railroad_crossing_bell-Brylon_Terry-1551570865 (1)_uid-mi9sxj,0,0.0,0
PC int8,noise_snr20db,test,railroad_crossing_bell-Brylon_Terry-1551570865 (1)_uid-n15yft,0,0.0,0
PC int8,noise_snr20db,test,railroad_crossing_bell-Brylon_Terry-1551570865 (1)_uid-vxl8al,0,0.0,0
PC int8,noise_snr20db,test,railroad_crossing_bell-Brylon_Terry-1551570865 (1)_uid-waev1t,0,0.0,0
PC int8,noise_snr20db,test,railroad_crossing_bell-Brylon_Terry-1551570865 (1)_uid-zyz59r,0,0.0,0
PC int8,noise_snr20db,test,railroad_crossing_bell-Brylon_Terry-1551570865_uid-ejhzbl,0,0.0,0
PC int8,noise_snr20db,test,railroad_crossing_bell-Brylon_Terry-1551570865_uid-po2yqk,0,0.0,0
PC int8,noise_snr20db,test,tolling_bell_daniel-simion_uid-kg3lrg,0,0.0,0
PC int8,noise_snr20db,test,tolling_bell_daniel-simion_uid-witt3h,0,0.0,0
PC float32,noise_snr10db,test,0003_0397s_shot_019_ch1,1,0.9999999403953552,1
PC float32,noise_snr10db,test,0005_0580s_shot_006_ch1,1,1.0,1
PC float32,noise_snr10db,test,0005_0607s_shot_150_ch1,1,0.9986486434936523,1
PC float32,noise_snr10db,test,0005_0631s_shot_173_ch1,1,0.9999998807907104,1
PC float32,noise_snr10db,test,0005_0632s_shot_176_ch1,1,0.9990726709365845,1
PC float32,noise_snr10db,test,0005_0662s_shot_201_ch1,1,1.0,1
PC float32,noise_snr10db,test,0005_0685s_shot_220_ch1,1,1.0,1
PC float32,noise_snr10db,test,0005_0700s_shot_037_ch1,1,0.9999998807907104,1
PC float32,noise_snr10db,test,0011_0226s_shot_011_ch1,1,0.041082147508859634,0
PC float32,noise_snr10db,test,0011_0333s_shot_018_ch1,1,0.4360704720020294,0
PC float32,noise_snr10db,test,171236__alukahn__gunshot2_uid-fcn21d,0,1.2698182505488376e-09,0
PC float32,noise_snr10db,test,371041__morganpurkis__single-gunshot-3_uid-1k053k,0,2.8106938998462283e-09,0
PC float32,noise_snr10db,test,384687__morganpurkis__single-gunshot-42_uid-u9d6r1,0,2.680900640372741e-11,0
PC float32,noise_snr10db,test,384689__dobroide__20170318gunshotparadiso_uid-kwsehz,0,1.2898403067419528e-19,0
PC float32,noise_snr10db,test,384689__dobroide__20170318gunshotparadiso_uid-pjl13d,0,2.9567152762602356e-13,0
PC float32,noise_snr10db,test,402008__eardeer__gunshot__high_3_uid-4j4q67,0,2.0499482762225976e-17,0
PC float32,noise_snr10db,test,402791__acidsnowflake__ak47-and-various-other-gunshots-at-indoor-shooting-range_uid-6aezru,0,3.1872752756891923e-19,0
PC float32,noise_snr10db,test,402791__acidsnowflake__ak47-and-various-other-gunshots-at-indoor-shooting-range_uid-byjlki,0,1.4191931565717702e-18,0
PC float32,noise_snr10db,test,402791__acidsnowflake__ak47-and-various-other-gunshots-at-indoor-shooting-range_uid-garl1l,0,2.7623370853842166e-19,0
PC float32,noise_snr10db,test,402791__acidsnowflake__ak47-and-various-other-gunshots-at-indoor-shooting-range_uid-l3ibfo,0,3.748515720553817e-26,0
PC float32,noise_snr10db,test,402791__acidsnowflake__ak47-and-various-other-gunshots-at-indoor-shooting-range_uid-qe3eyz,0,1.3394104903151603e-21,0
PC float32,noise_snr10db,test,405132__fstagi__gunshots_uid-xcyi0z,0,2.8468804462271347e-13,0
PC float32,noise_snr10db,test,51470__smcameron__synthetic_gunshot_2_uid-vatpwv,0,1.75401203250658e-06,0
PC float32,noise_snr10db,test,518181__bolkmar__fx-gunshot_uid-al1o0i,0,6.49749785225362e-13,0
PC float32,noise_snr10db,test,518181__bolkmar__fx-gunshot_uid-es96l9,0,3.194809323758818e-05,0
PC float32,noise_snr10db,test,518181__bolkmar__fx-gunshot_uid-j3vsmz,0,1.0137891394423892e-11,0
PC float32,noise_snr10db,test,519623__nathanchurchyard__gunshots_uid-kvxx3q,0,1.765239865392232e-08,0
PC float32,noise_snr10db,test,683312__pnmcarrierailfan__pistol-gunshot-mix-weapons_uid-tmmoay,0,1.5482053139503904e-10,0
PC float32,noise_snr10db,test,Amusement_Park Ambiance -SoundBible_uid-2t9w3e,0,3.044851697164841e-13,0
PC float32,noise_snr10db,test,Amusement_Park Ambiance -SoundBible_uid-jwv6lq,0,8.668889911467303e-11,0
PC float32,noise_snr10db,test,Amusement_Park Ambiance -SoundBible_uid-l24o63,0,2.792349684810347e-09,0
PC float32,noise_snr10db,test,Background_Noise-SoundBible_uid-m7qaag,0,2.318902625120245e-05,0
PC float32,noise_snr10db,test,Background_Noise-SoundBible_uid-mnn2bm,0,9.426177712157369e-05,0
PC float32,noise_snr10db,test,Bi_Polar_Uncle-ScanMan-1810098860_uid-b8uks2,0,5.015783232268616e-25,0
PC float32,noise_snr10db,test,Bi_Polar_Uncle-ScanMan-1810098860_uid-evaiic,0,9.729610300874738e-29,0
PC float32,noise_snr10db,test,Bi_Polar_Uncle-ScanMan-1810098860_uid-l7n0jt,0,6.312527503075345e-32,0
PC float32,noise_snr10db,test,Bi_Polar_Uncle-ScanMan-1810098860_uid-omv54z,0,6.820989848025355e-25,0
PC float32,noise_snr10db,test,Bi_Polar_Uncle-ScanMan-1810098860_uid-p90ljg,0,7.306315418270405e-30,0
PC float32,noise_snr10db,test,Big_door_closed-Clemens_F-941522533_uid-n02it9,0,4.6308859560834e-17,0
PC float32,noise_snr10db,test,Cellar_Door Slam Shut-SoundBible_uid-pg4dq8,0,1.0429436177530893e-12,0
PC float32,noise_snr10db,test,Citty_Traffic Ambiance-SoundBible_uid-87yimc,0,1.996565976868141e-16,0
PC float32,noise_snr10db,test,Citty_Traffic Ambiance-SoundBible_uid-8vk0wx,0,3.0022321809265127e-18,0
PC float32,noise_snr10db,test,Citty_Traffic Ambiance-SoundBible_uid-mxbe2e,0,7.226257895016908e-13,0
PC float32,noise_snr10db,test,Citty_Traffic Ambiance-SoundBible_uid-q0srdn,0,1.1254240811844896e-12,0
PC float32,noise_snr10db,test,City_Ambiance-SoundBible_uid-8yrqh9,0,3.913054195775181e-24,0
PC float32,noise_snr10db,test,City_Ambiance-SoundBible_uid-t8xlgr,0,6.640300584617105e-32,0
PC float32,noise_snr10db,test,Classroom_Ambiance-SoundBible_uid-q49pv1,0,0.00017604009190108627,0
PC float32,noise_snr10db,test,Classroom_Ambiance-SoundBible_uid-qfbdk0,0,0.0003952206461690366,0
PC float32,noise_snr10db,test,Classroom_Ambiance-SoundBible_uid-uu3ewb,0,2.9957214792375453e-05,0
PC float32,noise_snr10db,test,Classroom_Ambiance-SoundBible_uid-xdl758,0,0.00024784839479252696,0
PC float32,noise_snr10db,test,Close_Vault_Or_Jail_Door-SoundBible_uid-lasl2n,0,0.0001006153179332614,0
PC float32,noise_snr10db,test,Dog_Barking-SoundBible_uid-3uyzqt,0,8.78184315772479e-25,0
PC float32,noise_snr10db,test,Dog_Barking-SoundBible_uid-udwefz,0,1.1212792485911269e-25,0
PC float32,noise_snr10db,test,Dogs_Barking-SoundBible_uid-0ftva8,0,9.709070258017848e-29,0
PC float32,noise_snr10db,test,Dogs_Barking-SoundBible_uid-itlawo,0,1.7294013948619592e-30,0
PC float32,noise_snr10db,test,Dogs_Barking-SoundBible_uid-k8qbi9,0,6.920731754952097e-29,0
PC float32,noise_snr10db,test,End_of_Game-Mike_Koenig-617089079_uid-0scusn,0,5.149291704531817e-22,0
PC float32,noise_snr10db,test,Engine_Inside_Car-SoundBible_uid-as3jed,0,0.008625514805316925,0
PC float32,noise_snr10db,test,Fast_Heel_Walk-Kyanna_Johnson-1646343608_uid-8u9yx0,0,3.814315193105625e-21,0
PC float32,noise_snr10db,test,Fast_Heel_Walk-Kyanna_Johnson-1646343608_uid-9pwmgu,0,2.998766575991518e-24,0
PC float32,noise_snr10db,test,Female_Scream_Horror-NeoPhyTe-138499973_uid-w7fb5j,0,3.927533513103007e-30,0
PC float32,noise_snr10db,test,Footsteps_SoundBible_uid-4v6zy1,0,8.143127421282245e-14,0
PC float32,noise_snr10db,test,Footsteps_SoundBible_uid-dg95vk,0,4.9732761948260445e-18,0
PC float32,noise_snr10db,test,Footsteps_SoundBible_uid-hnz36f,0,2.692245061552967e-06,0
PC float32,noise_snr10db,test,Frying_Pan_Impact-SoundBible_uid-nbylf3,0,6.359784627206038e-23,0
PC float32,noise_snr10db,test,Indian_Bell-SoundBible_uid-t0u6xu,0,1.3544151637709812e-26,0
PC float32,noise_snr10db,test,Japanese_Temple Bell Small-SoundBible_uid-3fhudh,0,6.229579294340926e-28,0
PC float32,noise_snr10db,test,Japanese_Temple Bell Small-SoundBible_uid-8kpqn1,0,7.291953336617962e-21,0
PC float32,noise_snr10db,test,Large_Door_Slam-SoundBible_uid-ljg1k3,0,0.00047519299550913274,0
PC float32,noise_snr10db,test,Little_Girl_Talking-Mike_Koenig-782373463_uid-bstw5g,0,3.860514118889635e-21,0
PC float32,noise_snr10db,test,Metal_Gong-Dianakc-109711828_uid-hlegwg,0,1.4324439689517021e-05,0
PC float32,noise_snr10db,test,Motorcycle_Engine-SoundBible_uid-bo8n5y,0,2.570049218775239e-06,0
PC float32,noise_snr10db,test,Neighborhood_Dogs Barking-SoundBible_uid-6a1kho,0,0.0,0
PC float32,noise_snr10db,test,Neighborhood_Dogs Barking-SoundBible_uid-7mwktq,0,7.704811394641422e-27,0
PC float32,noise_snr10db,test,Neighborhood_Dogs Barking-SoundBible_uid-dwmjp4,0,7.653226516638977e-27,0
PC float32,noise_snr10db,test,Neighborhood_Dogs Barking-SoundBible_uid-kc7h7x,0,1.0242077388658092e-28,0
PC float32,noise_snr10db,test,Neighborhood_Dogs Barking-SoundBible_uid-p7gr4b,0,1.2299387292355376e-27,0
PC float32,noise_snr10db,test,Neighborhood_Dogs Barking-SoundBible_uid-rq1qkq,0,3.8155885573904753e-25,0
PC float32,noise_snr10db,test,Obama_Speech Liar-SoundBible_uid-8mnhtv,0,0.0,0
PC float32,noise_snr10db,test,Old_Door_Creaking-SoundBible_uid-e16ryq,0,1.422256951967571e-12,0
PC float32,noise_snr10db,test,Old_Door_Creaking-SoundBible_uid-f2vs74,0,5.4128294728339466e-12,0
PC float32,noise_snr10db,test,Old_Door_Creaking-SoundBible_uid-ozrhlo,0,5.0529504191931807e-11,0
PC float32,noise_snr10db,test,Old_Door_Creaking-SoundBible_uid-q6uf3u,0,1.9276465840212254e-11,0
PC float32,noise_snr10db,test,Police Siren 3-SoundBible_uid-nytspf,0,6.628615711448958e-37,0
PC float32,noise_snr10db,test,Police_Siren-SoundBible_uid-uyk0z0,0,6.526009610621864e-26,0
PC float32,noise_snr10db,test,Psycho_Scream-SoundBible_uid-4qhwlo,0,0.0,0
PC float32,noise_snr10db,test,Psycho_Scream-SoundBible_uid-uococi,0,6.731026728644495e-36,0
PC float32,noise_snr10db,test,Puppy_Dog Barking-SoundBible_uid-130qr7,0,0.0,0
PC float32,noise_snr10db,test,Puppy_Dog Barking-SoundBible_uid-zrfwba,0,3.8372383847423336e-31,0
PC float32,noise_snr10db,test,Race_Car Idle-SoundBible_uid-5il88u,0,3.833682236580396e-16,0
PC float32,noise_snr10db,test,Race_Car Idle-SoundBible_uid-bjwy2y,0,2.6457182104188846e-15,0
PC float32,noise_snr10db,test,Race_Car Idle-SoundBible_uid-i7dn0k,0,3.5094084840974144e-15,0
PC float32,noise_snr10db,test,Restaurant Walla Track-SoundBible_uid-19b0uq,0,5.207641609605851e-12,0
PC float32,noise_snr10db,test,Restaurant Walla Track-SoundBible_uid-e11kg8,0,1.181100835827265e-15,0
PC float32,noise_snr10db,test,Restaurant Walla Track-SoundBible_uid-fk59q6,0,7.610856302409338e-22,0
PC float32,noise_snr10db,test,School_Fire_Alarm-Cullen_Card-202875844_uid-rfkm7v,0,0.0,0
PC float32,noise_snr10db,test,Shift_Gears-SoundBible_uid-cvmuj8,0,1.631504908077701e-21,0
PC float32,noise_snr10db,test,Ship_Bell-Mike_Koenig-1911209136_uid-e2z0y7,0,8.965010730366669e-37,0
PC float32,noise_snr10db,test,Ship_Brass_Bell-Mike_Koenig-1458750630_uid-oksrz0,0,1.824160909707734e-30,0
PC float32,noise_snr10db,test,Shopping_Mall Ambiance-SoundBible_uid-fa5yaq,0,1.6259119051120763e-11,0
PC float32,noise_snr10db,test,Sleigh_Bells_Ringing-SoundBible_uid-i52bxo,0,5.012805020854895e-38,0
PC float32,noise_snr10db,test,Sleigh_Bells_Ringing-SoundBible_uid-xjtewi,0,0.0,0
PC float32,noise_snr10db,test,Soldiers_Marching-SoundBible_uid-0eax5q,0,8.478635545386415e-13,0
PC float32,noise_snr10db,test,Soldiers_Marching-SoundBible_uid-4m3auc,0,4.729081709564653e-13,0
PC float32,noise_snr10db,test,Soldiers_Marching-SoundBible_uid-51ygbj,0,2.607709512734979e-13,0
PC float32,noise_snr10db,test,Soldiers_Marching-SoundBible_uid-5xkxw1,0,5.14230229443002e-15,0
PC float32,noise_snr10db,test,Soldiers_Marching-SoundBible_uid-bqrx9i,0,9.02443089806598e-16,0
PC float32,noise_snr10db,test,Sports_Bar Patrons Loud-SoundBible_uid-0qx8ca,0,3.2886299657409052e-24,0
PC float32,noise_snr10db,test,Steam_Engine-John-1826274710_uid-1hznao,0,1.0204937540280747e-15,0
PC float32,noise_snr10db,test,Steam_Engine-John-1826274710_uid-9qykmv,0,3.943156745150482e-17,0
PC float32,noise_snr10db,test,Steam_Engine-John-1826274710_uid-pe5dcl,0,2.0589610707408528e-17,0
PC float32,noise_snr10db,test,Swimming_Pool Ambiance-SoundBible_uid-thd1td,0,1.2956355341134993e-18,0
PC float32,noise_snr10db,test,Temple_Bell Huge-SoundBible_uid-vwd9pv,0,1.2144737659980365e-08,0
PC float32,noise_snr10db,test,Tornado_Siren_II-Delilah-747233690_uid-9imkus,0,1.661445829005681e-12,0
PC float32,noise_snr10db,test,Tornado_Siren_II-Delilah-747233690_uid-k23l64,0,5.210451797556546e-28,0
PC float32,noise_snr10db,test,Tornado_Siren_II-Delilah-747233690_uid-yu5cjs,0,1.1193832094405884e-30,0
PC float32,noise_snr10db,test,Tornado_Siren_SoundBible_uid-6dnh9z,0,1.1417080168243747e-17,0
PC float32,noise_snr10db,test,Tornado_Siren_SoundBible_uid-g7d17q,0,9.95615655213387e-15,0
PC float32,noise_snr10db,test,Walking-SoundBible_uid-62j3do,0,1.650627530344338e-16,0
PC float32,noise_snr10db,test,Walking_In_Snow-SoundBible_uid-hoifci,0,1.5071024961343937e-07,0
PC float32,noise_snr10db,test,Walking_On_Gravel-SoundBible_uid-7duozg,0,2.7509483970789006e-06,0
PC float32,noise_snr10db,test,Walking_On_Gravel-SoundBible_uid-fi611q,0,2.4760158339631744e-05,0
PC float32,noise_snr10db,test,Walking_On_Gravel-SoundBible_uid-jhzvu7,0,4.644269364870763e-21,0
PC float32,noise_snr10db,test,Winston_Churchill Nazi Speech-SoundBible_uid-2unyd8,0,2.474287441600609e-07,0
PC float32,noise_snr10db,test,Winston_Churchill Nazi Speech-SoundBible_uid-761zdn,0,5.304411274664744e-07,0
PC float32,noise_snr10db,test,Winston_Churchill Nazi Speech-SoundBible_uid-g4x51s,0,1.070749568747432e-16,0
PC float32,noise_snr10db,test,Winston_Churchill Nazi Speech-SoundBible_uid-jp39dv,0,1.583033935048661e-07,0
PC float32,noise_snr10db,test,Winston_Churchill Nazi Speech-SoundBible_uid-rwukdv,0,1.1763501631123496e-11,0
PC float32,noise_snr10db,test,Woman_Screaming 2-SoundBible_uid-c9acqz,0,8.287971693976314e-34,0
PC float32,noise_snr10db,test,church_chime-daniel_simon (1)_uid-zsrdac,0,6.104021880009273e-24,0
PC float32,noise_snr10db,test,church_chime-daniel_simon_uid-bbyw01,0,3.639243722927683e-28,0
PC float32,noise_snr10db,test,church_chime-daniel_simon_uid-sxzijw,0,9.628718142663153e-33,0
PC float32,noise_snr10db,test,doberman_pincher_daniel-simion_uid-348sts,0,3.598529383347405e-30,0
PC float32,noise_snr10db,test,doberman_pincher_daniel-simion_uid-4gutjw,0,8.266440204896645e-18,0
PC float32,noise_snr10db,test,doberman_pincher_daniel-simion_uid-db2xc6,0,8.576703761996834e-27,0
PC float32,noise_snr10db,test,doberman_pincher_daniel-simion_uid-m6nbjk,0,1.1442958302065554e-21,0
PC float32,noise_snr10db,test,german_shephard-daniel_simon (1)_uid-x57o4h,0,6.232374755770706e-23,0
PC float32,noise_snr10db,test,german_shephard-daniel_simon_uid-35by3o,0,1.3887524964395125e-18,0
PC float32,noise_snr10db,test,hard_shoes_1-daniel_simon_uid-lqfqp3,0,1.9376540412932163e-19,0
PC float32,noise_snr10db,test,harley_davidson-daniel_simon_uid-3gnkx0,0,5.084004328637093e-10,0
PC float32,noise_snr10db,test,harley_davidson-daniel_simon_uid-5tbvav,0,6.553999704062008e-11,0
PC float32,noise_snr10db,test,labrador_barking-daniel_simon_uid-cpx5m6,0,1.562910325834092e-28,0
PC float32,noise_snr10db,test,labrador_barking-daniel_simon_uid-cvf4k1,0,5.3607297037046516e-30,0
PC float32,noise_snr10db,test,labrador_barking-daniel_simon_uid-j0e09a,0,1.2826686034048004e-24,0
PC float32,noise_snr10db,test,labrador_barking-daniel_simon_uid-mwgdoo,0,9.964974763334392e-22,0
PC float32,noise_snr10db,test,labrador_barking-daniel_simon_uid-p1nd4y,0,4.332408407875354e-34,0
PC float32,noise_snr10db,test,labrador_barking-daniel_simon_uid-px7218,0,1.409172189375923e-30,0
PC float32,noise_snr10db,test,muscle_car-daniel_simon (1)_uid-hvisfn,0,7.623553871516364e-11,0
PC float32,noise_snr10db,test,muscle_car-daniel_simon_uid-jpcsdl,0,4.0386538557868334e-09,0
PC float32,noise_snr10db,test,old_car-engine_daniel_simion_uid-2lzarp,0,1.1172498161125871e-23,0
PC float32,noise_snr10db,test,old_car-engine_daniel_simion_uid-5xyl64,0,2.2410438645227067e-23,0
PC float32,noise_snr10db,test,old_car-engine_daniel_simion_uid-8mfyeb,0,1.655280445275864e-24,0
PC float32,noise_snr10db,test,old_car-engine_daniel_simion_uid-9xmt28,0,2.0923978377973026e-25,0
PC float32,noise_snr10db,test,old_fashioned-door-bell-daniel_simon_uid-1bqwmt,0,4.9721442161311725e-23,0
PC float32,noise_snr10db,test,old_fashioned-door-bell-daniel_simon_uid-8q7aiq,0,1.3194707725447832e-20,0
PC float32,noise_snr10db,test,party_crowd-daniel_simon_uid-8pwj7x,0,1.9921072885110002e-24,0
PC float32,noise_snr10db,test,party_crowd-daniel_simon_uid-vroqkp,0,8.015294591562276e-24,0
PC float32,noise_snr10db,test,railroad_crossing_bell-Brylon_Terry-1551570865 (1)_uid-55is8o,0,2.917570104531171e-38,0
PC float32,noise_snr10db,test,railroad_crossing_bell-Brylon_Terry-1551570865 (1)_uid-6mnkqh,0,9.773467122271811e-37,0
PC float32,noise_snr10db,test,railroad_crossing_bell-Brylon_Terry-1551570865 (1)_uid-mi9sxj,0,0.0,0
PC float32,noise_snr10db,test,railroad_crossing_bell-Brylon_Terry-1551570865 (1)_uid-n15yft,0,0.0,0
PC float32,noise_snr10db,test,railroad_crossing_bell-Brylon_Terry-1551570865 (1)_uid-vxl8al,0,8.606488361323736e-36,0
PC float32,noise_snr10db,test,railroad_crossing_bell-Brylon_Terry-1551570865 (1)_uid-waev1t,0,0.0,0
PC float32,noise_snr10db,test,railroad_crossing_bell-Brylon_Terry-1551570865 (1)_uid-zyz59r,0,3.9689403745051474e-36,0
PC float32,noise_snr10db,test,railroad_crossing_bell-Brylon_Terry-1551570865_uid-ejhzbl,0,0.0,0
PC float32,noise_snr10db,test,railroad_crossing_bell-Brylon_Terry-1551570865_uid-po2yqk,0,0.0,0
PC float32,noise_snr10db,test,tolling_bell_daniel-simion_uid-kg3lrg,0,3.660582054083915e-16,0
PC float32,noise_snr10db,test,tolling_bell_daniel-simion_uid-witt3h,0,1.8060765699852942e-21,0
PC int8,noise_snr10db,test,0003_0397s_shot_019_ch1,1,0.99609375,1
PC int8,noise_snr10db,test,0005_0580s_shot_006_ch1,1,0.99609375,1
PC int8,noise_snr10db,test,0005_0607s_shot_150_ch1,1,0.99609375,1
PC int8,noise_snr10db,test,0005_0631s_shot_173_ch1,1,0.99609375,1
PC int8,noise_snr10db,test,0005_0632s_shot_176_ch1,1,0.99609375,1
PC int8,noise_snr10db,test,0005_0662s_shot_201_ch1,1,0.99609375,1
PC int8,noise_snr10db,test,0005_0685s_shot_220_ch1,1,0.99609375,1
PC int8,noise_snr10db,test,0005_0700s_shot_037_ch1,1,0.99609375,1
PC int8,noise_snr10db,test,0011_0226s_shot_011_ch1,1,0.0234375,0
PC int8,noise_snr10db,test,0011_0333s_shot_018_ch1,1,0.5,1
PC int8,noise_snr10db,test,171236__alukahn__gunshot2_uid-fcn21d,0,0.0,0
PC int8,noise_snr10db,test,371041__morganpurkis__single-gunshot-3_uid-1k053k,0,0.0,0
PC int8,noise_snr10db,test,384687__morganpurkis__single-gunshot-42_uid-u9d6r1,0,0.0,0
PC int8,noise_snr10db,test,384689__dobroide__20170318gunshotparadiso_uid-kwsehz,0,0.0,0
PC int8,noise_snr10db,test,384689__dobroide__20170318gunshotparadiso_uid-pjl13d,0,0.0,0
PC int8,noise_snr10db,test,402008__eardeer__gunshot__high_3_uid-4j4q67,0,0.0,0
PC int8,noise_snr10db,test,402791__acidsnowflake__ak47-and-various-other-gunshots-at-indoor-shooting-range_uid-6aezru,0,0.0,0
PC int8,noise_snr10db,test,402791__acidsnowflake__ak47-and-various-other-gunshots-at-indoor-shooting-range_uid-byjlki,0,0.0,0
PC int8,noise_snr10db,test,402791__acidsnowflake__ak47-and-various-other-gunshots-at-indoor-shooting-range_uid-garl1l,0,0.0,0
PC int8,noise_snr10db,test,402791__acidsnowflake__ak47-and-various-other-gunshots-at-indoor-shooting-range_uid-l3ibfo,0,0.0,0
PC int8,noise_snr10db,test,402791__acidsnowflake__ak47-and-various-other-gunshots-at-indoor-shooting-range_uid-qe3eyz,0,0.0,0
PC int8,noise_snr10db,test,405132__fstagi__gunshots_uid-xcyi0z,0,0.0,0
PC int8,noise_snr10db,test,51470__smcameron__synthetic_gunshot_2_uid-vatpwv,0,0.0,0
PC int8,noise_snr10db,test,518181__bolkmar__fx-gunshot_uid-al1o0i,0,0.0,0
PC int8,noise_snr10db,test,518181__bolkmar__fx-gunshot_uid-es96l9,0,0.0,0
PC int8,noise_snr10db,test,518181__bolkmar__fx-gunshot_uid-j3vsmz,0,0.0,0
PC int8,noise_snr10db,test,519623__nathanchurchyard__gunshots_uid-kvxx3q,0,0.0,0
PC int8,noise_snr10db,test,683312__pnmcarrierailfan__pistol-gunshot-mix-weapons_uid-tmmoay,0,0.0,0
PC int8,noise_snr10db,test,Amusement_Park Ambiance -SoundBible_uid-2t9w3e,0,0.0,0
PC int8,noise_snr10db,test,Amusement_Park Ambiance -SoundBible_uid-jwv6lq,0,0.0,0
PC int8,noise_snr10db,test,Amusement_Park Ambiance -SoundBible_uid-l24o63,0,0.0,0
PC int8,noise_snr10db,test,Background_Noise-SoundBible_uid-m7qaag,0,0.0,0
PC int8,noise_snr10db,test,Background_Noise-SoundBible_uid-mnn2bm,0,0.0,0
PC int8,noise_snr10db,test,Bi_Polar_Uncle-ScanMan-1810098860_uid-b8uks2,0,0.0,0
PC int8,noise_snr10db,test,Bi_Polar_Uncle-ScanMan-1810098860_uid-evaiic,0,0.0,0
PC int8,noise_snr10db,test,Bi_Polar_Uncle-ScanMan-1810098860_uid-l7n0jt,0,0.0,0
PC int8,noise_snr10db,test,Bi_Polar_Uncle-ScanMan-1810098860_uid-omv54z,0,0.0,0
PC int8,noise_snr10db,test,Bi_Polar_Uncle-ScanMan-1810098860_uid-p90ljg,0,0.0,0
PC int8,noise_snr10db,test,Big_door_closed-Clemens_F-941522533_uid-n02it9,0,0.0,0
PC int8,noise_snr10db,test,Cellar_Door Slam Shut-SoundBible_uid-pg4dq8,0,0.0,0
PC int8,noise_snr10db,test,Citty_Traffic Ambiance-SoundBible_uid-87yimc,0,0.0,0
PC int8,noise_snr10db,test,Citty_Traffic Ambiance-SoundBible_uid-8vk0wx,0,0.0,0
PC int8,noise_snr10db,test,Citty_Traffic Ambiance-SoundBible_uid-mxbe2e,0,0.0,0
PC int8,noise_snr10db,test,Citty_Traffic Ambiance-SoundBible_uid-q0srdn,0,0.0,0
PC int8,noise_snr10db,test,City_Ambiance-SoundBible_uid-8yrqh9,0,0.0,0
PC int8,noise_snr10db,test,City_Ambiance-SoundBible_uid-t8xlgr,0,0.0,0
PC int8,noise_snr10db,test,Classroom_Ambiance-SoundBible_uid-q49pv1,0,0.0,0
PC int8,noise_snr10db,test,Classroom_Ambiance-SoundBible_uid-qfbdk0,0,0.0,0
PC int8,noise_snr10db,test,Classroom_Ambiance-SoundBible_uid-uu3ewb,0,0.0,0
PC int8,noise_snr10db,test,Classroom_Ambiance-SoundBible_uid-xdl758,0,0.0,0
PC int8,noise_snr10db,test,Close_Vault_Or_Jail_Door-SoundBible_uid-lasl2n,0,0.0,0
PC int8,noise_snr10db,test,Dog_Barking-SoundBible_uid-3uyzqt,0,0.0,0
PC int8,noise_snr10db,test,Dog_Barking-SoundBible_uid-udwefz,0,0.0,0
PC int8,noise_snr10db,test,Dogs_Barking-SoundBible_uid-0ftva8,0,0.0,0
PC int8,noise_snr10db,test,Dogs_Barking-SoundBible_uid-itlawo,0,0.0,0
PC int8,noise_snr10db,test,Dogs_Barking-SoundBible_uid-k8qbi9,0,0.0,0
PC int8,noise_snr10db,test,End_of_Game-Mike_Koenig-617089079_uid-0scusn,0,0.0,0
PC int8,noise_snr10db,test,Engine_Inside_Car-SoundBible_uid-as3jed,0,0.01171875,0
PC int8,noise_snr10db,test,Fast_Heel_Walk-Kyanna_Johnson-1646343608_uid-8u9yx0,0,0.0,0
PC int8,noise_snr10db,test,Fast_Heel_Walk-Kyanna_Johnson-1646343608_uid-9pwmgu,0,0.0,0
PC int8,noise_snr10db,test,Female_Scream_Horror-NeoPhyTe-138499973_uid-w7fb5j,0,0.0,0
PC int8,noise_snr10db,test,Footsteps_SoundBible_uid-4v6zy1,0,0.0,0
PC int8,noise_snr10db,test,Footsteps_SoundBible_uid-dg95vk,0,0.0,0
PC int8,noise_snr10db,test,Footsteps_SoundBible_uid-hnz36f,0,0.0,0
PC int8,noise_snr10db,test,Frying_Pan_Impact-SoundBible_uid-nbylf3,0,0.0,0
PC int8,noise_snr10db,test,Indian_Bell-SoundBible_uid-t0u6xu,0,0.0,0
PC int8,noise_snr10db,test,Japanese_Temple Bell Small-SoundBible_uid-3fhudh,0,0.0,0
PC int8,noise_snr10db,test,Japanese_Temple Bell Small-SoundBible_uid-8kpqn1,0,0.0,0
PC int8,noise_snr10db,test,Large_Door_Slam-SoundBible_uid-ljg1k3,0,0.0,0
PC int8,noise_snr10db,test,Little_Girl_Talking-Mike_Koenig-782373463_uid-bstw5g,0,0.0,0
PC int8,noise_snr10db,test,Metal_Gong-Dianakc-109711828_uid-hlegwg,0,0.0,0
PC int8,noise_snr10db,test,Motorcycle_Engine-SoundBible_uid-bo8n5y,0,0.0,0
PC int8,noise_snr10db,test,Neighborhood_Dogs Barking-SoundBible_uid-6a1kho,0,0.0,0
PC int8,noise_snr10db,test,Neighborhood_Dogs Barking-SoundBible_uid-7mwktq,0,0.0,0
PC int8,noise_snr10db,test,Neighborhood_Dogs Barking-SoundBible_uid-dwmjp4,0,0.0,0
PC int8,noise_snr10db,test,Neighborhood_Dogs Barking-SoundBible_uid-kc7h7x,0,0.0,0
PC int8,noise_snr10db,test,Neighborhood_Dogs Barking-SoundBible_uid-p7gr4b,0,0.0,0
PC int8,noise_snr10db,test,Neighborhood_Dogs Barking-SoundBible_uid-rq1qkq,0,0.0,0
PC int8,noise_snr10db,test,Obama_Speech Liar-SoundBible_uid-8mnhtv,0,0.0,0
PC int8,noise_snr10db,test,Old_Door_Creaking-SoundBible_uid-e16ryq,0,0.0,0
PC int8,noise_snr10db,test,Old_Door_Creaking-SoundBible_uid-f2vs74,0,0.0,0
PC int8,noise_snr10db,test,Old_Door_Creaking-SoundBible_uid-ozrhlo,0,0.0,0
PC int8,noise_snr10db,test,Old_Door_Creaking-SoundBible_uid-q6uf3u,0,0.0,0
PC int8,noise_snr10db,test,Police Siren 3-SoundBible_uid-nytspf,0,0.0,0
PC int8,noise_snr10db,test,Police_Siren-SoundBible_uid-uyk0z0,0,0.0,0
PC int8,noise_snr10db,test,Psycho_Scream-SoundBible_uid-4qhwlo,0,0.0,0
PC int8,noise_snr10db,test,Psycho_Scream-SoundBible_uid-uococi,0,0.0,0
PC int8,noise_snr10db,test,Puppy_Dog Barking-SoundBible_uid-130qr7,0,0.0,0
PC int8,noise_snr10db,test,Puppy_Dog Barking-SoundBible_uid-zrfwba,0,0.0,0
PC int8,noise_snr10db,test,Race_Car Idle-SoundBible_uid-5il88u,0,0.0,0
PC int8,noise_snr10db,test,Race_Car Idle-SoundBible_uid-bjwy2y,0,0.0,0
PC int8,noise_snr10db,test,Race_Car Idle-SoundBible_uid-i7dn0k,0,0.0,0
PC int8,noise_snr10db,test,Restaurant Walla Track-SoundBible_uid-19b0uq,0,0.0,0
PC int8,noise_snr10db,test,Restaurant Walla Track-SoundBible_uid-e11kg8,0,0.0,0
PC int8,noise_snr10db,test,Restaurant Walla Track-SoundBible_uid-fk59q6,0,0.0,0
PC int8,noise_snr10db,test,School_Fire_Alarm-Cullen_Card-202875844_uid-rfkm7v,0,0.0,0
PC int8,noise_snr10db,test,Shift_Gears-SoundBible_uid-cvmuj8,0,0.0,0
PC int8,noise_snr10db,test,Ship_Bell-Mike_Koenig-1911209136_uid-e2z0y7,0,0.0,0
PC int8,noise_snr10db,test,Ship_Brass_Bell-Mike_Koenig-1458750630_uid-oksrz0,0,0.0,0
PC int8,noise_snr10db,test,Shopping_Mall Ambiance-SoundBible_uid-fa5yaq,0,0.0,0
PC int8,noise_snr10db,test,Sleigh_Bells_Ringing-SoundBible_uid-i52bxo,0,0.0,0
PC int8,noise_snr10db,test,Sleigh_Bells_Ringing-SoundBible_uid-xjtewi,0,0.0,0
PC int8,noise_snr10db,test,Soldiers_Marching-SoundBible_uid-0eax5q,0,0.0,0
PC int8,noise_snr10db,test,Soldiers_Marching-SoundBible_uid-4m3auc,0,0.0,0
PC int8,noise_snr10db,test,Soldiers_Marching-SoundBible_uid-51ygbj,0,0.0,0
PC int8,noise_snr10db,test,Soldiers_Marching-SoundBible_uid-5xkxw1,0,0.0,0
PC int8,noise_snr10db,test,Soldiers_Marching-SoundBible_uid-bqrx9i,0,0.0,0
PC int8,noise_snr10db,test,Sports_Bar Patrons Loud-SoundBible_uid-0qx8ca,0,0.0,0
PC int8,noise_snr10db,test,Steam_Engine-John-1826274710_uid-1hznao,0,0.0,0
PC int8,noise_snr10db,test,Steam_Engine-John-1826274710_uid-9qykmv,0,0.0,0
PC int8,noise_snr10db,test,Steam_Engine-John-1826274710_uid-pe5dcl,0,0.0,0
PC int8,noise_snr10db,test,Swimming_Pool Ambiance-SoundBible_uid-thd1td,0,0.0,0
PC int8,noise_snr10db,test,Temple_Bell Huge-SoundBible_uid-vwd9pv,0,0.0,0
PC int8,noise_snr10db,test,Tornado_Siren_II-Delilah-747233690_uid-9imkus,0,0.0,0
PC int8,noise_snr10db,test,Tornado_Siren_II-Delilah-747233690_uid-k23l64,0,0.0,0
PC int8,noise_snr10db,test,Tornado_Siren_II-Delilah-747233690_uid-yu5cjs,0,0.0,0
PC int8,noise_snr10db,test,Tornado_Siren_SoundBible_uid-6dnh9z,0,0.0,0
PC int8,noise_snr10db,test,Tornado_Siren_SoundBible_uid-g7d17q,0,0.0,0
PC int8,noise_snr10db,test,Walking-SoundBible_uid-62j3do,0,0.0,0
PC int8,noise_snr10db,test,Walking_In_Snow-SoundBible_uid-hoifci,0,0.0,0
PC int8,noise_snr10db,test,Walking_On_Gravel-SoundBible_uid-7duozg,0,0.0,0
PC int8,noise_snr10db,test,Walking_On_Gravel-SoundBible_uid-fi611q,0,0.0,0
PC int8,noise_snr10db,test,Walking_On_Gravel-SoundBible_uid-jhzvu7,0,0.0,0
PC int8,noise_snr10db,test,Winston_Churchill Nazi Speech-SoundBible_uid-2unyd8,0,0.0,0
PC int8,noise_snr10db,test,Winston_Churchill Nazi Speech-SoundBible_uid-761zdn,0,0.0,0
PC int8,noise_snr10db,test,Winston_Churchill Nazi Speech-SoundBible_uid-g4x51s,0,0.0,0
PC int8,noise_snr10db,test,Winston_Churchill Nazi Speech-SoundBible_uid-jp39dv,0,0.0,0
PC int8,noise_snr10db,test,Winston_Churchill Nazi Speech-SoundBible_uid-rwukdv,0,0.0,0
PC int8,noise_snr10db,test,Woman_Screaming 2-SoundBible_uid-c9acqz,0,0.0,0
PC int8,noise_snr10db,test,church_chime-daniel_simon (1)_uid-zsrdac,0,0.0,0
PC int8,noise_snr10db,test,church_chime-daniel_simon_uid-bbyw01,0,0.0,0
PC int8,noise_snr10db,test,church_chime-daniel_simon_uid-sxzijw,0,0.0,0
PC int8,noise_snr10db,test,doberman_pincher_daniel-simion_uid-348sts,0,0.0,0
PC int8,noise_snr10db,test,doberman_pincher_daniel-simion_uid-4gutjw,0,0.0,0
PC int8,noise_snr10db,test,doberman_pincher_daniel-simion_uid-db2xc6,0,0.0,0
PC int8,noise_snr10db,test,doberman_pincher_daniel-simion_uid-m6nbjk,0,0.0,0
PC int8,noise_snr10db,test,german_shephard-daniel_simon (1)_uid-x57o4h,0,0.0,0
PC int8,noise_snr10db,test,german_shephard-daniel_simon_uid-35by3o,0,0.0,0
PC int8,noise_snr10db,test,hard_shoes_1-daniel_simon_uid-lqfqp3,0,0.0,0
PC int8,noise_snr10db,test,harley_davidson-daniel_simon_uid-3gnkx0,0,0.0,0
PC int8,noise_snr10db,test,harley_davidson-daniel_simon_uid-5tbvav,0,0.0,0
PC int8,noise_snr10db,test,labrador_barking-daniel_simon_uid-cpx5m6,0,0.0,0
PC int8,noise_snr10db,test,labrador_barking-daniel_simon_uid-cvf4k1,0,0.0,0
PC int8,noise_snr10db,test,labrador_barking-daniel_simon_uid-j0e09a,0,0.0,0
PC int8,noise_snr10db,test,labrador_barking-daniel_simon_uid-mwgdoo,0,0.0,0
PC int8,noise_snr10db,test,labrador_barking-daniel_simon_uid-p1nd4y,0,0.0,0
PC int8,noise_snr10db,test,labrador_barking-daniel_simon_uid-px7218,0,0.0,0
PC int8,noise_snr10db,test,muscle_car-daniel_simon (1)_uid-hvisfn,0,0.0,0
PC int8,noise_snr10db,test,muscle_car-daniel_simon_uid-jpcsdl,0,0.0,0
PC int8,noise_snr10db,test,old_car-engine_daniel_simion_uid-2lzarp,0,0.0,0
PC int8,noise_snr10db,test,old_car-engine_daniel_simion_uid-5xyl64,0,0.0,0
PC int8,noise_snr10db,test,old_car-engine_daniel_simion_uid-8mfyeb,0,0.0,0
PC int8,noise_snr10db,test,old_car-engine_daniel_simion_uid-9xmt28,0,0.0,0
PC int8,noise_snr10db,test,old_fashioned-door-bell-daniel_simon_uid-1bqwmt,0,0.0,0
PC int8,noise_snr10db,test,old_fashioned-door-bell-daniel_simon_uid-8q7aiq,0,0.0,0
PC int8,noise_snr10db,test,party_crowd-daniel_simon_uid-8pwj7x,0,0.0,0
PC int8,noise_snr10db,test,party_crowd-daniel_simon_uid-vroqkp,0,0.0,0
PC int8,noise_snr10db,test,railroad_crossing_bell-Brylon_Terry-1551570865 (1)_uid-55is8o,0,0.0,0
PC int8,noise_snr10db,test,railroad_crossing_bell-Brylon_Terry-1551570865 (1)_uid-6mnkqh,0,0.0,0
PC int8,noise_snr10db,test,railroad_crossing_bell-Brylon_Terry-1551570865 (1)_uid-mi9sxj,0,0.0,0
PC int8,noise_snr10db,test,railroad_crossing_bell-Brylon_Terry-1551570865 (1)_uid-n15yft,0,0.0,0
PC int8,noise_snr10db,test,railroad_crossing_bell-Brylon_Terry-1551570865 (1)_uid-vxl8al,0,0.0,0
PC int8,noise_snr10db,test,railroad_crossing_bell-Brylon_Terry-1551570865 (1)_uid-waev1t,0,0.0,0
PC int8,noise_snr10db,test,railroad_crossing_bell-Brylon_Terry-1551570865 (1)_uid-zyz59r,0,0.0,0
PC int8,noise_snr10db,test,railroad_crossing_bell-Brylon_Terry-1551570865_uid-ejhzbl,0,0.0,0
PC int8,noise_snr10db,test,railroad_crossing_bell-Brylon_Terry-1551570865_uid-po2yqk,0,0.0,0
PC int8,noise_snr10db,test,tolling_bell_daniel-simion_uid-kg3lrg,0,0.0,0
PC int8,noise_snr10db,test,tolling_bell_daniel-simion_uid-witt3h,0,0.0,0
PC float32,noise_snr5db,test,0003_0397s_shot_019_ch1,1,0.9999860525131226,1
PC float32,noise_snr5db,test,0005_0580s_shot_006_ch1,1,0.9999998807907104,1
PC float32,noise_snr5db,test,0005_0607s_shot_150_ch1,1,0.9988901019096375,1
PC float32,noise_snr5db,test,0005_0631s_shot_173_ch1,1,0.999995768070221,1
PC float32,noise_snr5db,test,0005_0632s_shot_176_ch1,1,0.9999540448188782,1
PC float32,noise_snr5db,test,0005_0662s_shot_201_ch1,1,1.0,1
PC float32,noise_snr5db,test,0005_0685s_shot_220_ch1,1,1.0,1
PC float32,noise_snr5db,test,0005_0700s_shot_037_ch1,1,0.9999997615814209,1
PC float32,noise_snr5db,test,0011_0226s_shot_011_ch1,1,0.19388216733932495,0
PC float32,noise_snr5db,test,0011_0333s_shot_018_ch1,1,0.3147445619106293,0
PC float32,noise_snr5db,test,171236__alukahn__gunshot2_uid-fcn21d,0,3.246188040595399e-10,0
PC float32,noise_snr5db,test,371041__morganpurkis__single-gunshot-3_uid-1k053k,0,1.8100905496698516e-10,0
PC float32,noise_snr5db,test,384687__morganpurkis__single-gunshot-42_uid-u9d6r1,0,1.0112803039419305e-07,0
PC float32,noise_snr5db,test,384689__dobroide__20170318gunshotparadiso_uid-kwsehz,0,1.4037558725406051e-19,0
PC float32,noise_snr5db,test,384689__dobroide__20170318gunshotparadiso_uid-pjl13d,0,3.3276360182979414e-13,0
PC float32,noise_snr5db,test,402008__eardeer__gunshot__high_3_uid-4j4q67,0,7.087844118286305e-16,0
PC float32,noise_snr5db,test,402791__acidsnowflake__ak47-and-various-other-gunshots-at-indoor-shooting-range_uid-6aezru,0,2.3860477133489573e-19,0
PC float32,noise_snr5db,test,402791__acidsnowflake__ak47-and-various-other-gunshots-at-indoor-shooting-range_uid-byjlki,0,2.3469038546302645e-21,0
PC float32,noise_snr5db,test,402791__acidsnowflake__ak47-and-various-other-gunshots-at-indoor-shooting-range_uid-garl1l,0,9.264429969177299e-20,0
PC float32,noise_snr5db,test,402791__acidsnowflake__ak47-and-various-other-gunshots-at-indoor-shooting-range_uid-l3ibfo,0,6.582743993887294e-25,0
PC float32,noise_snr5db,test,402791__acidsnowflake__ak47-and-various-other-gunshots-at-indoor-shooting-range_uid-qe3eyz,0,1.2053653425675026e-23,0
PC float32,noise_snr5db,test,405132__fstagi__gunshots_uid-xcyi0z,0,9.393097410992368e-11,0
PC float32,noise_snr5db,test,51470__smcameron__synthetic_gunshot_2_uid-vatpwv,0,5.650620664710004e-07,0
PC float32,noise_snr5db,test,518181__bolkmar__fx-gunshot_uid-al1o0i,0,5.971165537932768e-14,0
PC float32,noise_snr5db,test,518181__bolkmar__fx-gunshot_uid-es96l9,0,3.9043799915816635e-05,0
PC float32,noise_snr5db,test,518181__bolkmar__fx-gunshot_uid-j3vsmz,0,1.2667827675727494e-08,0
PC float32,noise_snr5db,test,519623__nathanchurchyard__gunshots_uid-kvxx3q,0,7.368639587390646e-10,0
PC float32,noise_snr5db,test,683312__pnmcarrierailfan__pistol-gunshot-mix-weapons_uid-tmmoay,0,3.578095320033725e-10,0
PC float32,noise_snr5db,test,Amusement_Park Ambiance -SoundBible_uid-2t9w3e,0,2.22863637266979e-11,0
PC float32,noise_snr5db,test,Amusement_Park Ambiance -SoundBible_uid-jwv6lq,0,1.9742766449448723e-12,0
PC float32,noise_snr5db,test,Amusement_Park Ambiance -SoundBible_uid-l24o63,0,3.0509719750604347e-10,0
PC float32,noise_snr5db,test,Background_Noise-SoundBible_uid-m7qaag,0,5.040514952270314e-05,0
PC float32,noise_snr5db,test,Background_Noise-SoundBible_uid-mnn2bm,0,7.552110048436589e-09,0
PC float32,noise_snr5db,test,Bi_Polar_Uncle-ScanMan-1810098860_uid-b8uks2,0,4.728721347979397e-28,0
PC float32,noise_snr5db,test,Bi_Polar_Uncle-ScanMan-1810098860_uid-evaiic,0,4.334683905448168e-29,0
PC float32,noise_snr5db,test,Bi_Polar_Uncle-ScanMan-1810098860_uid-l7n0jt,0,7.197982611215008e-30,0
PC float32,noise_snr5db,test,Bi_Polar_Uncle-ScanMan-1810098860_uid-omv54z,0,6.2477879990001354e-27,0
PC float32,noise_snr5db,test,Bi_Polar_Uncle-ScanMan-1810098860_uid-p90ljg,0,5.45891714815652e-30,0
PC float32,noise_snr5db,test,Big_door_closed-Clemens_F-941522533_uid-n02it9,0,2.0969586875132725e-19,0
PC float32,noise_snr5db,test,Cellar_Door Slam Shut-SoundBible_uid-pg4dq8,0,1.0928975823290554e-12,0
PC float32,noise_snr5db,test,Citty_Traffic Ambiance-SoundBible_uid-87yimc,0,3.4774520485798778e-15,0
PC float32,noise_snr5db,test,Citty_Traffic Ambiance-SoundBible_uid-8vk0wx,0,3.458848981596687e-16,0
PC float32,noise_snr5db,test,Citty_Traffic Ambiance-SoundBible_uid-mxbe2e,0,3.0012155412782737e-13,0
PC float32,noise_snr5db,test,Citty_Traffic Ambiance-SoundBible_uid-q0srdn,0,5.205896257560452e-15,0
PC float32,noise_snr5db,test,City_Ambiance-SoundBible_uid-8yrqh9,0,1.6336651752676562e-22,0
PC float32,noise_snr5db,test,City_Ambiance-SoundBible_uid-t8xlgr,0,7.150193593678938e-32,0
PC float32,noise_snr5db,test,Classroom_Ambiance-SoundBible_uid-q49pv1,0,5.938049798714928e-05,0
PC float32,noise_snr5db,test,Classroom_Ambiance-SoundBible_uid-qfbdk0,0,0.0001860598276834935,0
PC float32,noise_snr5db,test,Classroom_Ambiance-SoundBible_uid-uu3ewb,0,1.33752946567256e-05,0
PC float32,noise_snr5db,test,Classroom_Ambiance-SoundBible_uid-xdl758,0,7.724844181211665e-05,0
PC float32,noise_snr5db,test,Close_Vault_Or_Jail_Door-SoundBible_uid-lasl2n,0,1.1117017493234016e-05,0
PC float32,noise_snr5db,test,Dog_Barking-SoundBible_uid-3uyzqt,0,4.853096017855694e-22,0
PC float32,noise_snr5db,test,Dog_Barking-SoundBible_uid-udwefz,0,1.3991700470781683e-25,0
PC float32,noise_snr5db,test,Dogs_Barking-SoundBible_uid-0ftva8,0,1.4991201797727084e-27,0
PC float32,noise_snr5db,test,Dogs_Barking-SoundBible_uid-itlawo,0,8.733997387968455e-26,0
PC float32,noise_snr5db,test,Dogs_Barking-SoundBible_uid-k8qbi9,0,4.051190749123634e-28,0
PC float32,noise_snr5db,test,End_of_Game-Mike_Koenig-617089079_uid-0scusn,0,5.218276431067864e-25,0
PC float32,noise_snr5db,test,Engine_Inside_Car-SoundBible_uid-as3jed,0,6.659860082436353e-05,0
PC float32,noise_snr5db,test,Fast_Heel_Walk-Kyanna_Johnson-1646343608_uid-8u9yx0,0,1.91061389480977e-19,0
PC float32,noise_snr5db,test,Fast_Heel_Walk-Kyanna_Johnson-1646343608_uid-9pwmgu,0,1.6390443073398316e-24,0
PC float32,noise_snr5db,test,Female_Scream_Horror-NeoPhyTe-138499973_uid-w7fb5j,0,1.2483352530225885e-35,0
PC float32,noise_snr5db,test,Footsteps_SoundBible_uid-4v6zy1,0,2.3728823336029332e-15,0
PC float32,noise_snr5db,test,Footsteps_SoundBible_uid-dg95vk,0,5.484472417516532e-20,0
PC float32,noise_snr5db,test,Footsteps_SoundBible_uid-hnz36f,0,5.189328362575907e-07,0
PC float32,noise_snr5db,test,Frying_Pan_Impact-SoundBible_uid-nbylf3,0,1.5009729397496706e-21,0
PC float32,noise_snr5db,test,Indian_Bell-SoundBible_uid-t0u6xu,0,1.9049528695073656e-26,0
PC float32,noise_snr5db,test,Japanese_Temple Bell Small-SoundBible_uid-3fhudh,0,1.8304878821358416e-25,0
PC float32,noise_snr5db,test,Japanese_Temple Bell Small-SoundBible_uid-8kpqn1,0,4.3419263952466924e-13,0
PC float32,noise_snr5db,test,Large_Door_Slam-SoundBible_uid-ljg1k3,0,0.00012609658006113023,0
PC float32,noise_snr5db,test,Little_Girl_Talking-Mike_Koenig-782373463_uid-bstw5g,0,1.6613577513715761e-19,0
PC float32,noise_snr5db,test,Metal_Gong-Dianakc-109711828_uid-hlegwg,0,6.502907581307227e-07,0
PC float32,noise_snr5db,test,Motorcycle_Engine-SoundBible_uid-bo8n5y,0,2.301987933606142e-06,0
PC float32,noise_snr5db,test,Neighborhood_Dogs Barking-SoundBible_uid-6a1kho,0,5.935470461710017e-35,0
PC float32,noise_snr5db,test,Neighborhood_Dogs Barking-SoundBible_uid-7mwktq,0,5.590399858838368e-29,0
PC float32,noise_snr5db,test,Neighborhood_Dogs Barking-SoundBible_uid-dwmjp4,0,2.4418868846373674e-26,0
PC float32,noise_snr5db,test,Neighborhood_Dogs Barking-SoundBible_uid-kc7h7x,0,2.986961666975338e-24,0
PC float32,noise_snr5db,test,Neighborhood_Dogs Barking-SoundBible_uid-p7gr4b,0,5.053765841000978e-28,0
PC float32,noise_snr5db,test,Neighborhood_Dogs Barking-SoundBible_uid-rq1qkq,0,2.5948374615471975e-26,0
PC float32,noise_snr5db,test,Obama_Speech Liar-SoundBible_uid-8mnhtv,0,2.0702200392407485e-35,0
PC float32,noise_snr5db,test,Old_Door_Creaking-SoundBible_uid-e16ryq,0,2.7415779715878053e-11,0
PC float32,noise_snr5db,test,Old_Door_Creaking-SoundBible_uid-f2vs74,0,4.082177575571305e-13,0
PC float32,noise_snr5db,test,Old_Door_Creaking-SoundBible_uid-ozrhlo,0,4.80067201269474e-12,0
PC float32,noise_snr5db,test,Old_Door_Creaking-SoundBible_uid-q6uf3u,0,1.233911247917191e-13,0
PC float32,noise_snr5db,test,Police Siren 3-SoundBible_uid-nytspf,0,1.7015160266651268e-25,0
PC float32,noise_snr5db,test,Police_Siren-SoundBible_uid-uyk0z0,0,9.415061644567581e-28,0
PC float32,noise_snr5db,test,Psycho_Scream-SoundBible_uid-4qhwlo,0,0.0,0
PC float32,noise_snr5db,test,Psycho_Scream-SoundBible_uid-uococi,0,1.278023466026503e-32,0
PC float32,noise_snr5db,test,Puppy_Dog Barking-SoundBible_uid-130qr7,0,0.0,0
PC float32,noise_snr5db,test,Puppy_Dog Barking-SoundBible_uid-zrfwba,0,1.848679276837637e-30,0
PC float32,noise_snr5db,test,Race_Car Idle-SoundBible_uid-5il88u,0,9.08390743403981e-16,0
PC float32,noise_snr5db,test,Race_Car Idle-SoundBible_uid-bjwy2y,0,3.0209617999259794e-16,0
PC float32,noise_snr5db,test,Race_Car Idle-SoundBible_uid-i7dn0k,0,3.109292513248026e-16,0
PC float32,noise_snr5db,test,Restaurant Walla Track-SoundBible_uid-19b0uq,0,2.471516643686583e-13,0
PC float32,noise_snr5db,test,Restaurant Walla Track-SoundBible_uid-e11kg8,0,8.725678804149143e-17,0
PC float32,noise_snr5db,test,Restaurant Walla Track-SoundBible_uid-fk59q6,0,8.451626143411355e-20,0
PC float32,noise_snr5db,test,School_Fire_Alarm-Cullen_Card-202875844_uid-rfkm7v,0,1.541165618190398e-34,0
PC float32,noise_snr5db,test,Shift_Gears-SoundBible_uid-cvmuj8,0,1.6410599490979659e-15,0
PC float32,noise_snr5db,test,Ship_Bell-Mike_Koenig-1911209136_uid-e2z0y7,0,4.5199485444388427e-35,0
PC float32,noise_snr5db,test,Ship_Brass_Bell-Mike_Koenig-1458750630_uid-oksrz0,0,9.885898861045581e-26,0
PC float32,noise_snr5db,test,Shopping_Mall Ambiance-SoundBible_uid-fa5yaq,0,3.5546372702949247e-12,0
PC float32,noise_snr5db,test,Sleigh_Bells_Ringing-SoundBible_uid-i52bxo,0,1.6225574439720583e-33,0
PC float32,noise_snr5db,test,Sleigh_Bells_Ringing-SoundBible_uid-xjtewi,0,3.3314462052727794e-32,0
PC float32,noise_snr5db,test,Soldiers_Marching-SoundBible_uid-0eax5q,0,1.5297107385046221e-13,0
PC float32,noise_snr5db,test,Soldiers_Marching-SoundBible_uid-4m3auc,0,2.38877819434824e-13,0
PC float32,noise_snr5db,test,Soldiers_Marching-SoundBible_uid-51ygbj,0,2.6299925778849875e-13,0
PC float32,noise_snr5db,test,Soldiers_Marching-SoundBible_uid-5xkxw1,0,8.959353687600678e-18,0
PC float32,noise_snr5db,test,Soldiers_Marching-SoundBible_uid-bqrx9i,0,1.3075075690118648e-13,0
PC float32,noise_snr5db,test,Sports_Bar Patrons Loud-SoundBible_uid-0qx8ca,0,3.036594467992174e-23,0
PC float32,noise_snr5db,test,Steam_Engine-John-1826274710_uid-1hznao,0,1.5131421980739239e-15,0
PC float32,noise_snr5db,test,Steam_Engine-John-1826274710_uid-9qykmv,0,8.10962049195476e-17,0
PC float32,noise_snr5db,test,Steam_Engine-John-1826274710_uid-pe5dcl,0,9.124291847382527e-17,0
PC float32,noise_snr5db,test,Swimming_Pool Ambiance-SoundBible_uid-thd1td,0,1.258082742762768e-20,0
PC float32,noise_snr5db,test,Temple_Bell Huge-SoundBible_uid-vwd9pv,0,3.5300945500083003e-10,0
PC float32,noise_snr5db,test,Tornado_Siren_II-Delilah-747233690_uid-9imkus,0,3.05307723547088e-11,0
PC float32,noise_snr5db,test,Tornado_Siren_II-Delilah-747233690_uid-k23l64,0,3.090486472017337e-26,0
PC float32,noise_snr5db,test,Tornado_Siren_II-Delilah-747233690_uid-yu5cjs,0,4.289252722692842e-29,0
PC float32,noise_snr5db,test,Tornado_Siren_SoundBible_uid-6dnh9z,0,2.295420409570364e-18,0
PC float32,noise_snr5db,test,Tornado_Siren_SoundBible_uid-g7d17q,0,1.191287465809182e-13,0
PC float32,noise_snr5db,test,Walking-SoundBible_uid-62j3do,0,2.6857627517915157e-15,0
PC float32,noise_snr5db,test,Walking_In_Snow-SoundBible_uid-hoifci,0,1.6645215055177687e-06,0
PC float32,noise_snr5db,test,Walking_On_Gravel-SoundBible_uid-7duozg,0,3.3223341233679093e-06,0
PC float32,noise_snr5db,test,Walking_On_Gravel-SoundBible_uid-fi611q,0,9.754178609000519e-05,0
PC float32,noise_snr5db,test,Walking_On_Gravel-SoundBible_uid-jhzvu7,0,1.5373076721055007e-19,0
PC float32,noise_snr5db,test,Winston_Churchill Nazi Speech-SoundBible_uid-2unyd8,0,4.90418798904102e-08,0
PC float32,noise_snr5db,test,Winston_Churchill Nazi Speech-SoundBible_uid-761zdn,0,3.281855924797128e-06,0
PC float32,noise_snr5db,test,Winston_Churchill Nazi Speech-SoundBible_uid-g4x51s,0,1.4465833814000854e-17,0
PC float32,noise_snr5db,test,Winston_Churchill Nazi Speech-SoundBible_uid-jp39dv,0,5.859275802322372e-07,0
PC float32,noise_snr5db,test,Winston_Churchill Nazi Speech-SoundBible_uid-rwukdv,0,4.080097648628822e-10,0
PC float32,noise_snr5db,test,Woman_Screaming 2-SoundBible_uid-c9acqz,0,7.834266049934316e-28,0
PC float32,noise_snr5db,test,church_chime-daniel_simon (1)_uid-zsrdac,0,1.4262395329395105e-23,0
PC float32,noise_snr5db,test,church_chime-daniel_simon_uid-bbyw01,0,4.417600470501709e-21,0
PC float32,noise_snr5db,test,church_chime-daniel_simon_uid-sxzijw,0,5.064097511446943e-25,0
PC float32,noise_snr5db,test,doberman_pincher_daniel-simion_uid-348sts,0,1.500378269434755e-28,0
PC float32,noise_snr5db,test,doberman_pincher_daniel-simion_uid-4gutjw,0,7.087702041744293e-18,0
PC float32,noise_snr5db,test,doberman_pincher_daniel-simion_uid-db2xc6,0,6.462259316865855e-29,0
PC float32,noise_snr5db,test,doberman_pincher_daniel-simion_uid-m6nbjk,0,1.520963358683277e-19,0
PC float32,noise_snr5db,test,german_shephard-daniel_simon (1)_uid-x57o4h,0,1.2175058330127634e-22,0
PC float32,noise_snr5db,test,german_shephard-daniel_simon_uid-35by3o,0,1.0922890210260679e-16,0
PC float32,noise_snr5db,test,hard_shoes_1-daniel_simon_uid-lqfqp3,0,3.1541826228143013e-19,0
PC float32,noise_snr5db,test,harley_davidson-daniel_simon_uid-3gnkx0,0,2.2010655520432465e-09,0
PC float32,noise_snr5db,test,harley_davidson-daniel_simon_uid-5tbvav,0,6.547015707347725e-11,0
PC float32,noise_snr5db,test,labrador_barking-daniel_simon_uid-cpx5m6,0,4.681039598120846e-26,0
PC float32,noise_snr5db,test,labrador_barking-daniel_simon_uid-cvf4k1,0,2.2173788163854796e-30,0
PC float32,noise_snr5db,test,labrador_barking-daniel_simon_uid-j0e09a,0,8.360567768509613e-25,0
PC float32,noise_snr5db,test,labrador_barking-daniel_simon_uid-mwgdoo,0,6.647987575190462e-22,0
PC float32,noise_snr5db,test,labrador_barking-daniel_simon_uid-p1nd4y,0,5.593466206382149e-31,0
PC float32,noise_snr5db,test,labrador_barking-daniel_simon_uid-px7218,0,6.077629289796573e-31,0
PC float32,noise_snr5db,test,muscle_car-daniel_simon (1)_uid-hvisfn,0,4.7627693455787323e-11,0
PC float32,noise_snr5db,test,muscle_car-daniel_simon_uid-jpcsdl,0,3.311433571795419e-09,0
PC float32,noise_snr5db,test,old_car-engine_daniel_simion_uid-2lzarp,0,2.1636673382288365e-23,0
PC float32,noise_snr5db,test,old_car-engine_daniel_simion_uid-5xyl64,0,4.4906897839003055e-23,0
PC float32,noise_snr5db,test,old_car-engine_daniel_simion_uid-8mfyeb,0,6.742558871080998e-23,0
PC float32,noise_snr5db,test,old_car-engine_daniel_simion_uid-9xmt28,0,2.9897513996109423e-26,0
PC float32,noise_snr5db,test,old_fashioned-door-bell-daniel_simon_uid-1bqwmt,0,7.39945928184882e-24,0
PC float32,noise_snr5db,test,old_fashioned-door-bell-daniel_simon_uid-8q7aiq,0,4.7139698327947255e-21,0
PC float32,noise_snr5db,test,party_crowd-daniel_simon_uid-8pwj7x,0,1.4724991050877366e-19,0
PC float32,noise_snr5db,test,party_crowd-daniel_simon_uid-vroqkp,0,2.367869545014677e-25,0
PC float32,noise_snr5db,test,railroad_crossing_bell-Brylon_Terry-1551570865 (1)_uid-55is8o,0,4.8042183203393224e-34,0
PC float32,noise_snr5db,test,railroad_crossing_bell-Brylon_Terry-1551570865 (1)_uid-6mnkqh,0,4.133395721954328e-35,0
PC float32,noise_snr5db,test,railroad_crossing_bell-Brylon_Terry-1551570865 (1)_uid-mi9sxj,0,1.6055640200919913e-33,0
PC float32,noise_snr5db,test,railroad_crossing_bell-Brylon_Terry-1551570865 (1)_uid-n15yft,0,8.271113856022775e-32,0
PC float32,noise_snr5db,test,railroad_crossing_bell-Brylon_Terry-1551570865 (1)_uid-vxl8al,0,2.3755039577552104e-34,0
PC float32,noise_snr5db,test,railroad_crossing_bell-Brylon_Terry-1551570865 (1)_uid-waev1t,0,3.447887149182183e-32,0
PC float32,noise_snr5db,test,railroad_crossing_bell-Brylon_Terry-1551570865 (1)_uid-zyz59r,0,5.370913126611208e-34,0
PC float32,noise_snr5db,test,railroad_crossing_bell-Brylon_Terry-1551570865_uid-ejhzbl,0,5.7367753658935794e-33,0
PC float32,noise_snr5db,test,railroad_crossing_bell-Brylon_Terry-1551570865_uid-po2yqk,0,5.372013846779143e-36,0
PC float32,noise_snr5db,test,tolling_bell_daniel-simion_uid-kg3lrg,0,3.2050652686325606e-14,0
PC float32,noise_snr5db,test,tolling_bell_daniel-simion_uid-witt3h,0,7.481166216536779e-18,0
PC int8,noise_snr5db,test,0003_0397s_shot_019_ch1,1,0.99609375,1
PC int8,noise_snr5db,test,0005_0580s_shot_006_ch1,1,0.99609375,1
PC int8,noise_snr5db,test,0005_0607s_shot_150_ch1,1,0.99609375,1
PC int8,noise_snr5db,test,0005_0631s_shot_173_ch1,1,0.99609375,1
PC int8,noise_snr5db,test,0005_0632s_shot_176_ch1,1,0.99609375,1
PC int8,noise_snr5db,test,0005_0662s_shot_201_ch1,1,0.99609375,1
PC int8,noise_snr5db,test,0005_0685s_shot_220_ch1,1,0.99609375,1
PC int8,noise_snr5db,test,0005_0700s_shot_037_ch1,1,0.99609375,1
PC int8,noise_snr5db,test,0011_0226s_shot_011_ch1,1,0.13671875,0
PC int8,noise_snr5db,test,0011_0333s_shot_018_ch1,1,0.2265625,0
PC int8,noise_snr5db,test,171236__alukahn__gunshot2_uid-fcn21d,0,0.0,0
PC int8,noise_snr5db,test,371041__morganpurkis__single-gunshot-3_uid-1k053k,0,0.0,0
PC int8,noise_snr5db,test,384687__morganpurkis__single-gunshot-42_uid-u9d6r1,0,0.0,0
PC int8,noise_snr5db,test,384689__dobroide__20170318gunshotparadiso_uid-kwsehz,0,0.0,0
PC int8,noise_snr5db,test,384689__dobroide__20170318gunshotparadiso_uid-pjl13d,0,0.0,0
PC int8,noise_snr5db,test,402008__eardeer__gunshot__high_3_uid-4j4q67,0,0.0,0
PC int8,noise_snr5db,test,402791__acidsnowflake__ak47-and-various-other-gunshots-at-indoor-shooting-range_uid-6aezru,0,0.0,0
PC int8,noise_snr5db,test,402791__acidsnowflake__ak47-and-various-other-gunshots-at-indoor-shooting-range_uid-byjlki,0,0.0,0
PC int8,noise_snr5db,test,402791__acidsnowflake__ak47-and-various-other-gunshots-at-indoor-shooting-range_uid-garl1l,0,0.0,0
PC int8,noise_snr5db,test,402791__acidsnowflake__ak47-and-various-other-gunshots-at-indoor-shooting-range_uid-l3ibfo,0,0.0,0
PC int8,noise_snr5db,test,402791__acidsnowflake__ak47-and-various-other-gunshots-at-indoor-shooting-range_uid-qe3eyz,0,0.0,0
PC int8,noise_snr5db,test,405132__fstagi__gunshots_uid-xcyi0z,0,0.0,0
PC int8,noise_snr5db,test,51470__smcameron__synthetic_gunshot_2_uid-vatpwv,0,0.0,0
PC int8,noise_snr5db,test,518181__bolkmar__fx-gunshot_uid-al1o0i,0,0.0,0
PC int8,noise_snr5db,test,518181__bolkmar__fx-gunshot_uid-es96l9,0,0.0,0
PC int8,noise_snr5db,test,518181__bolkmar__fx-gunshot_uid-j3vsmz,0,0.0,0
PC int8,noise_snr5db,test,519623__nathanchurchyard__gunshots_uid-kvxx3q,0,0.0,0
PC int8,noise_snr5db,test,683312__pnmcarrierailfan__pistol-gunshot-mix-weapons_uid-tmmoay,0,0.0,0
PC int8,noise_snr5db,test,Amusement_Park Ambiance -SoundBible_uid-2t9w3e,0,0.0,0
PC int8,noise_snr5db,test,Amusement_Park Ambiance -SoundBible_uid-jwv6lq,0,0.0,0
PC int8,noise_snr5db,test,Amusement_Park Ambiance -SoundBible_uid-l24o63,0,0.0,0
PC int8,noise_snr5db,test,Background_Noise-SoundBible_uid-m7qaag,0,0.0,0
PC int8,noise_snr5db,test,Background_Noise-SoundBible_uid-mnn2bm,0,0.0,0
PC int8,noise_snr5db,test,Bi_Polar_Uncle-ScanMan-1810098860_uid-b8uks2,0,0.0,0
PC int8,noise_snr5db,test,Bi_Polar_Uncle-ScanMan-1810098860_uid-evaiic,0,0.0,0
PC int8,noise_snr5db,test,Bi_Polar_Uncle-ScanMan-1810098860_uid-l7n0jt,0,0.0,0
PC int8,noise_snr5db,test,Bi_Polar_Uncle-ScanMan-1810098860_uid-omv54z,0,0.0,0
PC int8,noise_snr5db,test,Bi_Polar_Uncle-ScanMan-1810098860_uid-p90ljg,0,0.0,0
PC int8,noise_snr5db,test,Big_door_closed-Clemens_F-941522533_uid-n02it9,0,0.0,0
PC int8,noise_snr5db,test,Cellar_Door Slam Shut-SoundBible_uid-pg4dq8,0,0.0,0
PC int8,noise_snr5db,test,Citty_Traffic Ambiance-SoundBible_uid-87yimc,0,0.0,0
PC int8,noise_snr5db,test,Citty_Traffic Ambiance-SoundBible_uid-8vk0wx,0,0.0,0
PC int8,noise_snr5db,test,Citty_Traffic Ambiance-SoundBible_uid-mxbe2e,0,0.0,0
PC int8,noise_snr5db,test,Citty_Traffic Ambiance-SoundBible_uid-q0srdn,0,0.0,0
PC int8,noise_snr5db,test,City_Ambiance-SoundBible_uid-8yrqh9,0,0.0,0
PC int8,noise_snr5db,test,City_Ambiance-SoundBible_uid-t8xlgr,0,0.0,0
PC int8,noise_snr5db,test,Classroom_Ambiance-SoundBible_uid-q49pv1,0,0.0,0
PC int8,noise_snr5db,test,Classroom_Ambiance-SoundBible_uid-qfbdk0,0,0.0,0
PC int8,noise_snr5db,test,Classroom_Ambiance-SoundBible_uid-uu3ewb,0,0.0,0
PC int8,noise_snr5db,test,Classroom_Ambiance-SoundBible_uid-xdl758,0,0.0,0
PC int8,noise_snr5db,test,Close_Vault_Or_Jail_Door-SoundBible_uid-lasl2n,0,0.0,0
PC int8,noise_snr5db,test,Dog_Barking-SoundBible_uid-3uyzqt,0,0.0,0
PC int8,noise_snr5db,test,Dog_Barking-SoundBible_uid-udwefz,0,0.0,0
PC int8,noise_snr5db,test,Dogs_Barking-SoundBible_uid-0ftva8,0,0.0,0
PC int8,noise_snr5db,test,Dogs_Barking-SoundBible_uid-itlawo,0,0.0,0
PC int8,noise_snr5db,test,Dogs_Barking-SoundBible_uid-k8qbi9,0,0.0,0
PC int8,noise_snr5db,test,End_of_Game-Mike_Koenig-617089079_uid-0scusn,0,0.0,0
PC int8,noise_snr5db,test,Engine_Inside_Car-SoundBible_uid-as3jed,0,0.0,0
PC int8,noise_snr5db,test,Fast_Heel_Walk-Kyanna_Johnson-1646343608_uid-8u9yx0,0,0.0,0
PC int8,noise_snr5db,test,Fast_Heel_Walk-Kyanna_Johnson-1646343608_uid-9pwmgu,0,0.0,0
PC int8,noise_snr5db,test,Female_Scream_Horror-NeoPhyTe-138499973_uid-w7fb5j,0,0.0,0
PC int8,noise_snr5db,test,Footsteps_SoundBible_uid-4v6zy1,0,0.0,0
PC int8,noise_snr5db,test,Footsteps_SoundBible_uid-dg95vk,0,0.0,0
PC int8,noise_snr5db,test,Footsteps_SoundBible_uid-hnz36f,0,0.0,0
PC int8,noise_snr5db,test,Frying_Pan_Impact-SoundBible_uid-nbylf3,0,0.0,0
PC int8,noise_snr5db,test,Indian_Bell-SoundBible_uid-t0u6xu,0,0.0,0
PC int8,noise_snr5db,test,Japanese_Temple Bell Small-SoundBible_uid-3fhudh,0,0.0,0
PC int8,noise_snr5db,test,Japanese_Temple Bell Small-SoundBible_uid-8kpqn1,0,0.0,0
PC int8,noise_snr5db,test,Large_Door_Slam-SoundBible_uid-ljg1k3,0,0.0,0
PC int8,noise_snr5db,test,Little_Girl_Talking-Mike_Koenig-782373463_uid-bstw5g,0,0.0,0
PC int8,noise_snr5db,test,Metal_Gong-Dianakc-109711828_uid-hlegwg,0,0.0,0
PC int8,noise_snr5db,test,Motorcycle_Engine-SoundBible_uid-bo8n5y,0,0.0,0
PC int8,noise_snr5db,test,Neighborhood_Dogs Barking-SoundBible_uid-6a1kho,0,0.0,0
PC int8,noise_snr5db,test,Neighborhood_Dogs Barking-SoundBible_uid-7mwktq,0,0.0,0
PC int8,noise_snr5db,test,Neighborhood_Dogs Barking-SoundBible_uid-dwmjp4,0,0.0,0
PC int8,noise_snr5db,test,Neighborhood_Dogs Barking-SoundBible_uid-kc7h7x,0,0.0,0
PC int8,noise_snr5db,test,Neighborhood_Dogs Barking-SoundBible_uid-p7gr4b,0,0.0,0
PC int8,noise_snr5db,test,Neighborhood_Dogs Barking-SoundBible_uid-rq1qkq,0,0.0,0
PC int8,noise_snr5db,test,Obama_Speech Liar-SoundBible_uid-8mnhtv,0,0.0,0
PC int8,noise_snr5db,test,Old_Door_Creaking-SoundBible_uid-e16ryq,0,0.0,0
PC int8,noise_snr5db,test,Old_Door_Creaking-SoundBible_uid-f2vs74,0,0.0,0
PC int8,noise_snr5db,test,Old_Door_Creaking-SoundBible_uid-ozrhlo,0,0.0,0
PC int8,noise_snr5db,test,Old_Door_Creaking-SoundBible_uid-q6uf3u,0,0.0,0
PC int8,noise_snr5db,test,Police Siren 3-SoundBible_uid-nytspf,0,0.0,0
PC int8,noise_snr5db,test,Police_Siren-SoundBible_uid-uyk0z0,0,0.0,0
PC int8,noise_snr5db,test,Psycho_Scream-SoundBible_uid-4qhwlo,0,0.0,0
PC int8,noise_snr5db,test,Psycho_Scream-SoundBible_uid-uococi,0,0.0,0
PC int8,noise_snr5db,test,Puppy_Dog Barking-SoundBible_uid-130qr7,0,0.0,0
PC int8,noise_snr5db,test,Puppy_Dog Barking-SoundBible_uid-zrfwba,0,0.0,0
PC int8,noise_snr5db,test,Race_Car Idle-SoundBible_uid-5il88u,0,0.0,0
PC int8,noise_snr5db,test,Race_Car Idle-SoundBible_uid-bjwy2y,0,0.0,0
PC int8,noise_snr5db,test,Race_Car Idle-SoundBible_uid-i7dn0k,0,0.0,0
PC int8,noise_snr5db,test,Restaurant Walla Track-SoundBible_uid-19b0uq,0,0.0,0
PC int8,noise_snr5db,test,Restaurant Walla Track-SoundBible_uid-e11kg8,0,0.0,0
PC int8,noise_snr5db,test,Restaurant Walla Track-SoundBible_uid-fk59q6,0,0.0,0
PC int8,noise_snr5db,test,School_Fire_Alarm-Cullen_Card-202875844_uid-rfkm7v,0,0.0,0
PC int8,noise_snr5db,test,Shift_Gears-SoundBible_uid-cvmuj8,0,0.0,0
PC int8,noise_snr5db,test,Ship_Bell-Mike_Koenig-1911209136_uid-e2z0y7,0,0.0,0
PC int8,noise_snr5db,test,Ship_Brass_Bell-Mike_Koenig-1458750630_uid-oksrz0,0,0.0,0
PC int8,noise_snr5db,test,Shopping_Mall Ambiance-SoundBible_uid-fa5yaq,0,0.0,0
PC int8,noise_snr5db,test,Sleigh_Bells_Ringing-SoundBible_uid-i52bxo,0,0.0,0
PC int8,noise_snr5db,test,Sleigh_Bells_Ringing-SoundBible_uid-xjtewi,0,0.0,0
PC int8,noise_snr5db,test,Soldiers_Marching-SoundBible_uid-0eax5q,0,0.0,0
PC int8,noise_snr5db,test,Soldiers_Marching-SoundBible_uid-4m3auc,0,0.0,0
PC int8,noise_snr5db,test,Soldiers_Marching-SoundBible_uid-51ygbj,0,0.0,0
PC int8,noise_snr5db,test,Soldiers_Marching-SoundBible_uid-5xkxw1,0,0.0,0
PC int8,noise_snr5db,test,Soldiers_Marching-SoundBible_uid-bqrx9i,0,0.0,0
PC int8,noise_snr5db,test,Sports_Bar Patrons Loud-SoundBible_uid-0qx8ca,0,0.0,0
PC int8,noise_snr5db,test,Steam_Engine-John-1826274710_uid-1hznao,0,0.0,0
PC int8,noise_snr5db,test,Steam_Engine-John-1826274710_uid-9qykmv,0,0.0,0
PC int8,noise_snr5db,test,Steam_Engine-John-1826274710_uid-pe5dcl,0,0.0,0
PC int8,noise_snr5db,test,Swimming_Pool Ambiance-SoundBible_uid-thd1td,0,0.0,0
PC int8,noise_snr5db,test,Temple_Bell Huge-SoundBible_uid-vwd9pv,0,0.0,0
PC int8,noise_snr5db,test,Tornado_Siren_II-Delilah-747233690_uid-9imkus,0,0.0,0
PC int8,noise_snr5db,test,Tornado_Siren_II-Delilah-747233690_uid-k23l64,0,0.0,0
PC int8,noise_snr5db,test,Tornado_Siren_II-Delilah-747233690_uid-yu5cjs,0,0.0,0
PC int8,noise_snr5db,test,Tornado_Siren_SoundBible_uid-6dnh9z,0,0.0,0
PC int8,noise_snr5db,test,Tornado_Siren_SoundBible_uid-g7d17q,0,0.0,0
PC int8,noise_snr5db,test,Walking-SoundBible_uid-62j3do,0,0.0,0
PC int8,noise_snr5db,test,Walking_In_Snow-SoundBible_uid-hoifci,0,0.0,0
PC int8,noise_snr5db,test,Walking_On_Gravel-SoundBible_uid-7duozg,0,0.0,0
PC int8,noise_snr5db,test,Walking_On_Gravel-SoundBible_uid-fi611q,0,0.0,0
PC int8,noise_snr5db,test,Walking_On_Gravel-SoundBible_uid-jhzvu7,0,0.0,0
PC int8,noise_snr5db,test,Winston_Churchill Nazi Speech-SoundBible_uid-2unyd8,0,0.0,0
PC int8,noise_snr5db,test,Winston_Churchill Nazi Speech-SoundBible_uid-761zdn,0,0.0,0
PC int8,noise_snr5db,test,Winston_Churchill Nazi Speech-SoundBible_uid-g4x51s,0,0.0,0
PC int8,noise_snr5db,test,Winston_Churchill Nazi Speech-SoundBible_uid-jp39dv,0,0.0,0
PC int8,noise_snr5db,test,Winston_Churchill Nazi Speech-SoundBible_uid-rwukdv,0,0.0,0
PC int8,noise_snr5db,test,Woman_Screaming 2-SoundBible_uid-c9acqz,0,0.0,0
PC int8,noise_snr5db,test,church_chime-daniel_simon (1)_uid-zsrdac,0,0.0,0
PC int8,noise_snr5db,test,church_chime-daniel_simon_uid-bbyw01,0,0.0,0
PC int8,noise_snr5db,test,church_chime-daniel_simon_uid-sxzijw,0,0.0,0
PC int8,noise_snr5db,test,doberman_pincher_daniel-simion_uid-348sts,0,0.0,0
PC int8,noise_snr5db,test,doberman_pincher_daniel-simion_uid-4gutjw,0,0.0,0
PC int8,noise_snr5db,test,doberman_pincher_daniel-simion_uid-db2xc6,0,0.0,0
PC int8,noise_snr5db,test,doberman_pincher_daniel-simion_uid-m6nbjk,0,0.0,0
PC int8,noise_snr5db,test,german_shephard-daniel_simon (1)_uid-x57o4h,0,0.0,0
PC int8,noise_snr5db,test,german_shephard-daniel_simon_uid-35by3o,0,0.0,0
PC int8,noise_snr5db,test,hard_shoes_1-daniel_simon_uid-lqfqp3,0,0.0,0
PC int8,noise_snr5db,test,harley_davidson-daniel_simon_uid-3gnkx0,0,0.0,0
PC int8,noise_snr5db,test,harley_davidson-daniel_simon_uid-5tbvav,0,0.0,0
PC int8,noise_snr5db,test,labrador_barking-daniel_simon_uid-cpx5m6,0,0.0,0
PC int8,noise_snr5db,test,labrador_barking-daniel_simon_uid-cvf4k1,0,0.0,0
PC int8,noise_snr5db,test,labrador_barking-daniel_simon_uid-j0e09a,0,0.0,0
PC int8,noise_snr5db,test,labrador_barking-daniel_simon_uid-mwgdoo,0,0.0,0
PC int8,noise_snr5db,test,labrador_barking-daniel_simon_uid-p1nd4y,0,0.0,0
PC int8,noise_snr5db,test,labrador_barking-daniel_simon_uid-px7218,0,0.0,0
PC int8,noise_snr5db,test,muscle_car-daniel_simon (1)_uid-hvisfn,0,0.0,0
PC int8,noise_snr5db,test,muscle_car-daniel_simon_uid-jpcsdl,0,0.0,0
PC int8,noise_snr5db,test,old_car-engine_daniel_simion_uid-2lzarp,0,0.0,0
PC int8,noise_snr5db,test,old_car-engine_daniel_simion_uid-5xyl64,0,0.0,0
PC int8,noise_snr5db,test,old_car-engine_daniel_simion_uid-8mfyeb,0,0.0,0
PC int8,noise_snr5db,test,old_car-engine_daniel_simion_uid-9xmt28,0,0.0,0
PC int8,noise_snr5db,test,old_fashioned-door-bell-daniel_simon_uid-1bqwmt,0,0.0,0
PC int8,noise_snr5db,test,old_fashioned-door-bell-daniel_simon_uid-8q7aiq,0,0.0,0
PC int8,noise_snr5db,test,party_crowd-daniel_simon_uid-8pwj7x,0,0.0,0
PC int8,noise_snr5db,test,party_crowd-daniel_simon_uid-vroqkp,0,0.0,0
PC int8,noise_snr5db,test,railroad_crossing_bell-Brylon_Terry-1551570865 (1)_uid-55is8o,0,0.0,0
PC int8,noise_snr5db,test,railroad_crossing_bell-Brylon_Terry-1551570865 (1)_uid-6mnkqh,0,0.0,0
PC int8,noise_snr5db,test,railroad_crossing_bell-Brylon_Terry-1551570865 (1)_uid-mi9sxj,0,0.0,0
PC int8,noise_snr5db,test,railroad_crossing_bell-Brylon_Terry-1551570865 (1)_uid-n15yft,0,0.0,0
PC int8,noise_snr5db,test,railroad_crossing_bell-Brylon_Terry-1551570865 (1)_uid-vxl8al,0,0.0,0
PC int8,noise_snr5db,test,railroad_crossing_bell-Brylon_Terry-1551570865 (1)_uid-waev1t,0,0.0,0
PC int8,noise_snr5db,test,railroad_crossing_bell-Brylon_Terry-1551570865 (1)_uid-zyz59r,0,0.0,0
PC int8,noise_snr5db,test,railroad_crossing_bell-Brylon_Terry-1551570865_uid-ejhzbl,0,0.0,0
PC int8,noise_snr5db,test,railroad_crossing_bell-Brylon_Terry-1551570865_uid-po2yqk,0,0.0,0
PC int8,noise_snr5db,test,tolling_bell_daniel-simion_uid-kg3lrg,0,0.0,0
PC int8,noise_snr5db,test,tolling_bell_daniel-simion_uid-witt3h,0,0.0,0
