mode,variant,split,recording_id,class_id,score,pred
PC float32,clean,test,0003_0397s_shot_019_ch1,1,1.0,1
PC float32,clean,test,0005_0580s_shot_006_ch1,1,1.0,1
PC float32,clean,test,0005_0607s_shot_150_ch1,1,0.9999999403953552,1
PC float32,clean,test,0005_0631s_shot_173_ch1,1,1.0,1
PC float32,clean,test,0005_0632s_shot_176_ch1,1,0.9999999403953552,1
PC float32,clean,test,0005_0662s_shot_201_ch1,1,1.0,1
PC float32,clean,test,0005_0685s_shot_220_ch1,1,1.0,1
PC float32,clean,test,0005_0700s_shot_037_ch1,1,0.9999996423721313,1
PC float32,clean,test,0011_0226s_shot_011_ch1,1,0.9999421834945679,1
PC float32,clean,test,0011_0333s_shot_018_ch1,1,0.9999009966850281,1
PC float32,clean,test,171236__alukahn__gunshot2_uid-fcn21d,0,5.2582252788035966e-12,0
PC float32,clean,test,371041__morganpurkis__single-gunshot-3_uid-1k053k,0,1.5520856084735857e-12,0
PC float32,clean,test,384687__morganpurkis__single-gunshot-42_uid-u9d6r1,0,8.509125478881052e-13,0
PC float32,clean,test,384689__dobroide__20170318gunshotparadiso_uid-kwsehz,0,5.117185355485264e-19,0
PC float32,clean,test,384689__dobroide__20170318gunshotparadiso_uid-pjl13d,0,8.611691139923452e-14,0
PC float32,clean,test,402008__eardeer__gunshot__high_3_uid-4j4q67,0,6.8273677884440665e-25,0
PC float32,clean,test,402791__acidsnowflake__ak47-and-various-other-gunshots-at-indoor-shooting-range_uid-6aezru,0,1.7739389428128973e-26,0
PC float32,clean,test,402791__acidsnowflake__ak47-and-various-other-gunshots-at-indoor-shooting-range_uid-byjlki,0,4.501031434823391e-23,0
PC float32,clean,test,402791__acidsnowflake__ak47-and-various-other-gunshots-at-indoor-shooting-range_uid-garl1l,0,1.3265260178023776e-28,0
PC float32,clean,test,402791__acidsnowflake__ak47-and-various-other-gunshots-at-indoor-shooting-range_uid-l3ibfo,0,1.0649881835840163e-26,0
PC float32,clean,test,402791__acidsnowflake__ak47-and-various-other-gunshots-at-indoor-shooting-range_uid-qe3eyz,0,5.1315910330132136e-27,0
PC float32,clean,test,405132__fstagi__gunshots_uid-xcyi0z,0,1.2791537794265562e-11,0
PC float32,clean,test,51470__smcameron__synthetic_gunshot_2_uid-vatpwv,0,1.4981441087691394e-10,0
PC float32,clean,test,518181__bolkmar__fx-gunshot_uid-al1o0i,0,6.845390069208724e-17,0
PC float32,clean,test,518181__bolkmar__fx-gunshot_uid-es96l9,0,7.849601502130099e-08,0
PC float32,clean,test,518181__bolkmar__fx-gunshot_uid-j3vsmz,0,6.869276265972397e-16,0
PC float32,clean,test,519623__nathanchurchyard__gunshots_uid-kvxx3q,0,1.1220488947694118e-11,0
PC float32,clean,test,683312__pnmcarrierailfan__pistol-gunshot-mix-weapons_uid-tmmoay,0,6.760663348728347e-16,0
PC float32,clean,test,Amusement_Park Ambiance -SoundBible_uid-2t9w3e,0,2.2502952256137586e-16,0
PC float32,clean,test,Amusement_Park Ambiance -SoundBible_uid-jwv6lq,0,2.626053683405078e-20,0
PC float32,clean,test,Amusement_Park Ambiance -SoundBible_uid-l24o63,0,6.772627597628755e-12,0
PC float32,clean,test,Background_Noise-SoundBible_uid-m7qaag,0,2.9739305462683774e-10,0
PC float32,clean,test,Background_Noise-SoundBible_uid-mnn2bm,0,5.34708277655227e-09,0
PC float32,clean,test,Bi_Polar_Uncle-ScanMan-1810098860_uid-b8uks2,0,0.0,0
PC float32,clean,test,Bi_Polar_Uncle-ScanMan-1810098860_uid-evaiic,0,0.0,0
PC float32,clean,test,Bi_Polar_Uncle-ScanMan-1810098860_uid-l7n0jt,0,0.0,0
PC float32,clean,test,Bi_Polar_Uncle-ScanMan-1810098860_uid-omv54z,0,0.0,0
PC float32,clean,test,Bi_Polar_Uncle-ScanMan-1810098860_uid-p90ljg,0,0.0,0
PC float32,clean,test,Big_door_closed-Clemens_F-941522533_uid-n02it9,0,2.9925355239385485e-26,0
PC float32,clean,test,Cellar_Door Slam Shut-SoundBible_uid-pg4dq8,0,1.4313728534242153e-17,0
PC float32,clean,test,Citty_Traffic Ambiance-SoundBible_uid-87yimc,0,8.890561861423733e-22,0
PC float32,clean,test,Citty_Traffic Ambiance-SoundBible_uid-8vk0wx,0,6.491649294780766e-25,0
PC float32,clean,test,Citty_Traffic Ambiance-SoundBible_uid-mxbe2e,0,9.248018537512884e-26,0
PC float32,clean,test,Citty_Traffic Ambiance-SoundBible_uid-q0srdn,0,8.51086455373237e-20,0
PC float32,clean,test,City_Ambiance-SoundBible_uid-8yrqh9,0,8.699094212565048e-24,0
PC float32,clean,test,City_Ambiance-SoundBible_uid-t8xlgr,0,6.351838682472963e-36,0
PC float32,clean,test,Classroom_Ambiance-SoundBible_uid-q49pv1,0,2.2973200941578398e-07,0
PC float32,clean,test,Classroom_Ambiance-SoundBible_uid-qfbdk0,0,1.8369592513778343e-09,0
PC float32,clean,test,Classroom_Ambiance-SoundBible_uid-uu3ewb,0,9.519115451439575e-07,0
PC float32,clean,test,Classroom_Ambiance-SoundBible_uid-xdl758,0,2.6750083748083853e-07,0
PC float32,clean,test,Close_Vault_Or_Jail_Door-SoundBible_uid-lasl2n,0,4.08688372033339e-09,0
PC float32,clean,test,Dog_Barking-SoundBible_uid-3uyzqt,0,0.0,0
PC float32,clean,test,Dog_Barking-SoundBible_uid-udwefz,0,0.0,0
PC float32,clean,test,Dogs_Barking-SoundBible_uid-0ftva8,0,1.3376148916801025e-26,0
PC float32,clean,test,Dogs_Barking-SoundBible_uid-itlawo,0,3.9868498029320646e-34,0
PC float32,clean,test,Dogs_Barking-SoundBible_uid-k8qbi9,0,1.458723529558994e-26,0
PC float32,clean,test,End_of_Game-Mike_Koenig-617089079_uid-0scusn,0,2.195688782703203e-29,0
PC float32,clean,test,Engine_Inside_Car-SoundBible_uid-as3jed,0,0.12287741899490356,0
PC float32,clean,test,Fast_Heel_Walk-Kyanna_Johnson-1646343608_uid-8u9yx0,0,1.1810255372659116e-20,0
PC float32,clean,test,Fast_Heel_Walk-Kyanna_Johnson-1646343608_uid-9pwmgu,0,5.031481465674901e-24,0
PC float32,clean,test,Female_Scream_Horror-NeoPhyTe-138499973_uid-w7fb5j,0,0.0,0
PC float32,clean,test,Footsteps_SoundBible_uid-4v6zy1,0,3.334705130292939e-22,0
PC float32,clean,test,Footsteps_SoundBible_uid-dg95vk,0,4.705845814138384e-30,0
PC float32,clean,test,Footsteps_SoundBible_uid-hnz36f,0,6.90200456026312e-16,0
PC float32,clean,test,Frying_Pan_Impact-SoundBible_uid-nbylf3,0,0.0,0
PC float32,clean,test,Indian_Bell-SoundBible_uid-t0u6xu,0,4.1213886946009263e-32,0
PC float32,clean,test,Japanese_Temple Bell Small-SoundBible_uid-3fhudh,0,4.304272307739949e-34,0
PC float32,clean,test,Japanese_Temple Bell Small-SoundBible_uid-8kpqn1,0,2.198225796207804e-24,0
PC float32,clean,test,Large_Door_Slam-SoundBible_uid-ljg1k3,0,5.807611058727957e-10,0
PC float32,clean,test,Little_Girl_Talking-Mike_Koenig-782373463_uid-bstw5g,0,0.0,0
PC float32,clean,test,Metal_Gong-Dianakc-109711828_uid-hlegwg,0,4.746257764054462e-05,0
PC float32,clean,test,Motorcycle_Engine-SoundBible_uid-bo8n5y,0,1.3184672909005712e-08,0
PC float32,clean,test,Neighborhood_Dogs Barking-SoundBible_uid-6a1kho,0,0.0,0
PC float32,clean,test,Neighborhood_Dogs Barking-SoundBible_uid-7mwktq,0,1.9146095621420437e-37,0
PC float32,clean,test,Neighborhood_Dogs Barking-SoundBible_uid-dwmjp4,0,0.0,0
PC float32,clean,test,Neighborhood_Dogs Barking-SoundBible_uid-kc7h7x,0,0.0,0
PC float32,clean,test,Neighborhood_Dogs Barking-SoundBible_uid-p7gr4b,0,1.691519631793716e-30,0
PC float32,clean,test,Neighborhood_Dogs Barking-SoundBible_uid-rq1qkq,0,5.098654164290292e-27,0
PC float32,clean,test,Obama_Speech Liar-SoundBible_uid-8mnhtv,0,0.0,0
PC float32,clean,test,Old_Door_Creaking-SoundBible_uid-e16ryq,0,1.6970123780249636e-16,0
PC float32,clean,test,Old_Door_Creaking-SoundBible_uid-f2vs74,0,1.332625156863268e-16,0
PC float32,clean,test,Old_Door_Creaking-SoundBible_uid-ozrhlo,0,3.21895125148414e-16,0
PC float32,clean,test,Old_Door_Creaking-SoundBible_uid-q6uf3u,0,1.6970123780249636e-16,0
PC float32,clean,test,Police Siren 3-SoundBible_uid-nytspf,0,0.0,0
PC float32,clean,test,Police_Siren-SoundBible_uid-uyk0z0,0,2.950342313309636e-29,0
PC float32,clean,test,Psycho_Scream-SoundBible_uid-4qhwlo,0,0.0,0
PC float32,clean,test,Psycho_Scream-SoundBible_uid-uococi,0,0.0,0
PC float32,clean,test,Puppy_Dog Barking-SoundBible_uid-130qr7,0,0.0,0
PC float32,clean,test,Puppy_Dog Barking-SoundBible_uid-zrfwba,0,0.0,0
PC float32,clean,test,Race_Car Idle-SoundBible_uid-5il88u,0,1.047986882001096e-23,0
PC float32,clean,test,Race_Car Idle-SoundBible_uid-bjwy2y,0,1.3168017519570985e-26,0
PC float32,clean,test,Race_Car Idle-SoundBible_uid-i7dn0k,0,4.298959132760124e-25,0
PC float32,clean,test,Restaurant Walla Track-SoundBible_uid-19b0uq,0,2.8030214867941217e-13,0
PC float32,clean,test,Restaurant Walla Track-SoundBible_uid-e11kg8,0,1.3446494663577736e-26,0
PC float32,clean,test,Restaurant Walla Track-SoundBible_uid-fk59q6,0,4.903796926355875e-34,0
PC float32,clean,test,School_Fire_Alarm-Cullen_Card-202875844_uid-rfkm7v,0,0.0,0
PC float32,clean,test,Shift_Gears-SoundBible_uid-cvmuj8,0,2.2853859605975003e-29,0
PC float32,clean,test,Ship_Bell-Mike_Koenig-1911209136_uid-e2z0y7,0,0.0,0
PC float32,clean,test,Ship_Brass_Bell-Mike_Koenig-1458750630_uid-oksrz0,0,6.553647328773111e-35,0
PC float32,clean,test,Shopping_Mall Ambiance-SoundBible_uid-fa5yaq,0,1.8155868814211343e-23,0
PC float32,clean,test,Sleigh_Bells_Ringing-SoundBible_uid-i52bxo,0,0.0,0
PC float32,clean,test,Sleigh_Bells_Ringing-SoundBible_uid-xjtewi,0,0.0,0
PC float32,clean,test,Soldiers_Marching-SoundBible_uid-0eax5q,0,9.090696403112053e-17,0
PC float32,clean,test,Soldiers_Marching-SoundBible_uid-4m3auc,0,1.3788436481829515e-19,0
PC float32,clean,test,Soldiers_Marching-SoundBible_uid-51ygbj,0,3.5074641729065513e-17,0
PC float32,clean,test,Soldiers_Marching-SoundBible_uid-5xkxw1,0,5.442746971726914e-20,0
PC float32,clean,test,Soldiers_Marching-SoundBible_uid-bqrx9i,0,1.9776573358215903e-20,0
PC float32,clean,test,Sports_Bar Patrons Loud-SoundBible_uid-0qx8ca,0,5.290441146683011e-37,0
PC float32,clean,test,Steam_Engine-John-1826274710_uid-1hznao,0,3.6715651451291396e-21,0
PC float32,clean,test,Steam_Engine-John-1826274710_uid-9qykmv,0,1.131454617496153e-24,0
PC float32,clean,test,Steam_Engine-John-1826274710_uid-pe5dcl,0,1.9201237546105583e-30,0
PC float32,clean,test,Swimming_Pool Ambiance-SoundBible_uid-thd1td,0,1.6190320447841576e-27,0
PC float32,clean,test,Temple_Bell Huge-SoundBible_uid-vwd9pv,0,5.374889769371727e-11,0
PC float32,clean,test,Tornado_Siren_II-Delilah-747233690_uid-9imkus,0,8.090839540606404e-23,0
PC float32,clean,test,Tornado_Siren_II-Delilah-747233690_uid-k23l64,0,0.0,0
PC float32,clean,test,Tornado_Siren_II-Delilah-747233690_uid-yu5cjs,0,0.0,0
PC float32,clean,test,Tornado_Siren_SoundBible_uid-6dnh9z,0,1.4425189704703323e-29,0
PC float32,clean,test,Tornado_Siren_SoundBible_uid-g7d17q,0,7.719026137579465e-18,0
PC float32,clean,test,Walking-SoundBible_uid-62j3do,0,2.210938230562427e-19,0
PC float32,clean,test,Walking_In_Snow-SoundBible_uid-hoifci,0,0.0024491013027727604,0
PC float32,clean,test,Walking_On_Gravel-SoundBible_uid-7duozg,0,0.007295224815607071,0
PC float32,clean,test,Walking_On_Gravel-SoundBible_uid-fi611q,0,0.010362890549004078,0
PC float32,clean,test,Walking_On_Gravel-SoundBible_uid-jhzvu7,0,4.873998970324165e-17,0
PC float32,clean,test,Winston_Churchill Nazi Speech-SoundBible_uid-2unyd8,0,9.435881245704814e-20,0
PC float32,clean,test,Winston_Churchill Nazi Speech-SoundBible_uid-761zdn,0,1.0074514221584954e-22,0
PC float32,clean,test,Winston_Churchill Nazi Speech-SoundBible_uid-g4x51s,0,2.7675033114448833e-28,0
PC float32,clean,test,Winston_Churchill Nazi Speech-SoundBible_uid-jp39dv,0,6.757132602988413e-23,0
PC float32,clean,test,Winston_Churchill Nazi Speech-SoundBible_uid-rwukdv,0,1.4775311506678449e-24,0
PC float32,clean,test,Woman_Screaming 2-SoundBible_uid-c9acqz,0,0.0,0
PC float32,clean,test,church_chime-daniel_simon (1)_uid-zsrdac,0,0.0,0
PC float32,clean,test,church_chime-daniel_simon_uid-bbyw01,0,1.80538288391604e-34,0
PC float32,clean,test,church_chime-daniel_simon_uid-sxzijw,0,0.0,0
PC float32,clean,test,doberman_pincher_daniel-simion_uid-348sts,0,4.1748824073437006e-35,0
PC float32,clean,test,doberman_pincher_daniel-simion_uid-4gutjw,0,3.4356128722697666e-31,0
PC float32,clean,test,doberman_pincher_daniel-simion_uid-db2xc6,0,0.0,0
PC float32,clean,test,doberman_pincher_daniel-simion_uid-m6nbjk,0,7.286588870166431e-28,0
PC float32,clean,test,german_shephard-daniel_simon (1)_uid-x57o4h,0,0.0,0
PC float32,clean,test,german_shephard-daniel_simon_uid-35by3o,0,1.1619968319189141e-28,0
PC float32,clean,test,hard_shoes_1-daniel_simon_uid-lqfqp3,0,4.728142064363312e-29,0
PC float32,clean,test,harley_davidson-daniel_simon_uid-3gnkx0,0,6.218848786626596e-12,0
PC float32,clean,test,harley_davidson-daniel_simon_uid-5tbvav,0,3.458569541869849e-10,0
PC float32,clean,test,labrador_barking-daniel_simon_uid-cpx5m6,0,6.855179422886408e-35,0
PC float32,clean,test,labrador_barking-daniel_simon_uid-cvf4k1,0,0.0,0
PC float32,clean,test,labrador_barking-daniel_simon_uid-j0e09a,0,0.0,0
PC float32,clean,test,labrador_barking-daniel_simon_uid-mwgdoo,0,8.873312785665936e-38,0
PC float32,clean,test,labrador_barking-daniel_simon_uid-p1nd4y,0,0.0,0
PC float32,clean,test,labrador_barking-daniel_simon_uid-px7218,0,0.0,0
PC float32,clean,test,muscle_car-daniel_simon (1)_uid-hvisfn,0,1.455941724332662e-14,0
PC float32,clean,test,muscle_car-daniel_simon_uid-jpcsdl,0,1.455941724332662e-14,0
PC float32,clean,test,old_car-engine_daniel_simion_uid-2lzarp,0,3.1334536010434407e-30,0
PC float32,clean,test,old_car-engine_daniel_simion_uid-5xyl64,0,8.592457868941922e-26,0
PC float32,clean,test,old_car-engine_daniel_simion_uid-8mfyeb,0,3.9277864794873042e-31,0
PC float32,clean,test,old_car-engine_daniel_simion_uid-9xmt28,0,1.2741639360370893e-31,0
PC float32,clean,test,old_fashioned-door-bell-daniel_simon_uid-1bqwmt,0,4.438082860791498e-16,0
PC float32,clean,test,old_fashioned-door-bell-daniel_simon_uid-8q7aiq,0,4.4350390453473665e-06,0
PC float32,clean,test,party_crowd-daniel_simon_uid-8pwj7x,0,4.987375676725293e-32,0
PC float32,clean,test,party_crowd-daniel_simon_uid-vroqkp,0,1.7487545006358182e-28,0
PC float32,clean,test,railroad_crossing_bell-Brylon_Terry-1551570865 (1)_uid-55is8o,0,0.0,0
PC float32,clean,test,railroad_crossing_bell-Brylon_Terry-1551570865 (1)_uid-6mnkqh,0,0.0,0
PC float32,clean,test,railroad_crossing_bell-Brylon_Terry-1551570865 (1)_uid-mi9sxj,0,0.0,0
PC float32,clean,test,railroad_crossing_bell-Brylon_Terry-1551570865 (1)_uid-n15yft,0,0.0,0
PC float32,clean,test,railroad_crossing_bell-Brylon_Terry-1551570865 (1)_uid-vxl8al,0,0.0,0
PC float32,clean,test,railroad_crossing_bell-Brylon_Terry-1551570865 (1)_uid-waev1t,0,0.0,0
PC float32,clean,test,railroad_crossing_bell-Brylon_Terry-1551570865 (1)_uid-zyz59r,0,0.0,0
PC float32,clean,test,railroad_crossing_bell-Brylon_Terry-1551570865_uid-ejhzbl,0,0.0,0
PC float32,clean,test,railroad_crossing_bell-Brylon_Terry-1551570865_uid-po2yqk,0,0.0,0
PC float32,clean,test,tolling_bell_daniel-simion_uid-kg3lrg,0,6.024885214480583e-15,0
PC float32,clean,test,tolling_bell_daniel-simion_uid-witt3h,0,1.5893877379439216e-22,0
PC int8,clean,test,0003_0397s_shot_019_ch1,1,0.99609375,1
PC int8,clean,test,0005_0580s_shot_006_ch1,1,0.99609375,1
PC int8,clean,test,0005_0607s_shot_150_ch1,1,0.99609375,1
PC int8,clean,test,0005_0631s_shot_173_ch1,1,0.99609375,1
PC int8,clean,test,0005_0632s_shot_176_ch1,1,0.99609375,1
PC int8,clean,test,0005_0662s_shot_201_ch1,1,0.99609375,1
PC int8,clean,test,0005_0685s_shot_220_ch1,1,0.99609375,1
PC int8,clean,test,0005_0700s_shot_037_ch1,1,0.99609375,1
PC int8,clean,test,0011_0226s_shot_011_ch1,1,0.99609375,1
PC int8,clean,test,0011_0333s_shot_018_ch1,1,0.99609375,1
PC int8,clean,test,171236__alukahn__gunshot2_uid-fcn21d,0,0.0,0
PC int8,clean,test,371041__morganpurkis__single-gunshot-3_uid-1k053k,0,0.0,0
PC int8,clean,test,384687__morganpurkis__single-gunshot-42_uid-u9d6r1,0,0.0,0
PC int8,clean,test,384689__dobroide__20170318gunshotparadiso_uid-kwsehz,0,0.0,0
PC int8,clean,test,384689__dobroide__20170318gunshotparadiso_uid-pjl13d,0,0.0,0
PC int8,clean,test,402008__eardeer__gunshot__high_3_uid-4j4q67,0,0.0,0
PC int8,clean,test,402791__acidsnowflake__ak47-and-various-other-gunshots-at-indoor-shooting-range_uid-6aezru,0,0.0,0
PC int8,clean,test,402791__acidsnowflake__ak47-and-various-other-gunshots-at-indoor-shooting-range_uid-byjlki,0,0.0,0
PC int8,clean,test,402791__acidsnowflake__ak47-and-various-other-gunshots-at-indoor-shooting-range_uid-garl1l,0,0.0,0
PC int8,clean,test,402791__acidsnowflake__ak47-and-various-other-gunshots-at-indoor-shooting-range_uid-l3ibfo,0,0.0,0
PC int8,clean,test,402791__acidsnowflake__ak47-and-various-other-gunshots-at-indoor-shooting-range_uid-qe3eyz,0,0.0,0
PC int8,clean,test,405132__fstagi__gunshots_uid-xcyi0z,0,0.0,0
PC int8,clean,test,51470__smcameron__synthetic_gunshot_2_uid-vatpwv,0,0.0,0
PC int8,clean,test,518181__bolkmar__fx-gunshot_uid-al1o0i,0,0.0,0
PC int8,clean,test,518181__bolkmar__fx-gunshot_uid-es96l9,0,0.0,0
PC int8,clean,test,518181__bolkmar__fx-gunshot_uid-j3vsmz,0,0.0,0
PC int8,clean,test,519623__nathanchurchyard__gunshots_uid-kvxx3q,0,0.0,0
PC int8,clean,test,683312__pnmcarrierailfan__pistol-gunshot-mix-weapons_uid-tmmoay,0,0.0,0
PC int8,clean,test,Amusement_Park Ambiance -SoundBible_uid-2t9w3e,0,0.0,0
PC int8,clean,test,Amusement_Park Ambiance -SoundBible_uid-jwv6lq,0,0.0,0
PC int8,clean,test,Amusement_Park Ambiance -SoundBible_uid-l24o63,0,0.0,0
PC int8,clean,test,Background_Noise-SoundBible_uid-m7qaag,0,0.0,0
PC int8,clean,test,Background_Noise-SoundBible_uid-mnn2bm,0,0.0,0
PC int8,clean,test,Bi_Polar_Uncle-ScanMan-1810098860_uid-b8uks2,0,0.0,0
PC int8,clean,test,Bi_Polar_Uncle-ScanMan-1810098860_uid-evaiic,0,0.0,0
PC int8,clean,test,Bi_Polar_Uncle-ScanMan-1810098860_uid-l7n0jt,0,0.0,0
PC int8,clean,test,Bi_Polar_Uncle-ScanMan-1810098860_uid-omv54z,0,0.0,0
PC int8,clean,test,Bi_Polar_Uncle-ScanMan-1810098860_uid-p90ljg,0,0.0,0
PC int8,clean,test,Big_door_closed-Clemens_F-941522533_uid-n02it9,0,0.0,0
PC int8,clean,test,Cellar_Door Slam Shut-SoundBible_uid-pg4dq8,0,0.0,0
PC int8,clean,test,Citty_Traffic Ambiance-SoundBible_uid-87yimc,0,0.0,0
PC int8,clean,test,Citty_Traffic Ambiance-SoundBible_uid-8vk0wx,0,0.0,0
PC int8,clean,test,Citty_Traffic Ambiance-SoundBible_uid-mxbe2e,0,0.0,0
PC int8,clean,test,Citty_Traffic Ambiance-SoundBible_uid-q0srdn,0,0.0,0
PC int8,clean,test,City_Ambiance-SoundBible_uid-8yrqh9,0,0.0,0
PC int8,clean,test,City_Ambiance-SoundBible_uid-t8xlgr,0,0.0,0
PC int8,clean,test,Classroom_Ambiance-SoundBible_uid-q49pv1,0,0.0,0
PC int8,clean,test,Classroom_Ambiance-SoundBible_uid-qfbdk0,0,0.0,0
PC int8,clean,test,Classroom_Ambiance-SoundBible_uid-uu3ewb,0,0.0,0
PC int8,clean,test,Classroom_Ambiance-SoundBible_uid-xdl758,0,0.0,0
PC int8,clean,test,Close_Vault_Or_Jail_Door-SoundBible_uid-lasl2n,0,0.0,0
PC int8,clean,test,Dog_Barking-SoundBible_uid-3uyzqt,0,0.0,0
PC int8,clean,test,Dog_Barking-SoundBible_uid-udwefz,0,0.0,0
PC int8,clean,test,Dogs_Barking-SoundBible_uid-0ftva8,0,0.0,0
PC int8,clean,test,Dogs_Barking-SoundBible_uid-itlawo,0,0.0,0
PC int8,clean,test,Dogs_Barking-SoundBible_uid-k8qbi9,0,0.0,0
PC int8,clean,test,End_of_Game-Mike_Koenig-617089079_uid-0scusn,0,0.0,0
PC int8,clean,test,Engine_Inside_Car-SoundBible_uid-as3jed,0,0.1484375,0
PC int8,clean,test,Fast_Heel_Walk-Kyanna_Johnson-1646343608_uid-8u9yx0,0,0.0,0
PC int8,clean,test,Fast_Heel_Walk-Kyanna_Johnson-1646343608_uid-9pwmgu,0,0.0,0
PC int8,clean,test,Female_Scream_Horror-NeoPhyTe-138499973_uid-w7fb5j,0,0.0,0
PC int8,clean,test,Footsteps_SoundBible_uid-4v6zy1,0,0.0,0
PC int8,clean,test,Footsteps_SoundBible_uid-dg95vk,0,0.0,0
PC int8,clean,test,Footsteps_SoundBible_uid-hnz36f,0,0.0,0
PC int8,clean,test,Frying_Pan_Impact-SoundBible_uid-nbylf3,0,0.0,0
PC int8,clean,test,Indian_Bell-SoundBible_uid-t0u6xu,0,0.0,0
PC int8,clean,test,Japanese_Temple Bell Small-SoundBible_uid-3fhudh,0,0.0,0
PC int8,clean,test,Japanese_Temple Bell Small-SoundBible_uid-8kpqn1,0,0.0,0
PC int8,clean,test,Large_Door_Slam-SoundBible_uid-ljg1k3,0,0.0,0
PC int8,clean,test,Little_Girl_Talking-Mike_Koenig-782373463_uid-bstw5g,0,0.0,0
PC int8,clean,test,Metal_Gong-Dianakc-109711828_uid-hlegwg,0,0.0,0
PC int8,clean,test,Motorcycle_Engine-SoundBible_uid-bo8n5y,0,0.0,0
PC int8,clean,test,Neighborhood_Dogs Barking-SoundBible_uid-6a1kho,0,0.0,0
PC int8,clean,test,Neighborhood_Dogs Barking-SoundBible_uid-7mwktq,0,0.0,0
PC int8,clean,test,Neighborhood_Dogs Barking-SoundBible_uid-dwmjp4,0,0.0,0
PC int8,clean,test,Neighborhood_Dogs Barking-SoundBible_uid-kc7h7x,0,0.0,0
PC int8,clean,test,Neighborhood_Dogs Barking-SoundBible_uid-p7gr4b,0,0.0,0
PC int8,clean,test,Neighborhood_Dogs Barking-SoundBible_uid-rq1qkq,0,0.0,0
PC int8,clean,test,Obama_Speech Liar-SoundBible_uid-8mnhtv,0,0.0,0
PC int8,clean,test,Old_Door_Creaking-SoundBible_uid-e16ryq,0,0.0,0
PC int8,clean,test,Old_Door_Creaking-SoundBible_uid-f2vs74,0,0.0,0
PC int8,clean,test,Old_Door_Creaking-SoundBible_uid-ozrhlo,0,0.0,0
PC int8,clean,test,Old_Door_Creaking-SoundBible_uid-q6uf3u,0,0.0,0
PC int8,clean,test,Police Siren 3-SoundBible_uid-nytspf,0,0.0,0
PC int8,clean,test,Police_Siren-SoundBible_uid-uyk0z0,0,0.0,0
PC int8,clean,test,Psycho_Scream-SoundBible_uid-4qhwlo,0,0.0,0
PC int8,clean,test,Psycho_Scream-SoundBible_uid-uococi,0,0.0,0
PC int8,clean,test,Puppy_Dog Barking-SoundBible_uid-130qr7,0,0.0,0
PC int8,clean,test,Puppy_Dog Barking-SoundBible_uid-zrfwba,0,0.0,0
PC int8,clean,test,Race_Car Idle-SoundBible_uid-5il88u,0,0.0,0
PC int8,clean,test,Race_Car Idle-SoundBible_uid-bjwy2y,0,0.0,0
PC int8,clean,test,Race_Car Idle-SoundBible_uid-i7dn0k,0,0.0,0
PC int8,clean,test,Restaurant Walla Track-SoundBible_uid-19b0uq,0,0.0,0
PC int8,clean,test,Restaurant Walla Track-SoundBible_uid-e11kg8,0,0.0,0
PC int8,clean,test,Restaurant Walla Track-SoundBible_uid-fk59q6,0,0.0,0
PC int8,clean,test,School_Fire_Alarm-Cullen_Card-202875844_uid-rfkm7v,0,0.0,0
PC int8,clean,test,Shift_Gears-SoundBible_uid-cvmuj8,0,0.0,0
PC int8,clean,test,Ship_Bell-Mike_Koenig-1911209136_uid-e2z0y7,0,0.0,0
PC int8,clean,test,Ship_Brass_Bell-Mike_Koenig-1458750630_uid-oksrz0,0,0.0,0
PC int8,clean,test,Shopping_Mall Ambiance-SoundBible_uid-fa5yaq,0,0.0,0
PC int8,clean,test,Sleigh_Bells_Ringing-SoundBible_uid-i52bxo,0,0.0,0
PC int8,clean,test,Sleigh_Bells_Ringing-SoundBible_uid-xjtewi,0,0.0,0
PC int8,clean,test,Soldiers_Marching-SoundBible_uid-0eax5q,0,0.0,0
PC int8,clean,test,Soldiers_Marching-SoundBible_uid-4m3auc,0,0.0,0
PC int8,clean,test,Soldiers_Marching-SoundBible_uid-51ygbj,0,0.0,0
PC int8,clean,test,Soldiers_Marching-SoundBible_uid-5xkxw1,0,0.0,0
PC int8,clean,test,Soldiers_Marching-SoundBible_uid-bqrx9i,0,0.0,0
PC int8,clean,test,Sports_Bar Patrons Loud-SoundBible_uid-0qx8ca,0,0.0,0
PC int8,clean,test,Steam_Engine-John-1826274710_uid-1hznao,0,0.0,0
PC int8,clean,test,Steam_Engine-John-1826274710_uid-9qykmv,0,0.0,0
PC int8,clean,test,Steam_Engine-John-1826274710_uid-pe5dcl,0,0.0,0
PC int8,clean,test,Swimming_Pool Ambiance-SoundBible_uid-thd1td,0,0.0,0
PC int8,clean,test,Temple_Bell Huge-SoundBible_uid-vwd9pv,0,0.0,0
PC int8,clean,test,Tornado_Siren_II-Delilah-747233690_uid-9imkus,0,0.0,0
PC int8,clean,test,Tornado_Siren_II-Delilah-747233690_uid-k23l64,0,0.0,0
PC int8,clean,test,Tornado_Siren_II-Delilah-747233690_uid-yu5cjs,0,0.0,0
PC int8,clean,test,Tornado_Siren_SoundBible_uid-6dnh9z,0,0.0,0
PC int8,clean,test,Tornado_Siren_SoundBible_uid-g7d17q,0,0.0,0
PC int8,clean,test,Walking-SoundBible_uid-62j3do,0,0.0,0
PC int8,clean,test,Walking_In_Snow-SoundBible_uid-hoifci,0,0.00390625,0
PC int8,clean,test,Walking_On_Gravel-SoundBible_uid-7duozg,0,0.01171875,0
PC int8,clean,test,Walking_On_Gravel-SoundBible_uid-fi611q,0,0.00390625,0
PC int8,clean,test,Walking_On_Gravel-SoundBible_uid-jhzvu7,0,0.0,0
PC int8,clean,test,Winston_Churchill Nazi Speech-SoundBible_uid-2unyd8,0,0.0,0
PC int8,clean,test,Winston_Churchill Nazi Speech-SoundBible_uid-761zdn,0,0.0,0
PC int8,clean,test,Winston_Churchill Nazi Speech-SoundBible_uid-g4x51s,0,0.0,0
PC int8,clean,test,Winston_Churchill Nazi Speech-SoundBible_uid-jp39dv,0,0.0,0
PC int8,clean,test,Winston_Churchill Nazi Speech-SoundBible_uid-rwukdv,0,0.0,0
PC int8,clean,test,Woman_Screaming 2-SoundBible_uid-c9acqz,0,0.0,0
PC int8,clean,test,church_chime-daniel_simon (1)_uid-zsrdac,0,0.0,0
PC int8,clean,test,church_chime-daniel_simon_uid-bbyw01,0,0.0,0
PC int8,clean,test,church_chime-daniel_simon_uid-sxzijw,0,0.0,0
PC int8,clean,test,doberman_pincher_daniel-simion_uid-348sts,0,0.0,0
PC int8,clean,test,doberman_pincher_daniel-simion_uid-4gutjw,0,0.0,0
PC int8,clean,test,doberman_pincher_daniel-simion_uid-db2xc6,0,0.0,0
PC int8,clean,test,doberman_pincher_daniel-simion_uid-m6nbjk,0,0.0,0
PC int8,clean,test,german_shephard-daniel_simon (1)_uid-x57o4h,0,0.0,0
PC int8,clean,test,german_shephard-daniel_simon_uid-35by3o,0,0.0,0
PC int8,clean,test,hard_shoes_1-daniel_simon_uid-lqfqp3,0,0.0,0
PC int8,clean,test,harley_davidson-daniel_simon_uid-3gnkx0,0,0.0,0
PC int8,clean,test,harley_davidson-daniel_simon_uid-5tbvav,0,0.0,0
PC int8,clean,test,labrador_barking-daniel_simon_uid-cpx5m6,0,0.0,0
PC int8,clean,test,labrador_barking-daniel_simon_uid-cvf4k1,0,0.0,0
PC int8,clean,test,labrador_barking-daniel_simon_uid-j0e09a,0,0.0,0
PC int8,clean,test,labrador_barking-daniel_simon_uid-mwgdoo,0,0.0,0
PC int8,clean,test,labrador_barking-daniel_simon_uid-p1nd4y,0,0.0,0
PC int8,clean,test,labrador_barking-daniel_simon_uid-px7218,0,0.0,0
PC int8,clean,test,muscle_car-daniel_simon (1)_uid-hvisfn,0,0.0,0
PC int8,clean,test,muscle_car-daniel_simon_uid-jpcsdl,0,0.0,0
PC int8,clean,test,old_car-engine_daniel_simion_uid-2lzarp,0,0.0,0
PC int8,clean,test,old_car-engine_daniel_simion_uid-5xyl64,0,0.0,0
PC int8,clean,test,old_car-engine_daniel_simion_uid-8mfyeb,0,0.0,0
PC int8,clean,test,old_car-engine_daniel_simion_uid-9xmt28,0,0.0,0
PC int8,clean,test,old_fashioned-door-bell-daniel_simon_uid-1bqwmt,0,0.0,0
PC int8,clean,test,old_fashioned-door-bell-daniel_simon_uid-8q7aiq,0,0.0,0
PC int8,clean,test,party_crowd-daniel_simon_uid-8pwj7x,0,0.0,0
PC int8,clean,test,party_crowd-daniel_simon_uid-vroqkp,0,0.0,0
PC int8,clean,test,railroad_crossing_bell-Brylon_Terry-1551570865 (1)_uid-55is8o,0,0.0,0
PC int8,clean,test,railroad_crossing_bell-Brylon_Terry-1551570865 (1)_uid-6mnkqh,0,0.0,0
PC int8,clean,test,railroad_crossing_bell-Brylon_Terry-1551570865 (1)_uid-mi9sxj,0,0.0,0
PC int8,clean,test,railroad_crossing_bell-Brylon_Terry-1551570865 (1)_uid-n15yft,0,0.0,0
PC int8,clean,test,railroad_crossing_bell-Brylon_Terry-1551570865 (1)_uid-vxl8al,0,0.0,0
PC int8,clean,test,railroad_crossing_bell-Brylon_Terry-1551570865 (1)_uid-waev1t,0,0.0,0
PC int8,clean,test,railroad_crossing_bell-Brylon_Terry-1551570865 (1)_uid-zyz59r,0,0.0,0
PC int8,clean,test,railroad_crossing_bell-Brylon_Terry-1551570865_uid-ejhzbl,0,0.0,0
PC int8,clean,test,railroad_crossing_bell-Brylon_Terry-1551570865_uid-po2yqk,0,0.0,0
PC int8,clean,test,tolling_bell_daniel-simion_uid-kg3lrg,0,0.0,0
PC int8,clean,test,tolling_bell_daniel-simion_uid-witt3h,0,0.0,0
PC float32,noise_snr30db,test,0003_0397s_shot_019_ch1,1,1.0,1
PC float32,noise_snr30db,test,0005_0580s_shot_006_ch1,1,1.0,1
PC float32,noise_snr30db,test,0005_0607s_shot_150_ch1,1,0.9999999403953552,1
PC float32,noise_snr30db,test,0005_0631s_shot_173_ch1,1,1.0,1
PC float32,noise_snr30db,test,0005_0632s_shot_176_ch1,1,0.9999999403953552,1
PC float32,noise_snr30db,test,0005_0662s_shot_201_ch1,1,1.0,1
PC float32,noise_snr30db,test,0005_0685s_shot_220_ch1,1,1.0,1
PC float32,noise_snr30db,test,0005_0700s_shot_037_ch1,1,0.9999997615814209,1
PC float32,noise_snr30db,test,0011_0226s_shot_011_ch1,1,0.9999217987060547,1
PC float32,noise_snr30db,test,0011_0333s_shot_018_ch1,1,0.999910295009613,1
PC float32,noise_snr30db,test,171236__alukahn__gunshot2_uid-fcn21d,0,6.951986729342163e-12,0
PC float32,noise_snr30db,test,371041__morganpurkis__single-gunshot-3_uid-1k053k,0,1.4397660581116911e-12,0
PC float32,noise_snr30db,test,384687__morganpurkis__single-gunshot-42_uid-u9d6r1,0,9.755741136804885e-13,0
PC float32,noise_snr30db,test,384689__dobroide__20170318gunshotparadiso_uid-kwsehz,0,9.04847805590505e-19,0
PC float32,noise_snr30db,test,384689__dobroide__20170318gunshotparadiso_uid-pjl13d,0,3.2314203396444086e-12,0
PC float32,noise_snr30db,test,402008__eardeer__gunshot__high_3_uid-4j4q67,0,7.547469605013752e-25,0
PC float32,noise_snr30db,test,402791__acidsnowflake__ak47-and-various-other-gunshots-at-indoor-shooting-range_uid-6aezru,0,1.8413213767399758e-26,0
PC float32,noise_snr30db,test,402791__acidsnowflake__ak47-and-various-other-gunshots-at-indoor-shooting-range_uid-byjlki,0,2.8609861418809243e-23,0
PC float32,noise_snr30db,test,402791__acidsnowflake__ak47-and-various-other-gunshots-at-indoor-shooting-range_uid-garl1l,0,1.1260913588538383e-28,0
PC float32,noise_snr30db,test,402791__acidsnowflake__ak47-and-various-other-gunshots-at-indoor-shooting-range_uid-l3ibfo,0,9.666434213501998e-27,0
PC float32,noise_snr30db,test,402791__acidsnowflake__ak47-and-various-other-gunshots-at-indoor-shooting-range_uid-qe3eyz,0,5.9063912661303675e-31,0
PC float32,noise_snr30db,test,405132__fstagi__gunshots_uid-xcyi0z,0,4.601690140049186e-09,0
PC float32,noise_snr30db,test,51470__smcameron__synthetic_gunshot_2_uid-vatpwv,0,1.4691756144991075e-10,0
PC float32,noise_snr30db,test,518181__bolkmar__fx-gunshot_uid-al1o0i,0,9.194662418198128e-17,0
PC float32,noise_snr30db,test,518181__bolkmar__fx-gunshot_uid-es96l9,0,7.867153328788845e-08,0
PC float32,noise_snr30db,test,518181__bolkmar__fx-gunshot_uid-j3vsmz,0,1.791438287495893e-16,0
PC float32,noise_snr30db,test,519623__nathanchurchyard__gunshots_uid-kvxx3q,0,1.1290356427551274e-09,0
PC float32,noise_snr30db,test,683312__pnmcarrierailfan__pistol-gunshot-mix-weapons_uid-tmmoay,0,5.343759869451154e-16,0
PC float32,noise_snr30db,test,Amusement_Park Ambiance -SoundBible_uid-2t9w3e,0,1.9590705282107124e-15,0
PC float32,noise_snr30db,test,Amusement_Park Ambiance -SoundBible_uid-jwv6lq,0,4.990115606864154e-17,0
PC float32,noise_snr30db,test,Amusement_Park Ambiance -SoundBible_uid-l24o63,0,1.0818027029735333e-11,0
PC float32,noise_snr30db,test,Background_Noise-SoundBible_uid-m7qaag,0,3.780988606649771e-07,0
PC float32,noise_snr30db,test,Background_Noise-SoundBible_uid-mnn2bm,0,0.00042041446431539953,0
PC float32,noise_snr30db,test,Bi_Polar_Uncle-ScanMan-1810098860_uid-b8uks2,0,0.0,0
PC float32,noise_snr30db,test,Bi_Polar_Uncle-ScanMan-1810098860_uid-evaiic,0,0.0,0
PC float32,noise_snr30db,test,Bi_Polar_Uncle-ScanMan-1810098860_uid-l7n0jt,0,0.0,0
PC float32,noise_snr30db,test,Bi_Polar_Uncle-ScanMan-1810098860_uid-omv54z,0,0.0,0
PC float32,noise_snr30db,test,Bi_Polar_Uncle-ScanMan-1810098860_uid-p90ljg,0,0.0,0
PC float32,noise_snr30db,test,Big_door_closed-Clemens_F-941522533_uid-n02it9,0,4.6905871570048325e-25,0
PC float32,noise_snr30db,test,Cellar_Door Slam Shut-SoundBible_uid-pg4dq8,0,2.6865784048150522e-18,0
PC float32,noise_snr30db,test,Citty_Traffic Ambiance-SoundBible_uid-87yimc,0,7.641318399767275e-21,0
PC float32,noise_snr30db,test,Citty_Traffic Ambiance-SoundBible_uid-8vk0wx,0,1.8104966775441052e-23,0
PC float32,noise_snr30db,test,Citty_Traffic Ambiance-SoundBible_uid-mxbe2e,0,8.973899030015157e-16,0
PC float32,noise_snr30db,test,Citty_Traffic Ambiance-SoundBible_uid-q0srdn,0,1.3246304893301675e-19,0
PC float32,noise_snr30db,test,City_Ambiance-SoundBible_uid-8yrqh9,0,4.7655847746313956e-23,0
PC float32,noise_snr30db,test,City_Ambiance-SoundBible_uid-t8xlgr,0,3.8447619232764206e-35,0
PC float32,noise_snr30db,test,Classroom_Ambiance-SoundBible_uid-q49pv1,0,7.347776431743114e-07,0
PC float32,noise_snr30db,test,Classroom_Ambiance-SoundBible_uid-qfbdk0,0,7.51224646933224e-08,0
PC float32,noise_snr30db,test,Classroom_Ambiance-SoundBible_uid-uu3ewb,0,1.2252462511241902e-06,0
PC float32,noise_snr30db,test,Classroom_Ambiance-SoundBible_uid-xdl758,0,1.2498768455770914e-06,0
PC float32,noise_snr30db,test,Close_Vault_Or_Jail_Door-SoundBible_uid-lasl2n,0,2.34536177146083e-08,0
PC float32,noise_snr30db,test,Dog_Barking-SoundBible_uid-3uyzqt,0,0.0,0
PC float32,noise_snr30db,test,Dog_Barking-SoundBible_uid-udwefz,0,0.0,0
PC float32,noise_snr30db,test,Dogs_Barking-SoundBible_uid-0ftva8,0,2.865327311851387e-27,0
PC float32,noise_snr30db,test,Dogs_Barking-SoundBible_uid-itlawo,0,7.162423436904893e-32,0
PC float32,noise_snr30db,test,Dogs_Barking-SoundBible_uid-k8qbi9,0,1.7505909711342886e-27,0
PC float32,noise_snr30db,test,End_of_Game-Mike_Koenig-617089079_uid-0scusn,0,1.6722411858978575e-29,0
PC float32,noise_snr30db,test,Engine_Inside_Car-SoundBible_uid-as3jed,0,0.18416093289852142,0
PC float32,noise_snr30db,test,Fast_Heel_Walk-Kyanna_Johnson-1646343608_uid-8u9yx0,0,6.2491003396785925e-19,0
PC float32,noise_snr30db,test,Fast_Heel_Walk-Kyanna_Johnson-1646343608_uid-9pwmgu,0,1.0195403211005548e-23,0
PC float32,noise_snr30db,test,Female_Scream_Horror-NeoPhyTe-138499973_uid-w7fb5j,0,6.774797535014872e-35,0
PC float32,noise_snr30db,test,Footsteps_SoundBible_uid-4v6zy1,0,1.7288776871903183e-18,0
PC float32,noise_snr30db,test,Footsteps_SoundBible_uid-dg95vk,0,1.061647996504479e-22,0
PC float32,noise_snr30db,test,Footsteps_SoundBible_uid-hnz36f,0,3.415499918446585e-07,0
PC float32,noise_snr30db,test,Frying_Pan_Impact-SoundBible_uid-nbylf3,0,0.0,0
PC float32,noise_snr30db,test,Indian_Bell-SoundBible_uid-t0u6xu,0,2.6881278283000997e-32,0
PC float32,noise_snr30db,test,Japanese_Temple Bell Small-SoundBible_uid-3fhudh,0,7.608256320115231e-34,0
PC float32,noise_snr30db,test,Japanese_Temple Bell Small-SoundBible_uid-8kpqn1,0,9.507325005668083e-25,0
PC float32,noise_snr30db,test,Large_Door_Slam-SoundBible_uid-ljg1k3,0,1.415663319903615e-07,0
PC float32,noise_snr30db,test,Little_Girl_Talking-Mike_Koenig-782373463_uid-bstw5g,0,0.0,0
PC float32,noise_snr30db,test,Metal_Gong-Dianakc-109711828_uid-hlegwg,0,8.889417586033233e-06,0
PC float32,noise_snr30db,test,Motorcycle_Engine-SoundBible_uid-bo8n5y,0,9.178789284192135e-09,0
PC float32,noise_snr30db,test,Neighborhood_Dogs Barking-SoundBible_uid-6a1kho,0,0.0,0
PC float32,noise_snr30db,test,Neighborhood_Dogs Barking-SoundBible_uid-7mwktq,0,5.75500567615365e-35,0
PC float32,noise_snr30db,test,Neighborhood_Dogs Barking-SoundBible_uid-dwmjp4,0,0.0,0
PC float32,noise_snr30db,test,Neighborhood_Dogs Barking-SoundBible_uid-kc7h7x,0,1.5577493797063302e-36,0
PC float32,noise_snr30db,test,Neighborhood_Dogs Barking-SoundBible_uid-p7gr4b,0,4.000338461017796e-31,0
PC float32,noise_snr30db,test,Neighborhood_Dogs Barking-SoundBible_uid-rq1qkq,0,3.1263457468378716e-25,0
PC float32,noise_snr30db,test,Obama_Speech Liar-SoundBible_uid-8mnhtv,0,0.0,0
PC float32,noise_snr30db,test,Old_Door_Creaking-SoundBible_uid-e16ryq,0,8.80436199749042e-15,0
PC float32,noise_snr30db,test,Old_Door_Creaking-SoundBible_uid-f2vs74,0,6.553909488446268e-16,0
PC float32,noise_snr30db,test,Old_Door_Creaking-SoundBible_uid-ozrhlo,0,4.0820238263858844e-16,0
PC float32,noise_snr30db,test,Old_Door_Creaking-SoundBible_uid-q6uf3u,0,1.0425727901169132e-14,0
PC float32,noise_snr30db,test,Police Siren 3-SoundBible_uid-nytspf,0,0.0,0
PC float32,noise_snr30db,test,Police_Siren-SoundBible_uid-uyk0z0,0,2.1985719600152613e-29,0
PC float32,noise_snr30db,test,Psycho_Scream-SoundBible_uid-4qhwlo,0,0.0,0
PC float32,noise_snr30db,test,Psycho_Scream-SoundBible_uid-uococi,0,0.0,0
PC float32,noise_snr30db,test,Puppy_Dog Barking-SoundBible_uid-130qr7,0,0.0,0
PC float32,noise_snr30db,test,Puppy_Dog Barking-SoundBible_uid-zrfwba,0,0.0,0
PC float32,noise_snr30db,test,Race_Car Idle-SoundBible_uid-5il88u,0,7.049213793131295e-21,0
PC float32,noise_snr30db,test,Race_Car Idle-SoundBible_uid-bjwy2y,0,1.134056971014864e-22,0
PC float32,noise_snr30db,test,Race_Car Idle-SoundBible_uid-i7dn0k,0,2.3401721069401173e-21,0
PC float32,noise_snr30db,test,Restaurant Walla Track-SoundBible_uid-19b0uq,0,1.220234525402264e-12,0
PC float32,noise_snr30db,test,Restaurant Walla Track-SoundBible_uid-e11kg8,0,4.2812492054379125e-26,0
PC float32,noise_snr30db,test,Restaurant Walla Track-SoundBible_uid-fk59q6,0,9.583091880448962e-34,0
PC float32,noise_snr30db,test,School_Fire_Alarm-Cullen_Card-202875844_uid-rfkm7v,0,0.0,0
PC float32,noise_snr30db,test,Shift_Gears-SoundBible_uid-cvmuj8,0,1.134633989641038e-27,0
PC float32,noise_snr30db,test,Ship_Bell-Mike_Koenig-1911209136_uid-e2z0y7,0,0.0,0
PC float32,noise_snr30db,test,Ship_Brass_Bell-Mike_Koenig-1458750630_uid-oksrz0,0,1.2217882800524203e-34,0
PC float32,noise_snr30db,test,Shopping_Mall Ambiance-SoundBible_uid-fa5yaq,0,1.5389954295361482e-22,0
PC float32,noise_snr30db,test,Sleigh_Bells_Ringing-SoundBible_uid-i52bxo,0,0.0,0
PC float32,noise_snr30db,test,Sleigh_Bells_Ringing-SoundBible_uid-xjtewi,0,0.0,0
PC float32,noise_snr30db,test,Soldiers_Marching-SoundBible_uid-0eax5q,0,7.689523913852149e-17,0
PC float32,noise_snr30db,test,Soldiers_Marching-SoundBible_uid-4m3auc,0,1.083782959936002e-19,0
PC float32,noise_snr30db,test,Soldiers_Marching-SoundBible_uid-51ygbj,0,3.100916151493069e-17,0
PC float32,noise_snr30db,test,Soldiers_Marching-SoundBible_uid-5xkxw1,0,7.212945148098217e-20,0
PC float32,noise_snr30db,test,Soldiers_Marching-SoundBible_uid-bqrx9i,0,2.5184088898196593e-20,0
PC float32,noise_snr30db,test,Sports_Bar Patrons Loud-SoundBible_uid-0qx8ca,0,2.1703025466247196e-33,0
PC float32,noise_snr30db,test,Steam_Engine-John-1826274710_uid-1hznao,0,3.886568854156635e-19,0
PC float32,noise_snr30db,test,Steam_Engine-John-1826274710_uid-9qykmv,0,1.1595682396516457e-24,0
PC float32,noise_snr30db,test,Steam_Engine-John-1826274710_uid-pe5dcl,0,1.6954806904057045e-29,0
PC float32,noise_snr30db,test,Swimming_Pool Ambiance-SoundBible_uid-thd1td,0,1.79506069355019e-27,0
PC float32,noise_snr30db,test,Temple_Bell Huge-SoundBible_uid-vwd9pv,0,2.169179680322486e-08,0
PC float32,noise_snr30db,test,Tornado_Siren_II-Delilah-747233690_uid-9imkus,0,2.9098143978600214e-21,0
PC float32,noise_snr30db,test,Tornado_Siren_II-Delilah-747233690_uid-k23l64,0,0.0,0
PC float32,noise_snr30db,test,Tornado_Siren_II-Delilah-747233690_uid-yu5cjs,0,0.0,0
PC float32,noise_snr30db,test,Tornado_Siren_SoundBible_uid-6dnh9z,0,2.620180504055197e-27,0
PC float32,noise_snr30db,test,Tornado_Siren_SoundBible_uid-g7d17q,0,1.3021442467686383e-21,0
PC float32,noise_snr30db,test,Walking-SoundBible_uid-62j3do,0,2.0817602777333763e-18,0
PC float32,noise_snr30db,test,Walking_In_Snow-SoundBible_uid-hoifci,0,0.0027876838576048613,0
PC float32,noise_snr30db,test,Walking_On_Gravel-SoundBible_uid-7duozg,0,0.0057391515001654625,0
PC float32,noise_snr30db,test,Walking_On_Gravel-SoundBible_uid-fi611q,0,0.011165284551680088,0
PC float32,noise_snr30db,test,Walking_On_Gravel-SoundBible_uid-jhzvu7,0,5.909474910774376e-17,0
PC float32,noise_snr30db,test,Winston_Churchill Nazi Speech-SoundBible_uid-2unyd8,0,5.843008632450025e-18,0
PC float32,noise_snr30db,test,Winston_Churchill Nazi Speech-SoundBible_uid-761zdn,0,3.5419387447320464e-17,0
PC float32,noise_snr30db,test,Winston_Churchill Nazi Speech-SoundBible_uid-g4x51s,0,2.508110429942716e-29,0
PC float32,noise_snr30db,test,Winston_Churchill Nazi Speech-SoundBible_uid-jp39dv,0,3.659667719137084e-20,0
PC float32,noise_snr30db,test,Winston_Churchill Nazi Speech-SoundBible_uid-rwukdv,0,8.826357418980881e-22,0
PC float32,noise_snr30db,test,Woman_Screaming 2-SoundBible_uid-c9acqz,0,0.0,0
PC float32,noise_snr30db,test,church_chime-daniel_simon (1)_uid-zsrdac,0,7.05851804944938e-38,0
PC float32,noise_snr30db,test,church_chime-daniel_simon_uid-bbyw01,0,8.082896602570789e-34,0
PC float32,noise_snr30db,test,church_chime-daniel_simon_uid-sxzijw,0,0.0,0
PC float32,noise_snr30db,test,doberman_pincher_daniel-simion_uid-348sts,0,9.39239329158386e-35,0
PC float32,noise_snr30db,test,doberman_pincher_daniel-simion_uid-4gutjw,0,1.6729994831976407e-30,0
PC float32,noise_snr30db,test,doberman_pincher_daniel-simion_uid-db2xc6,0,0.0,0
PC float32,noise_snr30db,test,doberman_pincher_daniel-simion_uid-m6nbjk,0,5.9129177002917826e-27,0
PC float32,noise_snr30db,test,german_shephard-daniel_simon (1)_uid-x57o4h,0,3.304880031760379e-38,0
PC float32,noise_snr30db,test,german_shephard-daniel_simon_uid-35by3o,0,1.831485729551188e-26,0
PC float32,noise_snr30db,test,hard_shoes_1-daniel_simon_uid-lqfqp3,0,1.4700902525349707e-28,0
PC float32,noise_snr30db,test,harley_davidson-daniel_simon_uid-3gnkx0,0,1.9242456239521033e-10,0
PC float32,noise_snr30db,test,harley_davidson-daniel_simon_uid-5tbvav,0,9.187858251991088e-10,0
PC float32,noise_snr30db,test,labrador_barking-daniel_simon_uid-cpx5m6,0,1.565689831849233e-37,0
PC float32,noise_snr30db,test,labrador_barking-daniel_simon_uid-cvf4k1,0,2.460742321006195e-38,0
PC float32,noise_snr30db,test,labrador_barking-daniel_simon_uid-j0e09a,0,0.0,0
PC float32,noise_snr30db,test,labrador_barking-daniel_simon_uid-mwgdoo,0,2.7362452201830715e-33,0
PC float32,noise_snr30db,test,labrador_barking-daniel_simon_uid-p1nd4y,0,0.0,0
PC float32,noise_snr30db,test,labrador_barking-daniel_simon_uid-px7218,0,0.0,0
PC float32,noise_snr30db,test,muscle_car-daniel_simon (1)_uid-hvisfn,0,2.497275389951037e-13,0
PC float32,noise_snr30db,test,muscle_car-daniel_simon_uid-jpcsdl,0,2.8860808599755206e-13,0
PC float32,noise_snr30db,test,old_car-engine_daniel_simion_uid-2lzarp,0,2.955782049775411e-30,0
PC float32,noise_snr30db,test,old_car-engine_daniel_simion_uid-5xyl64,0,1.4062224635708441e-25,0
PC float32,noise_snr30db,test,old_car-engine_daniel_simion_uid-8mfyeb,0,2.587210639111808e-31,0
PC float32,noise_snr30db,test,old_car-engine_daniel_simion_uid-9xmt28,0,1.3730615671559507e-31,0
PC float32,noise_snr30db,test,old_fashioned-door-bell-daniel_simon_uid-1bqwmt,0,8.367979940427425e-15,0
PC float32,noise_snr30db,test,old_fashioned-door-bell-daniel_simon_uid-8q7aiq,0,4.196797362965299e-06,0
PC float32,noise_snr30db,test,party_crowd-daniel_simon_uid-8pwj7x,0,6.975931258146937e-32,0
PC float32,noise_snr30db,test,party_crowd-daniel_simon_uid-vroqkp,0,4.60008186660959e-29,0
PC float32,noise_snr30db,test,railroad_crossing_bell-Brylon_Terry-1551570865 (1)_uid-55is8o,0,0.0,0
PC float32,noise_snr30db,test,railroad_crossing_bell-Brylon_Terry-1551570865 (1)_uid-6mnkqh,0,0.0,0
PC float32,noise_snr30db,test,railroad_crossing_bell-Brylon_Terry-1551570865 (1)_uid-mi9sxj,0,0.0,0
PC float32,noise_snr30db,test,railroad_crossing_bell-Brylon_Terry-1551570865 (1)_uid-n15yft,0,0.0,0
PC float32,noise_snr30db,test,railroad_crossing_bell-Brylon_Terry-1551570865 (1)_uid-vxl8al,0,0.0,0
PC float32,noise_snr30db,test,railroad_crossing_bell-Brylon_Terry-1551570865 (1)_uid-waev1t,0,0.0,0
PC float32,noise_snr30db,test,railroad_crossing_bell-Brylon_Terry-1551570865 (1)_uid-zyz59r,0,0.0,0
PC float32,noise_snr30db,test,railroad_crossing_bell-Brylon_Terry-1551570865_uid-ejhzbl,0,0.0,0
PC float32,noise_snr30db,test,railroad_crossing_bell-Brylon_Terry-1551570865_uid-po2yqk,0,0.0,0
PC float32,noise_snr30db,test,tolling_bell_daniel-simion_uid-kg3lrg,0,2.3841332604830753e-15,0
PC float32,noise_snr30db,test,tolling_bell_daniel-simion_uid-witt3h,0,6.552485675867254e-23,0
PC int8,noise_snr30db,test,0003_0397s_shot_019_ch1,1,0.99609375,1
PC int8,noise_snr30db,test,0005_0580s_shot_006_ch1,1,0.99609375,1
PC int8,noise_snr30db,test,0005_0607s_shot_150_ch1,1,0.99609375,1
PC int8,noise_snr30db,test,0005_0631s_shot_173_ch1,1,0.99609375,1
PC int8,noise_snr30db,test,0005_0632s_shot_176_ch1,1,0.99609375,1
PC int8,noise_snr30db,test,0005_0662s_shot_201_ch1,1,0.99609375,1
PC int8,noise_snr30db,test,0005_0685s_shot_220_ch1,1,0.99609375,1
PC int8,noise_snr30db,test,0005_0700s_shot_037_ch1,1,0.99609375,1
PC int8,noise_snr30db,test,0011_0226s_shot_011_ch1,1,0.99609375,1
PC int8,noise_snr30db,test,0011_0333s_shot_018_ch1,1,0.99609375,1
PC int8,noise_snr30db,test,171236__alukahn__gunshot2_uid-fcn21d,0,0.0,0
PC int8,noise_snr30db,test,371041__morganpurkis__single-gunshot-3_uid-1k053k,0,0.0,0
PC int8,noise_snr30db,test,384687__morganpurkis__single-gunshot-42_uid-u9d6r1,0,0.0,0
PC int8,noise_snr30db,test,384689__dobroide__20170318gunshotparadiso_uid-kwsehz,0,0.0,0
PC int8,noise_snr30db,test,384689__dobroide__20170318gunshotparadiso_uid-pjl13d,0,0.0,0
PC int8,noise_snr30db,test,402008__eardeer__gunshot__high_3_uid-4j4q67,0,0.0,0
PC int8,noise_snr30db,test,402791__acidsnowflake__ak47-and-various-other-gunshots-at-indoor-shooting-range_uid-6aezru,0,0.0,0
PC int8,noise_snr30db,test,402791__acidsnowflake__ak47-and-various-other-gunshots-at-indoor-shooting-range_uid-byjlki,0,0.0,0
PC int8,noise_snr30db,test,402791__acidsnowflake__ak47-and-various-other-gunshots-at-indoor-shooting-range_uid-garl1l,0,0.0,0
PC int8,noise_snr30db,test,402791__acidsnowflake__ak47-and-various-other-gunshots-at-indoor-shooting-range_uid-l3ibfo,0,0.0,0
PC int8,noise_snr30db,test,402791__acidsnowflake__ak47-and-various-other-gunshots-at-indoor-shooting-range_uid-qe3eyz,0,0.0,0
PC int8,noise_snr30db,test,405132__fstagi__gunshots_uid-xcyi0z,0,0.0,0
PC int8,noise_snr30db,test,51470__smcameron__synthetic_gunshot_2_uid-vatpwv,0,0.0,0
PC int8,noise_snr30db,test,518181__bolkmar__fx-gunshot_uid-al1o0i,0,0.0,0
PC int8,noise_snr30db,test,518181__bolkmar__fx-gunshot_uid-es96l9,0,0.0,0
PC int8,noise_snr30db,test,518181__bolkmar__fx-gunshot_uid-j3vsmz,0,0.0,0
PC int8,noise_snr30db,test,519623__nathanchurchyard__gunshots_uid-kvxx3q,0,0.0,0
PC int8,noise_snr30db,test,683312__pnmcarrierailfan__pistol-gunshot-mix-weapons_uid-tmmoay,0,0.0,0
PC int8,noise_snr30db,test,Amusement_Park Ambiance -SoundBible_uid-2t9w3e,0,0.0,0
PC int8,noise_snr30db,test,Amusement_Park Ambiance -SoundBible_uid-jwv6lq,0,0.0,0
PC int8,noise_snr30db,test,Amusement_Park Ambiance -SoundBible_uid-l24o63,0,0.0,0
PC int8,noise_snr30db,test,Background_Noise-SoundBible_uid-m7qaag,0,0.0,0
PC int8,noise_snr30db,test,Background_Noise-SoundBible_uid-mnn2bm,0,0.0,0
PC int8,noise_snr30db,test,Bi_Polar_Uncle-ScanMan-1810098860_uid-b8uks2,0,0.0,0
PC int8,noise_snr30db,test,Bi_Polar_Uncle-ScanMan-1810098860_uid-evaiic,0,0.0,0
PC int8,noise_snr30db,test,Bi_Polar_Uncle-ScanMan-1810098860_uid-l7n0jt,0,0.0,0
PC int8,noise_snr30db,test,Bi_Polar_Uncle-ScanMan-1810098860_uid-omv54z,0,0.0,0
PC int8,noise_snr30db,test,Bi_Polar_Uncle-ScanMan-1810098860_uid-p90ljg,0,0.0,0
PC int8,noise_snr30db,test,Big_door_closed-Clemens_F-941522533_uid-n02it9,0,0.0,0
PC int8,noise_snr30db,test,Cellar_Door Slam Shut-SoundBible_uid-pg4dq8,0,0.0,0
PC int8,noise_snr30db,test,Citty_Traffic Ambiance-SoundBible_uid-87yimc,0,0.0,0
PC int8,noise_snr30db,test,Citty_Traffic Ambiance-SoundBible_uid-8vk0wx,0,0.0,0
PC int8,noise_snr30db,test,Citty_Traffic Ambiance-SoundBible_uid-mxbe2e,0,0.0,0
PC int8,noise_snr30db,test,Citty_Traffic Ambiance-SoundBible_uid-q0srdn,0,0.0,0
PC int8,noise_snr30db,test,City_Ambiance-SoundBible_uid-8yrqh9,0,0.0,0
PC int8,noise_snr30db,test,City_Ambiance-SoundBible_uid-t8xlgr,0,0.0,0
PC int8,noise_snr30db,test,Classroom_Ambiance-SoundBible_uid-q49pv1,0,0.0,0
PC int8,noise_snr30db,test,Classroom_Ambiance-SoundBible_uid-qfbdk0,0,0.0,0
PC int8,noise_snr30db,test,Classroom_Ambiance-SoundBible_uid-uu3ewb,0,0.0,0
PC int8,noise_snr30db,test,Classroom_Ambiance-SoundBible_uid-xdl758,0,0.0,0
PC int8,noise_snr30db,test,Close_Vault_Or_Jail_Door-SoundBible_uid-lasl2n,0,0.0,0
PC int8,noise_snr30db,test,Dog_Barking-SoundBible_uid-3uyzqt,0,0.0,0
PC int8,noise_snr30db,test,Dog_Barking-SoundBible_uid-udwefz,0,0.0,0
PC int8,noise_snr30db,test,Dogs_Barking-SoundBible_uid-0ftva8,0,0.0,0
PC int8,noise_snr30db,test,Dogs_Barking-SoundBible_uid-itlawo,0,0.0,0
PC int8,noise_snr30db,test,Dogs_Barking-SoundBible_uid-k8qbi9,0,0.0,0
PC int8,noise_snr30db,test,End_of_Game-Mike_Koenig-617089079_uid-0scusn,0,0.0,0
PC int8,noise_snr30db,test,Engine_Inside_Car-SoundBible_uid-as3jed,0,0.1484375,0
PC int8,noise_snr30db,test,Fast_Heel_Walk-Kyanna_Johnson-1646343608_uid-8u9yx0,0,0.0,0
PC int8,noise_snr30db,test,Fast_Heel_Walk-Kyanna_Johnson-1646343608_uid-9pwmgu,0,0.0,0
PC int8,noise_snr30db,test,Female_Scream_Horror-NeoPhyTe-138499973_uid-w7fb5j,0,0.0,0
PC int8,noise_snr30db,test,Footsteps_SoundBible_uid-4v6zy1,0,0.0,0
PC int8,noise_snr30db,test,Footsteps_SoundBible_uid-dg95vk,0,0.0,0
PC int8,noise_snr30db,test,Footsteps_SoundBible_uid-hnz36f,0,0.0,0
PC int8,noise_snr30db,test,Frying_Pan_Impact-SoundBible_uid-nbylf3,0,0.0,0
PC int8,noise_snr30db,test,Indian_Bell-SoundBible_uid-t0u6xu,0,0.0,0
PC int8,noise_snr30db,test,Japanese_Temple Bell Small-SoundBible_uid-3fhudh,0,0.0,0
PC int8,noise_snr30db,test,Japanese_Temple Bell Small-SoundBible_uid-8kpqn1,0,0.0,0
PC int8,noise_snr30db,test,Large_Door_Slam-SoundBible_uid-ljg1k3,0,0.0,0
PC int8,noise_snr30db,test,Little_Girl_Talking-Mike_Koenig-782373463_uid-bstw5g,0,0.0,0
PC int8,noise_snr30db,test,Metal_Gong-Dianakc-109711828_uid-hlegwg,0,0.0,0
PC int8,noise_snr30db,test,Motorcycle_Engine-SoundBible_uid-bo8n5y,0,0.0,0
PC int8,noise_snr30db,test,Neighborhood_Dogs Barking-SoundBible_uid-6a1kho,0,0.0,0
PC int8,noise_snr30db,test,Neighborhood_Dogs Barking-SoundBible_uid-7mwktq,0,0.0,0
PC int8,noise_snr30db,test,Neighborhood_Dogs Barking-SoundBible_uid-dwmjp4,0,0.0,0
PC int8,noise_snr30db,test,Neighborhood_Dogs Barking-SoundBible_uid-kc7h7x,0,0.0,0
PC int8,noise_snr30db,test,Neighborhood_Dogs Barking-SoundBible_uid-p7gr4b,0,0.0,0
PC int8,noise_snr30db,test,Neighborhood_Dogs Barking-SoundBible_uid-rq1qkq,0,0.0,0
PC int8,noise_snr30db,test,Obama_Speech Liar-SoundBible_uid-8mnhtv,0,0.0,0
PC int8,noise_snr30db,test,Old_Door_Creaking-SoundBible_uid-e16ryq,0,0.0,0
PC int8,noise_snr30db,test,Old_Door_Creaking-SoundBible_uid-f2vs74,0,0.0,0
PC int8,noise_snr30db,test,Old_Door_Creaking-SoundBible_uid-ozrhlo,0,0.0,0
PC int8,noise_snr30db,test,Old_Door_Creaking-SoundBible_uid-q6uf3u,0,0.0,0
PC int8,noise_snr30db,test,Police Siren 3-SoundBible_uid-nytspf,0,0.0,0
PC int8,noise_snr30db,test,Police_Siren-SoundBible_uid-uyk0z0,0,0.0,0
PC int8,noise_snr30db,test,Psycho_Scream-SoundBible_uid-4qhwlo,0,0.0,0
PC int8,noise_snr30db,test,Psycho_Scream-SoundBible_uid-uococi,0,0.0,0
PC int8,noise_snr30db,test,Puppy_Dog Barking-SoundBible_uid-130qr7,0,0.0,0
PC int8,noise_snr30db,test,Puppy_Dog Barking-SoundBible_uid-zrfwba,0,0.0,0
PC int8,noise_snr30db,test,Race_Car Idle-SoundBible_uid-5il88u,0,0.0,0
PC int8,noise_snr30db,test,Race_Car Idle-SoundBible_uid-bjwy2y,0,0.0,0
PC int8,noise_snr30db,test,Race_Car Idle-SoundBible_uid-i7dn0k,0,0.0,0
PC int8,noise_snr30db,test,Restaurant Walla Track-SoundBible_uid-19b0uq,0,0.0,0
PC int8,noise_snr30db,test,Restaurant Walla Track-SoundBible_uid-e11kg8,0,0.0,0
PC int8,noise_snr30db,test,Restaurant Walla Track-SoundBible_uid-fk59q6,0,0.0,0
PC int8,noise_snr30db,test,School_Fire_Alarm-Cullen_Card-202875844_uid-rfkm7v,0,0.0,0
PC int8,noise_snr30db,test,Shift_Gears-SoundBible_uid-cvmuj8,0,0.0,0
PC int8,noise_snr30db,test,Ship_Bell-Mike_Koenig-1911209136_uid-e2z0y7,0,0.0,0
PC int8,noise_snr30db,test,Ship_Brass_Bell-Mike_Koenig-1458750630_uid-oksrz0,0,0.0,0
PC int8,noise_snr30db,test,Shopping_Mall Ambiance-SoundBible_uid-fa5yaq,0,0.0,0
PC int8,noise_snr30db,test,Sleigh_Bells_Ringing-SoundBible_uid-i52bxo,0,0.0,0
PC int8,noise_snr30db,test,Sleigh_Bells_Ringing-SoundBible_uid-xjtewi,0,0.0,0
PC int8,noise_snr30db,test,Soldiers_Marching-SoundBible_uid-0eax5q,0,0.0,0
PC int8,noise_snr30db,test,Soldiers_Marching-SoundBible_uid-4m3auc,0,0.0,0
PC int8,noise_snr30db,test,Soldiers_Marching-SoundBible_uid-51ygbj,0,0.0,0
PC int8,noise_snr30db,test,Soldiers_Marching-SoundBible_uid-5xkxw1,0,0.0,0
PC int8,noise_snr30db,test,Soldiers_Marching-SoundBible_uid-bqrx9i,0,0.0,0
PC int8,noise_snr30db,test,Sports_Bar Patrons Loud-SoundBible_uid-0qx8ca,0,0.0,0
PC int8,noise_snr30db,test,Steam_Engine-John-1826274710_uid-1hznao,0,0.0,0
PC int8,noise_snr30db,test,Steam_Engine-John-1826274710_uid-9qykmv,0,0.0,0
PC int8,noise_snr30db,test,Steam_Engine-John-1826274710_uid-pe5dcl,0,0.0,0
PC int8,noise_snr30db,test,Swimming_Pool Ambiance-SoundBible_uid-thd1td,0,0.0,0
PC int8,noise_snr30db,test,Temple_Bell Huge-SoundBible_uid-vwd9pv,0,0.0,0
PC int8,noise_snr30db,test,Tornado_Siren_II-Delilah-747233690_uid-9imkus,0,0.0,0
PC int8,noise_snr30db,test,Tornado_Siren_II-Delilah-747233690_uid-k23l64,0,0.0,0
PC int8,noise_snr30db,test,Tornado_Siren_II-Delilah-747233690_uid-yu5cjs,0,0.0,0
PC int8,noise_snr30db,test,Tornado_Siren_SoundBible_uid-6dnh9z,0,0.0,0
PC int8,noise_snr30db,test,Tornado_Siren_SoundBible_uid-g7d17q,0,0.0,0
PC int8,noise_snr30db,test,Walking-SoundBible_uid-62j3do,0,0.0,0
PC int8,noise_snr30db,test,Walking_In_Snow-SoundBible_uid-hoifci,0,0.0,0
PC int8,noise_snr30db,test,Walking_On_Gravel-SoundBible_uid-7duozg,0,0.00390625,0
PC int8,noise_snr30db,test,Walking_On_Gravel-SoundBible_uid-fi611q,0,0.01171875,0
PC int8,noise_snr30db,test,Walking_On_Gravel-SoundBible_uid-jhzvu7,0,0.0,0
PC int8,noise_snr30db,test,Winston_Churchill Nazi Speech-SoundBible_uid-2unyd8,0,0.0,0
PC int8,noise_snr30db,test,Winston_Churchill Nazi Speech-SoundBible_uid-761zdn,0,0.0,0
PC int8,noise_snr30db,test,Winston_Churchill Nazi Speech-SoundBible_uid-g4x51s,0,0.0,0
PC int8,noise_snr30db,test,Winston_Churchill Nazi Speech-SoundBible_uid-jp39dv,0,0.0,0
PC int8,noise_snr30db,test,Winston_Churchill Nazi Speech-SoundBible_uid-rwukdv,0,0.0,0
PC int8,noise_snr30db,test,Woman_Screaming 2-SoundBible_uid-c9acqz,0,0.0,0
PC int8,noise_snr30db,test,church_chime-daniel_simon (1)_uid-zsrdac,0,0.0,0
PC int8,noise_snr30db,test,church_chime-daniel_simon_uid-bbyw01,0,0.0,0
PC int8,noise_snr30db,test,church_chime-daniel_simon_uid-sxzijw,0,0.0,0
PC int8,noise_snr30db,test,doberman_pincher_daniel-simion_uid-348sts,0,0.0,0
PC int8,noise_snr30db,test,doberman_pincher_daniel-simion_uid-4gutjw,0,0.0,0
PC int8,noise_snr30db,test,doberman_pincher_daniel-simion_uid-db2xc6,0,0.0,0
PC int8,noise_snr30db,test,doberman_pincher_daniel-simion_uid-m6nbjk,0,0.0,0
PC int8,noise_snr30db,test,german_shephard-daniel_simon (1)_uid-x57o4h,0,0.0,0
PC int8,noise_snr30db,test,german_shephard-daniel_simon_uid-35by3o,0,0.0,0
PC int8,noise_snr30db,test,hard_shoes_1-daniel_simon_uid-lqfqp3,0,0.0,0
PC int8,noise_snr30db,test,harley_davidson-daniel_simon_uid-3gnkx0,0,0.0,0
PC int8,noise_snr30db,test,harley_davidson-daniel_simon_uid-5tbvav,0,0.0,0
PC int8,noise_snr30db,test,labrador_barking-daniel_simon_uid-cpx5m6,0,0.0,0
PC int8,noise_snr30db,test,labrador_barking-daniel_simon_uid-cvf4k1,0,0.0,0
PC int8,noise_snr30db,test,labrador_barking-daniel_simon_uid-j0e09a,0,0.0,0
PC int8,noise_snr30db,test,labrador_barking-daniel_simon_uid-mwgdoo,0,0.0,0
PC int8,noise_snr30db,test,labrador_barking-daniel_simon_uid-p1nd4y,0,0.0,0
PC int8,noise_snr30db,test,labrador_barking-daniel_simon_uid-px7218,0,0.0,0
PC int8,noise_snr30db,test,muscle_car-daniel_simon (1)_uid-hvisfn,0,0.0,0
PC int8,noise_snr30db,test,muscle_car-daniel_simon_uid-jpcsdl,0,0.0,0
PC int8,noise_snr30db,test,old_car-engine_daniel_simion_uid-2lzarp,0,0.0,0
PC int8,noise_snr30db,test,old_car-engine_daniel_simion_uid-5xyl64,0,0.0,0
PC int8,noise_snr30db,test,old_car-engine_daniel_simion_uid-8mfyeb,0,0.0,0
PC int8,noise_snr30db,test,old_car-engine_daniel_simion_uid-9xmt28,0,0.0,0
PC int8,noise_snr30db,test,old_fashioned-door-bell-daniel_simon_uid-1bqwmt,0,0.0,0
PC int8,noise_snr30db,test,old_fashioned-door-bell-daniel_simon_uid-8q7aiq,0,0.0,0
PC int8,noise_snr30db,test,party_crowd-daniel_simon_uid-8pwj7x,0,0.0,0
PC int8,noise_snr30db,test,party_crowd-daniel_simon_uid-vroqkp,0,0.0,0
PC int8,noise_snr30db,test,railroad_crossing_bell-Brylon_Terry-1551570865 (1)_uid-55is8o,0,0.0,0
PC int8,noise_snr30db,test,railroad_crossing_bell-Brylon_Terry-1551570865 (1)_uid-6mnkqh,0,0.0,0
PC int8,noise_snr30db,test,railroad_crossing_bell-Brylon_Terry-1551570865 (1)_uid-mi9sxj,0,0.0,0
PC int8,noise_snr30db,test,railroad_crossing_bell-Brylon_Terry-1551570865 (1)_uid-n15yft,0,0.0,0
PC int8,noise_snr30db,test,railroad_crossing_bell-Brylon_Terry-1551570865 (1)_uid-vxl8al,0,0.0,0
PC int8,noise_snr30db,test,railroad_crossing_bell-Brylon_Terry-1551570865 (1)_uid-waev1t,0,0.0,0
PC int8,noise_snr30db,test,railroad_crossing_bell-Brylon_Terry-1551570865 (1)_uid-zyz59r,0,0.0,0
PC int8,noise_snr30db,test,railroad_crossing_bell-Brylon_Terry-1551570865_uid-ejhzbl,0,0.0,0
PC int8,noise_snr30db,test,railroad_crossing_bell-Brylon_Terry-1551570865_uid-po2yqk,0,0.0,0
PC int8,noise_snr30db,test,tolling_bell_daniel-simion_uid-kg3lrg,0,0.0,0
PC int8,noise_snr30db,test,tolling_bell_daniel-simion_uid-witt3h,0,0.0,0
PC float32,noise_snr20db,test,0003_0397s_shot_019_ch1,1,1.0,1
PC float32,noise_snr20db,test,0005_0580s_shot_006_ch1,1,1.0,1
PC float32,noise_snr20db,test,0005_0607s_shot_150_ch1,1,1.0,1
PC float32,noise_snr20db,test,0005_0631s_shot_173_ch1,1,0.9999999403953552,1
PC float32,noise_snr20db,test,0005_0632s_shot_176_ch1,1,1.0,1
PC float32,noise_snr20db,test,0005_0662s_shot_201_ch1,1,1.0,1
PC float32,noise_snr20db,test,0005_0685s_shot_220_ch1,1,1.0,1
PC float32,noise_snr20db,test,0005_0700s_shot_037_ch1,1,0.9999879598617554,1
PC float32,noise_snr20db,test,0011_0226s_shot_011_ch1,1,0.9997367858886719,1
PC float32,noise_snr20db,test,0011_0333s_shot_018_ch1,1,0.998995840549469,1
PC float32,noise_snr20db,test,171236__alukahn__gunshot2_uid-fcn21d,0,8.54627913576822e-12,0
PC float32,noise_snr20db,test,371041__morganpurkis__single-gunshot-3_uid-1k053k,0,3.293495467668328e-12,0
PC float32,noise_snr20db,test,384687__morganpurkis__single-gunshot-42_uid-u9d6r1,0,2.791462510971722e-15,0
PC float32,noise_snr20db,test,384689__dobroide__20170318gunshotparadiso_uid-kwsehz,0,2.85470451867768e-17,0
PC float32,noise_snr20db,test,384689__dobroide__20170318gunshotparadiso_uid-pjl13d,0,1.2486164446129377e-12,0
PC float32,noise_snr20db,test,402008__eardeer__gunshot__high_3_uid-4j4q67,0,2.5007795913394815e-24,0
PC float32,noise_snr20db,test,402791__acidsnowflake__ak47-and-various-other-gunshots-at-indoor-shooting-range_uid-6aezru,0,1.9281798927854668e-26,0
PC float32,noise_snr20db,test,402791__acidsnowflake__ak47-and-various-other-gunshots-at-indoor-shooting-range_uid-byjlki,0,1.7059959578851156e-23,0
PC float32,noise_snr20db,test,402791__acidsnowflake__ak47-and-various-other-gunshots-at-indoor-shooting-range_uid-garl1l,0,6.938813227864355e-29,0
PC float32,noise_snr20db,test,402791__acidsnowflake__ak47-and-various-other-gunshots-at-indoor-shooting-range_uid-l3ibfo,0,2.164506134029358e-26,0
PC float32,noise_snr20db,test,402791__acidsnowflake__ak47-and-various-other-gunshots-at-indoor-shooting-range_uid-qe3eyz,0,3.339586867321964e-26,0
PC float32,noise_snr20db,test,405132__fstagi__gunshots_uid-xcyi0z,0,8.97627483453789e-09,0
PC float32,noise_snr20db,test,51470__smcameron__synthetic_gunshot_2_uid-vatpwv,0,1.2998467857627816e-09,0
PC float32,noise_snr20db,test,518181__bolkmar__fx-gunshot_uid-al1o0i,0,2.5974352677825805e-16,0
PC float32,noise_snr20db,test,518181__bolkmar__fx-gunshot_uid-es96l9,0,5.173170336547628e-08,0
PC float32,noise_snr20db,test,518181__bolkmar__fx-gunshot_uid-j3vsmz,0,7.817386184218145e-16,0
PC float32,noise_snr20db,test,519623__nathanchurchyard__gunshots_uid-kvxx3q,0,2.697961463127285e-07,0
PC float32,noise_snr20db,test,683312__pnmcarrierailfan__pistol-gunshot-mix-weapons_uid-tmmoay,0,2.620496533864967e-15,0
PC float32,noise_snr20db,test,Amusement_Park Ambiance -SoundBible_uid-2t9w3e,0,3.1676183486102627e-13,0
PC float32,noise_snr20db,test,Amusement_Park Ambiance -SoundBible_uid-jwv6lq,0,6.701847695942747e-20,0
PC float32,noise_snr20db,test,Amusement_Park Ambiance -SoundBible_uid-l24o63,0,9.211274104581335e-12,0
PC float32,noise_snr20db,test,Background_Noise-SoundBible_uid-m7qaag,0,1.892726572805259e-06,0
PC float32,noise_snr20db,test,Background_Noise-SoundBible_uid-mnn2bm,0,0.00017295009456574917,0
PC float32,noise_snr20db,test,Bi_Polar_Uncle-ScanMan-1810098860_uid-b8uks2,0,0.0,0
PC float32,noise_snr20db,test,Bi_Polar_Uncle-ScanMan-1810098860_uid-evaiic,0,0.0,0
PC float32,noise_snr20db,test,Bi_Polar_Uncle-ScanMan-1810098860_uid-l7n0jt,0,0.0,0
PC float32,noise_snr20db,test,Bi_Polar_Uncle-ScanMan-1810098860_uid-omv54z,0,0.0,0
PC float32,noise_snr20db,test,Bi_Polar_Uncle-ScanMan-1810098860_uid-p90ljg,0,0.0,0
PC float32,noise_snr20db,test,Big_door_closed-Clemens_F-941522533_uid-n02it9,0,7.327622754036184e-20,0
PC float32,noise_snr20db,test,Cellar_Door Slam Shut-SoundBible_uid-pg4dq8,0,1.5572600150107825e-16,0
PC float32,noise_snr20db,test,Citty_Traffic Ambiance-SoundBible_uid-87yimc,0,4.824382030205274e-19,0
PC float32,noise_snr20db,test,Citty_Traffic Ambiance-SoundBible_uid-8vk0wx,0,2.376845329034305e-19,0
PC float32,noise_snr20db,test,Citty_Traffic Ambiance-SoundBible_uid-mxbe2e,0,3.9840764948091506e-22,0
PC float32,noise_snr20db,test,Citty_Traffic Ambiance-SoundBible_uid-q0srdn,0,5.881094013085437e-17,0
PC float32,noise_snr20db,test,City_Ambiance-SoundBible_uid-8yrqh9,0,8.239346077002243e-23,0
PC float32,noise_snr20db,test,City_Ambiance-SoundBible_uid-t8xlgr,0,9.650140660509394e-36,0
PC float32,noise_snr20db,test,Classroom_Ambiance-SoundBible_uid-q49pv1,0,3.576444669306511e-07,0
PC float32,noise_snr20db,test,Classroom_Ambiance-SoundBible_uid-qfbdk0,0,4.7598072683285864e-07,0
PC float32,noise_snr20db,test,Classroom_Ambiance-SoundBible_uid-uu3ewb,0,7.180991815403104e-05,0
PC float32,noise_snr20db,test,Classroom_Ambiance-SoundBible_uid-xdl758,0,2.4257317932097067e-07,0
PC float32,noise_snr20db,test,Close_Vault_Or_Jail_Door-SoundBible_uid-lasl2n,0,1.5041072742860706e-07,0
PC float32,noise_snr20db,test,Dog_Barking-SoundBible_uid-3uyzqt,0,0.0,0
PC float32,noise_snr20db,test,Dog_Barking-SoundBible_uid-udwefz,0,0.0,0
PC float32,noise_snr20db,test,Dogs_Barking-SoundBible_uid-0ftva8,0,3.284848057553641e-29,0
PC float32,noise_snr20db,test,Dogs_Barking-SoundBible_uid-itlawo,0,1.5795162260784408e-31,0
PC float32,noise_snr20db,test,Dogs_Barking-SoundBible_uid-k8qbi9,0,1.4365004393941222e-29,0
PC float32,noise_snr20db,test,End_of_Game-Mike_Koenig-617089079_uid-0scusn,0,7.154268816302278e-29,0
PC float32,noise_snr20db,test,Engine_Inside_Car-SoundBible_uid-as3jed,0,0.11578846722841263,0
PC float32,noise_snr20db,test,Fast_Heel_Walk-Kyanna_Johnson-1646343608_uid-8u9yx0,0,3.1038346592441274e-20,0
PC float32,noise_snr20db,test,Fast_Heel_Walk-Kyanna_Johnson-1646343608_uid-9pwmgu,0,2.3637567003561717e-23,0
PC float32,noise_snr20db,test,Female_Scream_Horror-NeoPhyTe-138499973_uid-w7fb5j,0,0.0,0
PC float32,noise_snr20db,test,Footsteps_SoundBible_uid-4v6zy1,0,7.867601088031972e-20,0
PC float32,noise_snr20db,test,Footsteps_SoundBible_uid-dg95vk,0,8.259934791270434e-21,0
PC float32,noise_snr20db,test,Footsteps_SoundBible_uid-hnz36f,0,5.9727208281401545e-05,0
PC float32,noise_snr20db,test,Frying_Pan_Impact-SoundBible_uid-nbylf3,0,0.0,0
PC float32,noise_snr20db,test,Indian_Bell-SoundBible_uid-t0u6xu,0,1.4765745652543326e-30,0
PC float32,noise_snr20db,test,Japanese_Temple Bell Small-SoundBible_uid-3fhudh,0,1.5389046741927364e-33,0
PC float32,noise_snr20db,test,Japanese_Temple Bell Small-SoundBible_uid-8kpqn1,0,1.5787628110140759e-24,0
PC float32,noise_snr20db,test,Large_Door_Slam-SoundBible_uid-ljg1k3,0,1.3608515700980206e-06,0
PC float32,noise_snr20db,test,Little_Girl_Talking-Mike_Koenig-782373463_uid-bstw5g,0,4.441461624633341e-35,0
PC float32,noise_snr20db,test,Metal_Gong-Dianakc-109711828_uid-hlegwg,0,2.8756259595752454e-08,0
PC float32,noise_snr20db,test,Motorcycle_Engine-SoundBible_uid-bo8n5y,0,4.138906206208048e-06,0
PC float32,noise_snr20db,test,Neighborhood_Dogs Barking-SoundBible_uid-6a1kho,0,5.796731402882339e-37,0
PC float32,noise_snr20db,test,Neighborhood_Dogs Barking-SoundBible_uid-7mwktq,0,6.935788126066356e-31,0
PC float32,noise_snr20db,test,Neighborhood_Dogs Barking-SoundBible_uid-dwmjp4,0,1.3121412418957206e-37,0
PC float32,noise_snr20db,test,Neighborhood_Dogs Barking-SoundBible_uid-kc7h7x,0,1.2379349548291773e-36,0
PC float32,noise_snr20db,test,Neighborhood_Dogs Barking-SoundBible_uid-p7gr4b,0,1.4572120045092123e-32,0
PC float32,noise_snr20db,test,Neighborhood_Dogs Barking-SoundBible_uid-rq1qkq,0,1.2519981382255546e-27,0
PC float32,noise_snr20db,test,Obama_Speech Liar-SoundBible_uid-8mnhtv,0,0.0,0
PC float32,noise_snr20db,test,Old_Door_Creaking-SoundBible_uid-e16ryq,0,9.722274200985037e-12,0
PC float32,noise_snr20db,test,Old_Door_Creaking-SoundBible_uid-f2vs74,0,6.027945883332192e-14,0
PC float32,noise_snr20db,test,Old_Door_Creaking-SoundBible_uid-ozrhlo,0,2.2445437130832243e-15,0
PC float32,noise_snr20db,test,Old_Door_Creaking-SoundBible_uid-q6uf3u,0,4.9083337221034196e-12,0
PC float32,noise_snr20db,test,Police Siren 3-SoundBible_uid-nytspf,0,0.0,0
PC float32,noise_snr20db,test,Police_Siren-SoundBible_uid-uyk0z0,0,4.9583190550452834e-30,0
PC float32,noise_snr20db,test,Psycho_Scream-SoundBible_uid-4qhwlo,0,0.0,0
PC float32,noise_snr20db,test,Psycho_Scream-SoundBible_uid-uococi,0,0.0,0
PC float32,noise_snr20db,test,Puppy_Dog Barking-SoundBible_uid-130qr7,0,0.0,0
PC float32,noise_snr20db,test,Puppy_Dog Barking-SoundBible_uid-zrfwba,0,0.0,0
PC float32,noise_snr20db,test,Race_Car Idle-SoundBible_uid-5il88u,0,2.618212754368157e-19,0
PC float32,noise_snr20db,test,Race_Car Idle-SoundBible_uid-bjwy2y,0,6.385191628152672e-22,0
PC float32,noise_snr20db,test,Race_Car Idle-SoundBible_uid-i7dn0k,0,5.706213044113003e-20,0
PC float32,noise_snr20db,test,Restaurant Walla Track-SoundBible_uid-19b0uq,0,8.188029143596509e-10,0
PC float32,noise_snr20db,test,Restaurant Walla Track-SoundBible_uid-e11kg8,0,9.235830439311993e-24,0
PC float32,noise_snr20db,test,Restaurant Walla Track-SoundBible_uid-fk59q6,0,3.322384907069466e-32,0
PC float32,noise_snr20db,test,School_Fire_Alarm-Cullen_Card-202875844_uid-rfkm7v,0,0.0,0
PC float32,noise_snr20db,test,Shift_Gears-SoundBible_uid-cvmuj8,0,2.5451020647322952e-21,0
PC float32,noise_snr20db,test,Ship_Bell-Mike_Koenig-1911209136_uid-e2z0y7,0,0.0,0
PC float32,noise_snr20db,test,Ship_Brass_Bell-Mike_Koenig-1458750630_uid-oksrz0,0,9.285790729009913e-30,0
PC float32,noise_snr20db,test,Shopping_Mall Ambiance-SoundBible_uid-fa5yaq,0,1.0474578790977098e-18,0
PC float32,noise_snr20db,test,Sleigh_Bells_Ringing-SoundBible_uid-i52bxo,0,0.0,0
PC float32,noise_snr20db,test,Sleigh_Bells_Ringing-SoundBible_uid-xjtewi,0,0.0,0
PC float32,noise_snr20db,test,Soldiers_Marching-SoundBible_uid-0eax5q,0,7.721474923064867e-17,0
PC float32,noise_snr20db,test,Soldiers_Marching-SoundBible_uid-4m3auc,0,1.8647248871056543e-19,0
PC float32,noise_snr20db,test,Soldiers_Marching-SoundBible_uid-51ygbj,0,2.8908351060895064e-17,0
PC float32,noise_snr20db,test,Soldiers_Marching-SoundBible_uid-5xkxw1,0,3.921550193014532e-20,0
PC float32,noise_snr20db,test,Soldiers_Marching-SoundBible_uid-bqrx9i,0,4.081720147703501e-20,0
PC float32,noise_snr20db,test,Sports_Bar Patrons Loud-SoundBible_uid-0qx8ca,0,1.2561444728028259e-29,0
PC float32,noise_snr20db,test,Steam_Engine-John-1826274710_uid-1hznao,0,3.696612254856602e-19,0
PC float32,noise_snr20db,test,Steam_Engine-John-1826274710_uid-9qykmv,0,7.89611457068523e-25,0
PC float32,noise_snr20db,test,Steam_Engine-John-1826274710_uid-pe5dcl,0,8.067607388653898e-29,0
PC float32,noise_snr20db,test,Swimming_Pool Ambiance-SoundBible_uid-thd1td,0,2.6763983991318603e-27,0
PC float32,noise_snr20db,test,Temple_Bell Huge-SoundBible_uid-vwd9pv,0,9.96890417437335e-12,0
PC float32,noise_snr20db,test,Tornado_Siren_II-Delilah-747233690_uid-9imkus,0,1.2250228475326038e-18,0
PC float32,noise_snr20db,test,Tornado_Siren_II-Delilah-747233690_uid-k23l64,0,6.719629710395223e-38,0
PC float32,noise_snr20db,test,Tornado_Siren_II-Delilah-747233690_uid-yu5cjs,0,1.96546391655504e-37,0
PC float32,noise_snr20db,test,Tornado_Siren_SoundBible_uid-6dnh9z,0,2.3775532748494518e-26,0
PC float32,noise_snr20db,test,Tornado_Siren_SoundBible_uid-g7d17q,0,1.2266161944940113e-20,0
PC float32,noise_snr20db,test,Walking-SoundBible_uid-62j3do,0,3.6400556002706363e-17,0
PC float32,noise_snr20db,test,Walking_In_Snow-SoundBible_uid-hoifci,0,0.0014204619219526649,0
PC float32,noise_snr20db,test,Walking_On_Gravel-SoundBible_uid-7duozg,0,0.004227613098919392,0
PC float32,noise_snr20db,test,Walking_On_Gravel-SoundBible_uid-fi611q,0,0.01751154102385044,0
PC float32,noise_snr20db,test,Walking_On_Gravel-SoundBible_uid-jhzvu7,0,1.3121098865318708e-16,0
PC float32,noise_snr20db,test,Winston_Churchill Nazi Speech-SoundBible_uid-2unyd8,0,4.894645530762387e-16,0
PC float32,noise_snr20db,test,Winston_Churchill Nazi Speech-SoundBible_uid-761zdn,0,2.789492161564544e-12,0
PC float32,noise_snr20db,test,Winston_Churchill Nazi Speech-SoundBible_uid-g4x51s,0,9.459950617858251e-29,0
PC float32,noise_snr20db,test,Winston_Churchill Nazi Speech-SoundBible_uid-jp39dv,0,8.798650030810611e-16,0
PC float32,noise_snr20db,test,Winston_Churchill Nazi Speech-SoundBible_uid-rwukdv,0,1.3400724624414299e-17,0
PC float32,noise_snr20db,test,Woman_Screaming 2-SoundBible_uid-c9acqz,0,0.0,0
PC float32,noise_snr20db,test,church_chime-daniel_simon (1)_uid-zsrdac,0,4.781375646901057e-37,0
PC float32,noise_snr20db,test,church_chime-daniel_simon_uid-bbyw01,0,2.5095981544010263e-33,0
PC float32,noise_snr20db,test,church_chime-daniel_simon_uid-sxzijw,0,0.0,0
PC float32,noise_snr20db,test,doberman_pincher_daniel-simion_uid-348sts,0,6.990362765557784e-34,0
PC float32,noise_snr20db,test,doberman_pincher_daniel-simion_uid-4gutjw,0,1.2404987186764095e-26,0
PC float32,noise_snr20db,test,doberman_pincher_daniel-simion_uid-db2xc6,0,2.082177280921514e-37,0
PC float32,noise_snr20db,test,doberman_pincher_daniel-simion_uid-m6nbjk,0,2.1474513556889323e-24,0
PC float32,noise_snr20db,test,german_shephard-daniel_simon (1)_uid-x57o4h,0,5.358856044320626e-35,0
PC float32,noise_snr20db,test,german_shephard-daniel_simon_uid-35by3o,0,6.114180337708643e-25,0
PC float32,noise_snr20db,test,hard_shoes_1-daniel_simon_uid-lqfqp3,0,1.220273425735506e-28,0
PC float32,noise_snr20db,test,harley_davidson-daniel_simon_uid-3gnkx0,0,1.4773422485347965e-09,0
PC float32,noise_snr20db,test,harley_davidson-daniel_simon_uid-5tbvav,0,2.259705311757898e-09,0
PC float32,noise_snr20db,test,labrador_barking-daniel_simon_uid-cpx5m6,0,2.8186210568488813e-37,0
PC float32,noise_snr20db,test,labrador_barking-daniel_simon_uid-cvf4k1,0,0.0,0
PC float32,noise_snr20db,test,labrador_barking-daniel_simon_uid-j0e09a,0,0.0,0
PC float32,noise_snr20db,test,labrador_barking-daniel_simon_uid-mwgdoo,0,1.3316483060824664e-33,0
PC float32,noise_snr20db,test,labrador_barking-daniel_simon_uid-p1nd4y,0,0.0,0
PC float32,noise_snr20db,test,labrador_barking-daniel_simon_uid-px7218,0,0.0,0
PC float32,noise_snr20db,test,muscle_car-daniel_simon (1)_uid-hvisfn,0,1.3748148669848193e-12,0
PC float32,noise_snr20db,test,muscle_car-daniel_simon_uid-jpcsdl,0,1.5486228835751015e-12,0
PC float32,noise_snr20db,test,old_car-engine_daniel_simion_uid-2lzarp,0,1.5353659466033642e-29,0
PC float32,noise_snr20db,test,old_car-engine_daniel_simion_uid-5xyl64,0,2.2940966829391275e-27,0
PC float32,noise_snr20db,test,old_car-engine_daniel_simion_uid-8mfyeb,0,2.5353419508817747e-30,0
PC float32,noise_snr20db,test,old_car-engine_daniel_simion_uid-9xmt28,0,1.916406371275518e-30,0
PC float32,noise_snr20db,test,old_fashioned-door-bell-daniel_simon_uid-1bqwmt,0,7.669230274985357e-15,0
PC float32,noise_snr20db,test,old_fashioned-door-bell-daniel_simon_uid-8q7aiq,0,3.5741287263135746e-08,0
PC float32,noise_snr20db,test,party_crowd-daniel_simon_uid-8pwj7x,0,1.0849977615377925e-29,0
PC float32,noise_snr20db,test,party_crowd-daniel_simon_uid-vroqkp,0,1.0917190313487886e-30,0
PC float32,noise_snr20db,test,railroad_crossing_bell-Brylon_Terry-1551570865 (1)_uid-55is8o,0,0.0,0
PC float32,noise_snr20db,test,railroad_crossing_bell-Brylon_Terry-1551570865 (1)_uid-6mnkqh,0,0.0,0
PC float32,noise_snr20db,test,railroad_crossing_bell-Brylon_Terry-1551570865 (1)_uid-mi9sxj,0,0.0,0
PC float32,noise_snr20db,test,railroad_crossing_bell-Brylon_Terry-1551570865 (1)_uid-n15yft,0,0.0,0
PC float32,noise_snr20db,test,railroad_crossing_bell-Brylon_Terry-1551570865 (1)_uid-vxl8al,0,0.0,0
PC float32,noise_snr20db,test,railroad_crossing_bell-Brylon_Terry-1551570865 (1)_uid-waev1t,0,0.0,0
PC float32,noise_snr20db,test,railroad_crossing_bell-Brylon_Terry-1551570865 (1)_uid-zyz59r,0,0.0,0
PC float32,noise_snr20db,test,railroad_crossing_bell-Brylon_Terry-1551570865_uid-ejhzbl,0,0.0,0
PC float32,noise_snr20db,test,railroad_crossing_bell-Brylon_Terry-1551570865_uid-po2yqk,0,0.0,0
PC float32,noise_snr20db,test,tolling_bell_daniel-simion_uid-kg3lrg,0,1.7549685798557216e-14,0
PC float32,noise_snr20db,test,tolling_bell_daniel-simion_uid-witt3h,0,8.422972069809796e-22,0
PC int8,noise_snr20db,test,0003_0397s_shot_019_ch1,1,0.99609375,1
PC int8,noise_snr20db,test,0005_0580s_shot_006_ch1,1,0.99609375,1
PC int8,noise_snr20db,test,0005_0607s_shot_150_ch1,1,0.99609375,1
PC int8,noise_snr20db,test,0005_0631s_shot_173_ch1,1,0.99609375,1
PC int8,noise_snr20db,test,0005_0632s_shot_176_ch1,1,0.99609375,1
PC int8,noise_snr20db,test,0005_0662s_shot_201_ch1,1,0.99609375,1
PC int8,noise_snr20db,test,0005_0685s_shot_220_ch1,1,0.99609375,1
PC int8,noise_snr20db,test,0005_0700s_shot_037_ch1,1,0.99609375,1
PC int8,noise_snr20db,test,0011_0226s_shot_011_ch1,1,0.99609375,1
PC int8,noise_snr20db,test,0011_0333s_shot_018_ch1,1,0.99609375,1
PC int8,noise_snr20db,test,171236__alukahn__gunshot2_uid-fcn21d,0,0.0,0
PC int8,noise_snr20db,test,371041__morganpurkis__single-gunshot-3_uid-1k053k,0,0.0,0
PC int8,noise_snr20db,test,384687__morganpurkis__single-gunshot-42_uid-u9d6r1,0,0.0,0
PC int8,noise_snr20db,test,384689__dobroide__20170318gunshotparadiso_uid-kwsehz,0,0.0,0
PC int8,noise_snr20db,test,384689__dobroide__20170318gunshotparadiso_uid-pjl13d,0,0.0,0
PC int8,noise_snr20db,test,402008__eardeer__gunshot__high_3_uid-4j4q67,0,0.0,0
PC int8,noise_snr20db,test,402791__acidsnowflake__ak47-and-various-other-gunshots-at-indoor-shooting-range_uid-6aezru,0,0.0,0
PC int8,noise_snr20db,test,402791__acidsnowflake__ak47-and-various-other-gunshots-at-indoor-shooting-range_uid-byjlki,0,0.0,0
PC int8,noise_snr20db,test,402791__acidsnowflake__ak47-and-various-other-gunshots-at-indoor-shooting-range_uid-garl1l,0,0.0,0
PC int8,noise_snr20db,test,402791__acidsnowflake__ak47-and-various-other-gunshots-at-indoor-shooting-range_uid-l3ibfo,0,0.0,0
PC int8,noise_snr20db,test,402791__acidsnowflake__ak47-and-various-other-gunshots-at-indoor-shooting-range_uid-qe3eyz,0,0.0,0
PC int8,noise_snr20db,test,405132__fstagi__gunshots_uid-xcyi0z,0,0.0,0
PC int8,noise_snr20db,test,51470__smcameron__synthetic_gunshot_2_uid-vatpwv,0,0.0,0
PC int8,noise_snr20db,test,518181__bolkmar__fx-gunshot_uid-al1o0i,0,0.0,0
PC int8,noise_snr20db,test,518181__bolkmar__fx-gunshot_uid-es96l9,0,0.0,0
PC int8,noise_snr20db,test,518181__bolkmar__fx-gunshot_uid-j3vsmz,0,0.0,0
PC int8,noise_snr20db,test,519623__nathanchurchyard__gunshots_uid-kvxx3q,0,0.0,0
PC int8,noise_snr20db,test,683312__pnmcarrierailfan__pistol-gunshot-mix-weapons_uid-tmmoay,0,0.0,0
PC int8,noise_snr20db,test,Amusement_Park Ambiance -SoundBible_uid-2t9w3e,0,0.0,0
PC int8,noise_snr20db,test,Amusement_Park Ambiance -SoundBible_uid-jwv6lq,0,0.0,0
PC int8,noise_snr20db,test,Amusement_Park Ambiance -SoundBible_uid-l24o63,0,0.0,0
PC int8,noise_snr20db,test,Background_Noise-SoundBible_uid-m7qaag,0,0.0,0
PC int8,noise_snr20db,test,Background_Noise-SoundBible_uid-mnn2bm,0,0.0,0
PC int8,noise_snr20db,test,Bi_Polar_Uncle-ScanMan-1810098860_uid-b8uks2,0,0.0,0
PC int8,noise_snr20db,test,Bi_Polar_Uncle-ScanMan-1810098860_uid-evaiic,0,0.0,0
PC int8,noise_snr20db,test,Bi_Polar_Uncle-ScanMan-1810098860_uid-l7n0jt,0,0.0,0
PC int8,noise_snr20db,test,Bi_Polar_Uncle-ScanMan-1810098860_uid-omv54z,0,0.0,0
PC int8,noise_snr20db,test,Bi_Polar_Uncle-ScanMan-1810098860_uid-p90ljg,0,0.0,0
PC int8,noise_snr20db,test,Big_door_closed-Clemens_F-941522533_uid-n02it9,0,0.0,0
PC int8,noise_snr20db,test,Cellar_Door Slam Shut-SoundBible_uid-pg4dq8,0,0.0,0
PC int8,noise_snr20db,test,Citty_Traffic Ambiance-SoundBible_uid-87yimc,0,0.0,0
PC int8,noise_snr20db,test,Citty_Traffic Ambiance-SoundBible_uid-8vk0wx,0,0.0,0
PC int8,noise_snr20db,test,Citty_Traffic Ambiance-SoundBible_uid-mxbe2e,0,0.0,0
PC int8,noise_snr20db,test,Citty_Traffic Ambiance-SoundBible_uid-q0srdn,0,0.0,0
PC int8,noise_snr20db,test,City_Ambiance-SoundBible_uid-8yrqh9,0,0.0,0
PC int8,noise_snr20db,test,City_Ambiance-SoundBible_uid-t8xlgr,0,0.0,0
PC int8,noise_snr20db,test,Classroom_Ambiance-SoundBible_uid-q49pv1,0,0.0,0
PC int8,noise_snr20db,test,Classroom_Ambiance-SoundBible_uid-qfbdk0,0,0.0,0
PC int8,noise_snr20db,test,Classroom_Ambiance-SoundBible_uid-uu3ewb,0,0.0,0
PC int8,noise_snr20db,test,Classroom_Ambiance-SoundBible_uid-xdl758,0,0.0,0
PC int8,noise_snr20db,test,Close_Vault_Or_Jail_Door-SoundBible_uid-lasl2n,0,0.0,0
PC int8,noise_snr20db,test,Dog_Barking-SoundBible_uid-3uyzqt,0,0.0,0
PC int8,noise_snr20db,test,Dog_Barking-SoundBible_uid-udwefz,0,0.0,0
PC int8,noise_snr20db,test,Dogs_Barking-SoundBible_uid-0ftva8,0,0.0,0
PC int8,noise_snr20db,test,Dogs_Barking-SoundBible_uid-itlawo,0,0.0,0
PC int8,noise_snr20db,test,Dogs_Barking-SoundBible_uid-k8qbi9,0,0.0,0
PC int8,noise_snr20db,test,End_of_Game-Mike_Koenig-617089079_uid-0scusn,0,0.0,0
PC int8,noise_snr20db,test,Engine_Inside_Car-SoundBible_uid-as3jed,0,0.0703125,0
PC int8,noise_snr20db,test,Fast_Heel_Walk-Kyanna_Johnson-1646343608_uid-8u9yx0,0,0.0,0
PC int8,noise_snr20db,test,Fast_Heel_Walk-Kyanna_Johnson-1646343608_uid-9pwmgu,0,0.0,0
PC int8,noise_snr20db,test,Female_Scream_Horror-NeoPhyTe-138499973_uid-w7fb5j,0,0.0,0
PC int8,noise_snr20db,test,Footsteps_SoundBible_uid-4v6zy1,0,0.0,0
PC int8,noise_snr20db,test,Footsteps_SoundBible_uid-dg95vk,0,0.0,0
PC int8,noise_snr20db,test,Footsteps_SoundBible_uid-hnz36f,0,0.0,0
PC int8,noise_snr20db,test,Frying_Pan_Impact-SoundBible_uid-nbylf3,0,0.0,0
PC int8,noise_snr20db,test,Indian_Bell-SoundBible_uid-t0u6xu,0,0.0,0
PC int8,noise_snr20db,test,Japanese_Temple Bell Small-SoundBible_uid-3fhudh,0,0.0,0
PC int8,noise_snr20db,test,Japanese_Temple Bell Small-SoundBible_uid-8kpqn1,0,0.0,0
PC int8,noise_snr20db,test,Large_Door_Slam-SoundBible_uid-ljg1k3,0,0.0,0
PC int8,noise_snr20db,test,Little_Girl_Talking-Mike_Koenig-782373463_uid-bstw5g,0,0.0,0
PC int8,noise_snr20db,test,Metal_Gong-Dianakc-109711828_uid-hlegwg,0,0.0,0
PC int8,noise_snr20db,test,Motorcycle_Engine-SoundBible_uid-bo8n5y,0,0.0,0
PC int8,noise_snr20db,test,Neighborhood_Dogs Barking-SoundBible_uid-6a1kho,0,0.0,0
PC int8,noise_snr20db,test,Neighborhood_Dogs Barking-SoundBible_uid-7mwktq,0,0.0,0
PC int8,noise_snr20db,test,Neighborhood_Dogs Barking-SoundBible_uid-dwmjp4,0,0.0,0
PC int8,noise_snr20db,test,Neighborhood_Dogs Barking-SoundBible_uid-kc7h7x,0,0.0,0
PC int8,noise_snr20db,test,Neighborhood_Dogs Barking-SoundBible_uid-p7gr4b,0,0.0,0
PC int8,noise_snr20db,test,Neighborhood_Dogs Barking-SoundBible_uid-rq1qkq,0,0.0,0
PC int8,noise_snr20db,test,Obama_Speech Liar-SoundBible_uid-8mnhtv,0,0.0,0
PC int8,noise_snr20db,test,Old_Door_Creaking-SoundBible_uid-e16ryq,0,0.0,0
PC int8,noise_snr20db,test,Old_Door_Creaking-SoundBible_uid-f2vs74,0,0.0,0
PC int8,noise_snr20db,test,Old_Door_Creaking-SoundBible_uid-ozrhlo,0,0.0,0
PC int8,noise_snr20db,test,Old_Door_Creaking-SoundBible_uid-q6uf3u,0,0.0,0
PC int8,noise_snr20db,test,Police Siren 3-SoundBible_uid-nytspf,0,0.0,0
PC int8,noise_snr20db,test,Police_Siren-SoundBible_uid-uyk0z0,0,0.0,0
PC int8,noise_snr20db,test,Psycho_Scream-SoundBible_uid-4qhwlo,0,0.0,0
PC int8,noise_snr20db,test,Psycho_Scream-SoundBible_uid-uococi,0,0.0,0
PC int8,noise_snr20db,test,Puppy_Dog Barking-SoundBible_uid-130qr7,0,0.0,0
PC int8,noise_snr20db,test,Puppy_Dog Barking-SoundBible_uid-zrfwba,0,0.0,0
PC int8,noise_snr20db,test,Race_Car Idle-SoundBible_uid-5il88u,0,0.0,0
PC int8,noise_snr20db,test,Race_Car Idle-SoundBible_uid-bjwy2y,0,0.0,0
PC int8,noise_snr20db,test,Race_Car Idle-SoundBible_uid-i7dn0k,0,0.0,0
PC int8,noise_snr20db,test,Restaurant Walla Track-SoundBible_uid-19b0uq,0,0.0,0
PC int8,noise_snr20db,test,Restaurant Walla Track-SoundBible_uid-e11kg8,0,0.0,0
PC int8,noise_snr20db,test,Restaurant Walla Track-SoundBible_uid-fk59q6,0,0.0,0
PC int8,noise_snr20db,test,School_Fire_Alarm-Cullen_Card-202875844_uid-rfkm7v,0,0.0,0
PC int8,noise_snr20db,test,Shift_Gears-SoundBible_uid-cvmuj8,0,0.0,0
PC int8,noise_snr20db,test,Ship_Bell-Mike_Koenig-1911209136_uid-e2z0y7,0,0.0,0
PC int8,noise_snr20db,test,Ship_Brass_Bell-Mike_Koenig-1458750630_uid-oksrz0,0,0.0,0
PC int8,noise_snr20db,test,Shopping_Mall Ambiance-SoundBible_uid-fa5yaq,0,0.0,0
PC int8,noise_snr20db,test,Sleigh_Bells_Ringing-SoundBible_uid-i52bxo,0,0.0,0
PC int8,noise_snr20db,test,Sleigh_Bells_Ringing-SoundBible_uid-xjtewi,0,0.0,0
PC int8,noise_snr20db,test,Soldiers_Marching-SoundBible_uid-0eax5q,0,0.0,0
PC int8,noise_snr20db,test,Soldiers_Marching-SoundBible_uid-4m3auc,0,0.0,0
PC int8,noise_snr20db,test,Soldiers_Marching-SoundBible_uid-51ygbj,0,0.0,0
PC int8,noise_snr20db,test,Soldiers_Marching-SoundBible_uid-5xkxw1,0,0.0,0
PC int8,noise_snr20db,test,Soldiers_Marching-SoundBible_uid-bqrx9i,0,0.0,0
PC int8,noise_snr20db,test,Sports_Bar Patrons Loud-SoundBible_uid-0qx8ca,0,0.0,0
PC int8,noise_snr20db,test,Steam_Engine-John-1826274710_uid-1hznao,0,0.0,0
PC int8,noise_snr20db,test,Steam_Engine-John-1826274710_uid-9qykmv,0,0.0,0
PC int8,noise_snr20db,test,Steam_Engine-John-1826274710_uid-pe5dcl,0,0.0,0
PC int8,noise_snr20db,test,Swimming_Pool Ambiance-SoundBible_uid-thd1td,0,0.0,0
PC int8,noise_snr20db,test,Temple_Bell Huge-SoundBible_uid-vwd9pv,0,0.0,0
PC int8,noise_snr20db,test,Tornado_Siren_II-Delilah-747233690_uid-9imkus,0,0.0,0
PC int8,noise_snr20db,test,Tornado_Siren_II-Delilah-747233690_uid-k23l64,0,0.0,0
PC int8,noise_snr20db,test,Tornado_Siren_II-Delilah-747233690_uid-yu5cjs,0,0.0,0
PC int8,noise_snr20db,test,Tornado_Siren_SoundBible_uid-6dnh9z,0,0.0,0
PC int8,noise_snr20db,test,Tornado_Siren_SoundBible_uid-g7d17q,0,0.0,0
PC int8,noise_snr20db,test,Walking-SoundBible_uid-62j3do,0,0.0,0
PC int8,noise_snr20db,test,Walking_In_Snow-SoundBible_uid-hoifci,0,0.0,0
PC int8,noise_snr20db,test,Walking_On_Gravel-SoundBible_uid-7duozg,0,0.00390625,0
PC int8,noise_snr20db,test,Walking_On_Gravel-SoundBible_uid-fi611q,0,0.01171875,0
PC int8,noise_snr20db,test,Walking_On_Gravel-SoundBible_uid-jhzvu7,0,0.0,0
PC int8,noise_snr20db,test,Winston_Churchill Nazi Speech-SoundBible_uid-2unyd8,0,0.0,0
PC int8,noise_snr20db,test,Winston_Churchill Nazi Speech-SoundBible_uid-761zdn,0,0.0,0
PC int8,noise_snr20db,test,Winston_Churchill Nazi Speech-SoundBible_uid-g4x51s,0,0.0,0
PC int8,noise_snr20db,test,Winston_Churchill Nazi Speech-SoundBible_uid-jp39dv,0,0.0,0
PC int8,noise_snr20db,test,Winston_Churchill Nazi Speech-SoundBible_uid-rwukdv,0,0.0,0
PC int8,noise_snr20db,test,Woman_Screaming 2-SoundBible_uid-c9acqz,0,0.0,0
PC int8,noise_snr20db,test,church_chime-daniel_simon (1)_uid-zsrdac,0,0.0,0
PC int8,noise_snr20db,test,church_chime-daniel_simon_uid-bbyw01,0,0.0,0
PC int8,noise_snr20db,test,church_chime-daniel_simon_uid-sxzijw,0,0.0,0
PC int8,noise_snr20db,test,doberman_pincher_daniel-simion_uid-348sts,0,0.0,0
PC int8,noise_snr20db,test,doberman_pincher_daniel-simion_uid-4gutjw,0,0.0,0
PC int8,noise_snr20db,test,doberman_pincher_daniel-simion_uid-db2xc6,0,0.0,0
PC int8,noise_snr20db,test,doberman_pincher_daniel-simion_uid-m6nbjk,0,0.0,0
PC int8,noise_snr20db,test,german_shephard-daniel_simon (1)_uid-x57o4h,0,0.0,0
PC int8,noise_snr20db,test,german_shephard-daniel_simon_uid-35by3o,0,0.0,0
PC int8,noise_snr20db,test,hard_shoes_1-daniel_simon_uid-lqfqp3,0,0.0,0
PC int8,noise_snr20db,test,harley_davidson-daniel_simon_uid-3gnkx0,0,0.0,0
PC int8,noise_snr20db,test,harley_davidson-daniel_simon_uid-5tbvav,0,0.0,0
PC int8,noise_snr20db,test,labrador_barking-daniel_simon_uid-cpx5m6,0,0.0,0
PC int8,noise_snr20db,test,labrador_barking-daniel_simon_uid-cvf4k1,0,0.0,0
PC int8,noise_snr20db,test,labrador_barking-daniel_simon_uid-j0e09a,0,0.0,0
PC int8,noise_snr20db,test,labrador_barking-daniel_simon_uid-mwgdoo,0,0.0,0
PC int8,noise_snr20db,test,labrador_barking-daniel_simon_uid-p1nd4y,0,0.0,0
PC int8,noise_snr20db,test,labrador_barking-daniel_simon_uid-px7218,0,0.0,0
PC int8,noise_snr20db,test,muscle_car-daniel_simon (1)_uid-hvisfn,0,0.0,0
PC int8,noise_snr20db,test,muscle_car-daniel_simon_uid-jpcsdl,0,0.0,0
PC int8,noise_snr20db,test,old_car-engine_daniel_simion_uid-2lzarp,0,0.0,0
PC int8,noise_snr20db,test,old_car-engine_daniel_simion_uid-5xyl64,0,0.0,0
PC int8,noise_snr20db,test,old_car-engine_daniel_simion_uid-8mfyeb,0,0.0,0
PC int8,noise_snr20db,test,old_car-engine_daniel_simion_uid-9xmt28,0,0.0,0
PC int8,noise_snr20db,test,old_fashioned-door-bell-daniel_simon_uid-1bqwmt,0,0.0,0
PC int8,noise_snr20db,test,old_fashioned-door-bell-daniel_simon_uid-8q7aiq,0,0.0,0
PC int8,noise_snr20db,test,party_crowd-daniel_simon_uid-8pwj7x,0,0.0,0
PC int8,noise_snr20db,test,party_crowd-daniel_simon_uid-vroqkp,0,0.0,0
PC int8,noise_snr20db,test,railroad_crossing_bell-Brylon_Terry-1551570865 (1)_uid-55is8o,0,0.0,0
PC int8,noise_snr20db,test,railroad_crossing_bell-Brylon_Terry-1551570865 (1)_uid-6mnkqh,0,0.0,0
PC int8,noise_snr20db,test,railroad_crossing_bell-Brylon_Terry-1551570865 (1)_uid-mi9sxj,0,0.0,0
PC int8,noise_snr20db,test,railroad_crossing_bell-Brylon_Terry-1551570865 (1)_uid-n15yft,0,0.0,0
PC int8,noise_snr20db,test,railroad_crossing_bell-Brylon_Terry-1551570865 (1)_uid-vxl8al,0,0.0,0
PC int8,noise_snr20db,test,railroad_crossing_bell-Brylon_Terry-1551570865 (1)_uid-waev1t,0,0.0,0
PC int8,noise_snr20db,test,railroad_crossing_bell-Brylon_Terry-1551570865 (1)_uid-zyz59r,0,0.0,0
PC int8,noise_snr20db,test,railroad_crossing_bell-Brylon_Terry-1551570865_uid-ejhzbl,0,0.0,0
PC int8,noise_snr20db,test,railroad_crossing_bell-Brylon_Terry-1551570865_uid-po2yqk,0,0.0,0
PC int8,noise_snr20db,test,tolling_bell_daniel-simion_uid-kg3lrg,0,0.0,0
PC int8,noise_snr20db,test,tolling_bell_daniel-simion_uid-witt3h,0,0.0,0
PC float32,noise_snr10db,test,0003_0397s_shot_019_ch1,1,0.9999966621398926,1
PC float32,noise_snr10db,test,0005_0580s_shot_006_ch1,1,0.9999998807907104,1
PC float32,noise_snr10db,test,0005_0607s_shot_150_ch1,1,0.9999668598175049,1
PC float32,noise_snr10db,test,0005_0631s_shot_173_ch1,1,0.9999849796295166,1
PC float32,noise_snr10db,test,0005_0632s_shot_176_ch1,1,0.9989633560180664,1
PC float32,noise_snr10db,test,0005_0662s_shot_201_ch1,1,0.9999991059303284,1
PC float32,noise_snr10db,test,0005_0685s_shot_220_ch1,1,0.9999933838844299,1
PC float32,noise_snr10db,test,0005_0700s_shot_037_ch1,1,0.9999890327453613,1
PC float32,noise_snr10db,test,0011_0226s_shot_011_ch1,1,0.7939053773880005,1
PC float32,noise_snr10db,test,0011_0333s_shot_018_ch1,1,0.9365889430046082,1
PC float32,noise_snr10db,test,171236__alukahn__gunshot2_uid-fcn21d,0,1.375912578316374e-10,0
PC float32,noise_snr10db,test,371041__morganpurkis__single-gunshot-3_uid-1k053k,0,1.7252536205214497e-11,0
PC float32,noise_snr10db,test,384687__morganpurkis__single-gunshot-42_uid-u9d6r1,0,1.1077033387763002e-12,0
PC float32,noise_snr10db,test,384689__dobroide__20170318gunshotparadiso_uid-kwsehz,0,3.4048580198068074e-25,0
PC float32,noise_snr10db,test,384689__dobroide__20170318gunshotparadiso_uid-pjl13d,0,2.268175230968339e-11,0
PC float32,noise_snr10db,test,402008__eardeer__gunshot__high_3_uid-4j4q67,0,1.2619506350661497e-22,0
PC float32,noise_snr10db,test,402791__acidsnowflake__ak47-and-various-other-gunshots-at-indoor-shooting-range_uid-6aezru,0,2.3221938823047984e-26,0
PC float32,noise_snr10db,test,402791__acidsnowflake__ak47-and-various-other-gunshots-at-indoor-shooting-range_uid-byjlki,0,8.135592566392678e-23,0
PC float32,noise_snr10db,test,402791__acidsnowflake__ak47-and-various-other-gunshots-at-indoor-shooting-range_uid-garl1l,0,3.0954085942873665e-25,0
PC float32,noise_snr10db,test,402791__acidsnowflake__ak47-and-various-other-gunshots-at-indoor-shooting-range_uid-l3ibfo,0,2.5626715965070525e-25,0
PC float32,noise_snr10db,test,402791__acidsnowflake__ak47-and-various-other-gunshots-at-indoor-shooting-range_uid-qe3eyz,0,3.0177542669279372e-27,0
PC float32,noise_snr10db,test,405132__fstagi__gunshots_uid-xcyi0z,0,1.1326855442929525e-16,0
PC float32,noise_snr10db,test,51470__smcameron__synthetic_gunshot_2_uid-vatpwv,0,3.34637262344728e-10,0
PC float32,noise_snr10db,test,518181__bolkmar__fx-gunshot_uid-al1o0i,0,7.825889336217395e-16,0
PC float32,noise_snr10db,test,518181__bolkmar__fx-gunshot_uid-es96l9,0,1.5105173588381149e-05,0
PC float32,noise_snr10db,test,518181__bolkmar__fx-gunshot_uid-j3vsmz,0,1.892634981300479e-15,0
PC float32,noise_snr10db,test,519623__nathanchurchyard__gunshots_uid-kvxx3q,0,2.29903707804624e-06,0
PC float32,noise_snr10db,test,683312__pnmcarrierailfan__pistol-gunshot-mix-weapons_uid-tmmoay,0,2.1766817626898147e-15,0
PC float32,noise_snr10db,test,Amusement_Park Ambiance -SoundBible_uid-2t9w3e,0,1.7584173592037622e-13,0
PC float32,noise_snr10db,test,Amusement_Park Ambiance -SoundBible_uid-jwv6lq,0,5.892446903674187e-13,0
PC float32,noise_snr10db,test,Amusement_Park Ambiance -SoundBible_uid-l24o63,0,5.051809637279803e-09,0
PC float32,noise_snr10db,test,Background_Noise-SoundBible_uid-m7qaag,0,3.6907362499505325e-08,0
PC float32,noise_snr10db,test,Background_Noise-SoundBible_uid-mnn2bm,0,7.597370859002694e-05,0
PC float32,noise_snr10db,test,Bi_Polar_Uncle-ScanMan-1810098860_uid-b8uks2,0,4.305290304214861e-34,0
PC float32,noise_snr10db,test,Bi_Polar_Uncle-ScanMan-1810098860_uid-evaiic,0,8.507916631805517e-26,0
PC float32,noise_snr10db,test,Bi_Polar_Uncle-ScanMan-1810098860_uid-l7n0jt,0,0.0,0
PC float32,noise_snr10db,test,Bi_Polar_Uncle-ScanMan-1810098860_uid-omv54z,0,2.1145784173631054e-23,0
PC float32,noise_snr10db,test,Bi_Polar_Uncle-ScanMan-1810098860_uid-p90ljg,0,0.0,0
PC float32,noise_snr10db,test,Big_door_closed-Clemens_F-941522533_uid-n02it9,0,3.651184647050602e-15,0
PC float32,noise_snr10db,test,Cellar_Door Slam Shut-SoundBible_uid-pg4dq8,0,5.0543383463741345e-15,0
PC float32,noise_snr10db,test,Citty_Traffic Ambiance-SoundBible_uid-87yimc,0,1.512106585777051e-11,0
PC float32,noise_snr10db,test,Citty_Traffic Ambiance-SoundBible_uid-8vk0wx,0,1.0405362385270192e-18,0
PC float32,noise_snr10db,test,Citty_Traffic Ambiance-SoundBible_uid-mxbe2e,0,2.170900974583041e-16,0
PC float32,noise_snr10db,test,Citty_Traffic Ambiance-SoundBible_uid-q0srdn,0,8.75345447032749e-16,0
PC float32,noise_snr10db,test,City_Ambiance-SoundBible_uid-8yrqh9,0,8.387834362312178e-21,0
PC float32,noise_snr10db,test,City_Ambiance-SoundBible_uid-t8xlgr,0,1.207501181204217e-30,0
PC float32,noise_snr10db,test,Classroom_Ambiance-SoundBible_uid-q49pv1,0,1.2922456562591833e-06,0
PC float32,noise_snr10db,test,Classroom_Ambiance-SoundBible_uid-qfbdk0,0,6.533322789437079e-07,0
PC float32,noise_snr10db,test,Classroom_Ambiance-SoundBible_uid-uu3ewb,0,9.615620228942134e-07,0
PC float32,noise_snr10db,test,Classroom_Ambiance-SoundBible_uid-xdl758,0,5.446379418572178e-06,0
PC float32,noise_snr10db,test,Close_Vault_Or_Jail_Door-SoundBible_uid-lasl2n,0,8.36759426192657e-08,0
PC float32,noise_snr10db,test,Dog_Barking-SoundBible_uid-3uyzqt,0,9.240219578562665e-35,0
PC float32,noise_snr10db,test,Dog_Barking-SoundBible_uid-udwefz,0,2.9932628441671192e-36,0
PC float32,noise_snr10db,test,Dogs_Barking-SoundBible_uid-0ftva8,0,3.0756485252824326e-31,0
PC float32,noise_snr10db,test,Dogs_Barking-SoundBible_uid-itlawo,0,3.184624557060964e-35,0
PC float32,noise_snr10db,test,Dogs_Barking-SoundBible_uid-k8qbi9,0,9.900511832230054e-32,0
PC float32,noise_snr10db,test,End_of_Game-Mike_Koenig-617089079_uid-0scusn,0,5.00619669545145e-29,0
PC float32,noise_snr10db,test,Engine_Inside_Car-SoundBible_uid-as3jed,0,0.0076429652981460094,0
PC float32,noise_snr10db,test,Fast_Heel_Walk-Kyanna_Johnson-1646343608_uid-8u9yx0,0,1.8400933729925554e-25,0
PC float32,noise_snr10db,test,Fast_Heel_Walk-Kyanna_Johnson-1646343608_uid-9pwmgu,0,5.746339397169864e-28,0
PC float32,noise_snr10db,test,Female_Scream_Horror-NeoPhyTe-138499973_uid-w7fb5j,0,5.6824881353448994e-37,0
PC float32,noise_snr10db,test,Footsteps_SoundBible_uid-4v6zy1,0,5.166211493432167e-15,0
PC float32,noise_snr10db,test,Footsteps_SoundBible_uid-dg95vk,0,2.436553067417715e-20,0
PC float32,noise_snr10db,test,Footsteps_SoundBible_uid-hnz36f,0,0.0011954790679737926,0
PC float32,noise_snr10db,test,Frying_Pan_Impact-SoundBible_uid-nbylf3,0,0.0,0
PC float32,noise_snr10db,test,Indian_Bell-SoundBible_uid-t0u6xu,0,6.753558869108098e-28,0
PC float32,noise_snr10db,test,Japanese_Temple Bell Small-SoundBible_uid-3fhudh,0,1.7914638598997282e-33,0
PC float32,noise_snr10db,test,Japanese_Temple Bell Small-SoundBible_uid-8kpqn1,0,2.4109561415817173e-24,0
PC float32,noise_snr10db,test,Large_Door_Slam-SoundBible_uid-ljg1k3,0,3.5878963444702094e-06,0
PC float32,noise_snr10db,test,Little_Girl_Talking-Mike_Koenig-782373463_uid-bstw5g,0,2.415109567493229e-30,0
PC float32,noise_snr10db,test,Metal_Gong-Dianakc-109711828_uid-hlegwg,0,4.2923731236044205e-09,0
PC float32,noise_snr10db,test,Motorcycle_Engine-SoundBible_uid-bo8n5y,0,9.358504030387849e-05,0
PC float32,noise_snr10db,test,Neighborhood_Dogs Barking-SoundBible_uid-6a1kho,0,0.0,0
PC float32,noise_snr10db,test,Neighborhood_Dogs Barking-SoundBible_uid-7mwktq,0,2.828677573597693e-32,0
PC float32,noise_snr10db,test,Neighborhood_Dogs Barking-SoundBible_uid-dwmjp4,0,2.1021886642195664e-34,0
PC float32,noise_snr10db,test,Neighborhood_Dogs Barking-SoundBible_uid-kc7h7x,0,5.131311486736319e-37,0
PC float32,noise_snr10db,test,Neighborhood_Dogs Barking-SoundBible_uid-p7gr4b,0,8.00385092116835e-36,0
PC float32,noise_snr10db,test,Neighborhood_Dogs Barking-SoundBible_uid-rq1qkq,0,3.8204052157367505e-27,0
PC float32,noise_snr10db,test,Obama_Speech Liar-SoundBible_uid-8mnhtv,0,0.0,0
PC float32,noise_snr10db,test,Old_Door_Creaking-SoundBible_uid-e16ryq,0,1.1974252700497345e-08,0
PC float32,noise_snr10db,test,Old_Door_Creaking-SoundBible_uid-f2vs74,0,8.69371033496158e-11,0
PC float32,noise_snr10db,test,Old_Door_Creaking-SoundBible_uid-ozrhlo,0,1.8816894223339098e-11,0
PC float32,noise_snr10db,test,Old_Door_Creaking-SoundBible_uid-q6uf3u,0,1.755199150466069e-07,0
PC float32,noise_snr10db,test,Police Siren 3-SoundBible_uid-nytspf,0,0.0,0
PC float32,noise_snr10db,test,Police_Siren-SoundBible_uid-uyk0z0,0,2.370190175041867e-27,0
PC float32,noise_snr10db,test,Psycho_Scream-SoundBible_uid-4qhwlo,0,0.0,0
PC float32,noise_snr10db,test,Psycho_Scream-SoundBible_uid-uococi,0,0.0,0
PC float32,noise_snr10db,test,Puppy_Dog Barking-SoundBible_uid-130qr7,0,0.0,0
PC float32,noise_snr10db,test,Puppy_Dog Barking-SoundBible_uid-zrfwba,0,0.0,0
PC float32,noise_snr10db,test,Race_Car Idle-SoundBible_uid-5il88u,0,5.210060367482105e-18,0
PC float32,noise_snr10db,test,Race_Car Idle-SoundBible_uid-bjwy2y,0,1.7286535212443164e-18,0
PC float32,noise_snr10db,test,Race_Car Idle-SoundBible_uid-i7dn0k,0,4.0808389728764634e-17,0
PC float32,noise_snr10db,test,Restaurant Walla Track-SoundBible_uid-19b0uq,0,3.583499275094937e-09,0
PC float32,noise_snr10db,test,Restaurant Walla Track-SoundBible_uid-e11kg8,0,8.002383544940239e-21,0
PC float32,noise_snr10db,test,Restaurant Walla Track-SoundBible_uid-fk59q6,0,2.7137328576727336e-31,0
PC float32,noise_snr10db,test,School_Fire_Alarm-Cullen_Card-202875844_uid-rfkm7v,0,0.0,0
PC float32,noise_snr10db,test,Shift_Gears-SoundBible_uid-cvmuj8,0,3.3932598578294136e-29,0
PC float32,noise_snr10db,test,Ship_Bell-Mike_Koenig-1911209136_uid-e2z0y7,0,1.1406890651203935e-33,0
PC float32,noise_snr10db,test,Ship_Brass_Bell-Mike_Koenig-1458750630_uid-oksrz0,0,3.633054344131443e-22,0
PC float32,noise_snr10db,test,Shopping_Mall Ambiance-SoundBible_uid-fa5yaq,0,4.160408996478626e-15,0
PC float32,noise_snr10db,test,Sleigh_Bells_Ringing-SoundBible_uid-i52bxo,0,7.375539058076205e-30,0
PC float32,noise_snr10db,test,Sleigh_Bells_Ringing-SoundBible_uid-xjtewi,0,5.61653375487438e-32,0
PC float32,noise_snr10db,test,Soldiers_Marching-SoundBible_uid-0eax5q,0,2.2324342124319216e-16,0
PC float32,noise_snr10db,test,Soldiers_Marching-SoundBible_uid-4m3auc,0,1.7617263734832944e-18,0
PC float32,noise_snr10db,test,Soldiers_Marching-SoundBible_uid-51ygbj,0,1.4257388270104432e-16,0
PC float32,noise_snr10db,test,Soldiers_Marching-SoundBible_uid-5xkxw1,0,1.869631748348713e-20,0
PC float32,noise_snr10db,test,Soldiers_Marching-SoundBible_uid-bqrx9i,0,2.0094836915009363e-19,0
PC float32,noise_snr10db,test,Sports_Bar Patrons Loud-SoundBible_uid-0qx8ca,0,4.254271395074518e-27,0
PC float32,noise_snr10db,test,Steam_Engine-John-1826274710_uid-1hznao,0,1.827238135011596e-16,0
PC float32,noise_snr10db,test,Steam_Engine-John-1826274710_uid-9qykmv,0,2.4972059331096946e-23,0
PC float32,noise_snr10db,test,Steam_Engine-John-1826274710_uid-pe5dcl,0,3.9099054574719916e-24,0
PC float32,noise_snr10db,test,Swimming_Pool Ambiance-SoundBible_uid-thd1td,0,5.549859671689785e-21,0
PC float32,noise_snr10db,test,Temple_Bell Huge-SoundBible_uid-vwd9pv,0,5.220980939246722e-11,0
PC float32,noise_snr10db,test,Tornado_Siren_II-Delilah-747233690_uid-9imkus,0,7.45462050175485e-17,0
PC float32,noise_snr10db,test,Tornado_Siren_II-Delilah-747233690_uid-k23l64,0,1.3109160137808413e-36,0
PC float32,noise_snr10db,test,Tornado_Siren_II-Delilah-747233690_uid-yu5cjs,0,2.647416105354634e-36,0
PC float32,noise_snr10db,test,Tornado_Siren_SoundBible_uid-6dnh9z,0,7.829210476619617e-22,0
PC float32,noise_snr10db,test,Tornado_Siren_SoundBible_uid-g7d17q,0,5.3114034755638356e-17,0
PC float32,noise_snr10db,test,Walking-SoundBible_uid-62j3do,0,4.5535705197816134e-14,0
PC float32,noise_snr10db,test,Walking_In_Snow-SoundBible_uid-hoifci,0,0.0001975954946829006,0
PC float32,noise_snr10db,test,Walking_On_Gravel-SoundBible_uid-7duozg,0,0.020934421569108963,0
PC float32,noise_snr10db,test,Walking_On_Gravel-SoundBible_uid-fi611q,0,0.026690788567066193,0
PC float32,noise_snr10db,test,Walking_On_Gravel-SoundBible_uid-jhzvu7,0,1.2659999275124089e-16,0
PC float32,noise_snr10db,test,Winston_Churchill Nazi Speech-SoundBible_uid-2unyd8,0,3.5711680834715764e-10,0
PC float32,noise_snr10db,test,Winston_Churchill Nazi Speech-SoundBible_uid-761zdn,0,1.1763603424697067e-07,0
PC float32,noise_snr10db,test,Winston_Churchill Nazi Speech-SoundBible_uid-g4x51s,0,6.660438288144929e-26,0
PC float32,noise_snr10db,test,Winston_Churchill Nazi Speech-SoundBible_uid-jp39dv,0,5.679424487127493e-13,0
PC float32,noise_snr10db,test,Winston_Churchill Nazi Speech-SoundBible_uid-rwukdv,0,1.4008887799787928e-11,0
PC float32,noise_snr10db,test,Woman_Screaming 2-SoundBible_uid-c9acqz,0,0.0,0
PC float32,noise_snr10db,test,church_chime-daniel_simon (1)_uid-zsrdac,0,2.2030267297810782e-32,0
PC float32,noise_snr10db,test,church_chime-daniel_simon_uid-bbyw01,0,3.0679012534391857e-32,0
PC float32,noise_snr10db,test,church_chime-daniel_simon_uid-sxzijw,0,0.0,0
PC float32,noise_snr10db,test,doberman_pincher_daniel-simion_uid-348sts,0,3.949990524523101e-33,0
PC float32,noise_snr10db,test,doberman_pincher_daniel-simion_uid-4gutjw,0,8.114179347328125e-22,0
PC float32,noise_snr10db,test,doberman_pincher_daniel-simion_uid-db2xc6,0,2.3333432713087884e-29,0
PC float32,noise_snr10db,test,doberman_pincher_daniel-simion_uid-m6nbjk,0,7.441105047638301e-22,0
PC float32,noise_snr10db,test,german_shephard-daniel_simon (1)_uid-x57o4h,0,1.916011781331834e-30,0
PC float32,noise_snr10db,test,german_shephard-daniel_simon_uid-35by3o,0,2.766602405559213e-23,0
PC float32,noise_snr10db,test,hard_shoes_1-daniel_simon_uid-lqfqp3,0,1.1258231367090065e-24,0
PC float32,noise_snr10db,test,harley_davidson-daniel_simon_uid-3gnkx0,0,4.128647423939924e-11,0
PC float32,noise_snr10db,test,harley_davidson-daniel_simon_uid-5tbvav,0,3.22461224389059e-11,0
PC float32,noise_snr10db,test,labrador_barking-daniel_simon_uid-cpx5m6,0,1.782804352323599e-35,0
PC float32,noise_snr10db,test,labrador_barking-daniel_simon_uid-cvf4k1,0,5.466396925966052e-38,0
PC float32,noise_snr10db,test,labrador_barking-daniel_simon_uid-j0e09a,0,2.805799736419695e-38,0
PC float32,noise_snr10db,test,labrador_barking-daniel_simon_uid-mwgdoo,0,1.989355439687774e-27,0
PC float32,noise_snr10db,test,labrador_barking-daniel_simon_uid-p1nd4y,0,0.0,0
PC float32,noise_snr10db,test,labrador_barking-daniel_simon_uid-px7218,0,0.0,0
PC float32,noise_snr10db,test,muscle_car-daniel_simon (1)_uid-hvisfn,0,4.238266421846548e-12,0
PC float32,noise_snr10db,test,muscle_car-daniel_simon_uid-jpcsdl,0,1.2902004464798722e-10,0
PC float32,noise_snr10db,test,old_car-engine_daniel_simion_uid-2lzarp,0,8.434321301952241e-30,0
PC float32,noise_snr10db,test,old_car-engine_daniel_simion_uid-5xyl64,0,1.441409303803156e-27,0
PC float32,noise_snr10db,test,old_car-engine_daniel_simion_uid-8mfyeb,0,2.0323300506507854e-30,0
PC float32,noise_snr10db,test,old_car-engine_daniel_simion_uid-9xmt28,0,6.909726569952693e-30,0
PC float32,noise_snr10db,test,old_fashioned-door-bell-daniel_simon_uid-1bqwmt,0,8.406366573624483e-17,0
PC float32,noise_snr10db,test,old_fashioned-door-bell-daniel_simon_uid-8q7aiq,0,3.7082700090143323e-16,0
PC float32,noise_snr10db,test,party_crowd-daniel_simon_uid-8pwj7x,0,6.783455681487929e-29,0
PC float32,noise_snr10db,test,party_crowd-daniel_simon_uid-vroqkp,0,2.3164493147631774e-28,0
PC float32,noise_snr10db,test,railroad_crossing_bell-Brylon_Terry-1551570865 (1)_uid-55is8o,0,0.0,0
PC float32,noise_snr10db,test,railroad_crossing_bell-Brylon_Terry-1551570865 (1)_uid-6mnkqh,0,0.0,0
PC float32,noise_snr10db,test,railroad_crossing_bell-Brylon_Terry-1551570865 (1)_uid-mi9sxj,0,0.0,0
PC float32,noise_snr10db,test,railroad_crossing_bell-Brylon_Terry-1551570865 (1)_uid-n15yft,0,0.0,0
PC float32,noise_snr10db,test,railroad_crossing_bell-Brylon_Terry-1551570865 (1)_uid-vxl8al,0,0.0,0
PC float32,noise_snr10db,test,railroad_crossing_bell-Brylon_Terry-1551570865 (1)_uid-waev1t,0,0.0,0
PC float32,noise_snr10db,test,railroad_crossing_bell-Brylon_Terry-1551570865 (1)_uid-zyz59r,0,0.0,0
PC float32,noise_snr10db,test,railroad_crossing_bell-Brylon_Terry-1551570865_uid-ejhzbl,0,0.0,0
PC float32,noise_snr10db,test,railroad_crossing_bell-Brylon_Terry-1551570865_uid-po2yqk,0,0.0,0
PC float32,noise_snr10db,test,tolling_bell_daniel-simion_uid-kg3lrg,0,2.5765326122267126e-17,0
PC float32,noise_snr10db,test,tolling_bell_daniel-simion_uid-witt3h,0,5.162562537990951e-24,0
PC int8,noise_snr10db,test,0003_0397s_shot_019_ch1,1,0.99609375,1
PC int8,noise_snr10db,test,0005_0580s_shot_006_ch1,1,0.99609375,1
PC int8,noise_snr10db,test,0005_0607s_shot_150_ch1,1,0.99609375,1
PC int8,noise_snr10db,test,0005_0631s_shot_173_ch1,1,0.99609375,1
PC int8,noise_snr10db,test,0005_0632s_shot_176_ch1,1,0.99609375,1
PC int8,noise_snr10db,test,0005_0662s_shot_201_ch1,1,0.99609375,1
PC int8,noise_snr10db,test,0005_0685s_shot_220_ch1,1,0.99609375,1
PC int8,noise_snr10db,test,0005_0700s_shot_037_ch1,1,0.99609375,1
PC int8,noise_snr10db,test,0011_0226s_shot_011_ch1,1,0.5,1
PC int8,noise_snr10db,test,0011_0333s_shot_018_ch1,1,0.8515625,1
PC int8,noise_snr10db,test,171236__alukahn__gunshot2_uid-fcn21d,0,0.0,0
PC int8,noise_snr10db,test,371041__morganpurkis__single-gunshot-3_uid-1k053k,0,0.0,0
PC int8,noise_snr10db,test,384687__morganpurkis__single-gunshot-42_uid-u9d6r1,0,0.0,0
PC int8,noise_snr10db,test,384689__dobroide__20170318gunshotparadiso_uid-kwsehz,0,0.0,0
PC int8,noise_snr10db,test,384689__dobroide__20170318gunshotparadiso_uid-pjl13d,0,0.0,0
PC int8,noise_snr10db,test,402008__eardeer__gunshot__high_3_uid-4j4q67,0,0.0,0
PC int8,noise_snr10db,test,402791__acidsnowflake__ak47-and-various-other-gunshots-at-indoor-shooting-range_uid-6aezru,0,0.0,0
PC int8,noise_snr10db,test,402791__acidsnowflake__ak47-and-various-other-gunshots-at-indoor-shooting-range_uid-byjlki,0,0.0,0
PC int8,noise_snr10db,test,402791__acidsnowflake__ak47-and-various-other-gunshots-at-indoor-shooting-range_uid-garl1l,0,0.0,0
PC int8,noise_snr10db,test,402791__acidsnowflake__ak47-and-various-other-gunshots-at-indoor-shooting-range_uid-l3ibfo,0,0.0,0
PC int8,noise_snr10db,test,402791__acidsnowflake__ak47-and-various-other-gunshots-at-indoor-shooting-range_uid-qe3eyz,0,0.0,0
PC int8,noise_snr10db,test,405132__fstagi__gunshots_uid-xcyi0z,0,0.0,0
PC int8,noise_snr10db,test,51470__smcameron__synthetic_gunshot_2_uid-vatpwv,0,0.0,0
PC int8,noise_snr10db,test,518181__bolkmar__fx-gunshot_uid-al1o0i,0,0.0,0
PC int8,noise_snr10db,test,518181__bolkmar__fx-gunshot_uid-es96l9,0,0.0,0
PC int8,noise_snr10db,test,518181__bolkmar__fx-gunshot_uid-j3vsmz,0,0.0,0
PC int8,noise_snr10db,test,519623__nathanchurchyard__gunshots_uid-kvxx3q,0,0.0,0
PC int8,noise_snr10db,test,683312__pnmcarrierailfan__pistol-gunshot-mix-weapons_uid-tmmoay,0,0.0,0
PC int8,noise_snr10db,test,Amusement_Park Ambiance -SoundBible_uid-2t9w3e,0,0.0,0
PC int8,noise_snr10db,test,Amusement_Park Ambiance -SoundBible_uid-jwv6lq,0,0.0,0
PC int8,noise_snr10db,test,Amusement_Park Ambiance -SoundBible_uid-l24o63,0,0.0,0
PC int8,noise_snr10db,test,Background_Noise-SoundBible_uid-m7qaag,0,0.0,0
PC int8,noise_snr10db,test,Background_Noise-SoundBible_uid-mnn2bm,0,0.0,0
PC int8,noise_snr10db,test,Bi_Polar_Uncle-ScanMan-1810098860_uid-b8uks2,0,0.0,0
PC int8,noise_snr10db,test,Bi_Polar_Uncle-ScanMan-1810098860_uid-evaiic,0,0.0,0
PC int8,noise_snr10db,test,Bi_Polar_Uncle-ScanMan-1810098860_uid-l7n0jt,0,0.0,0
PC int8,noise_snr10db,test,Bi_Polar_Uncle-ScanMan-1810098860_uid-omv54z,0,0.0,0
PC int8,noise_snr10db,test,Bi_Polar_Uncle-ScanMan-1810098860_uid-p90ljg,0,0.0,0
PC int8,noise_snr10db,test,Big_door_closed-Clemens_F-941522533_uid-n02it9,0,0.0,0
PC int8,noise_snr10db,test,Cellar_Door Slam Shut-SoundBible_uid-pg4dq8,0,0.0,0
PC int8,noise_snr10db,test,Citty_Traffic Ambiance-SoundBible_uid-87yimc,0,0.0,0
PC int8,noise_snr10db,test,Citty_Traffic Ambiance-SoundBible_uid-8vk0wx,0,0.0,0
PC int8,noise_snr10db,test,Citty_Traffic Ambiance-SoundBible_uid-mxbe2e,0,0.0,0
PC int8,noise_snr10db,test,Citty_Traffic Ambiance-SoundBible_uid-q0srdn,0,0.0,0
PC int8,noise_snr10db,test,City_Ambiance-SoundBible_uid-8yrqh9,0,0.0,0
PC int8,noise_snr10db,test,City_Ambiance-SoundBible_uid-t8xlgr,0,0.0,0
PC int8,noise_snr10db,test,Classroom_Ambiance-SoundBible_uid-q49pv1,0,0.0,0
PC int8,noise_snr10db,test,Classroom_Ambiance-SoundBible_uid-qfbdk0,0,0.0,0
PC int8,noise_snr10db,test,Classroom_Ambiance-SoundBible_uid-uu3ewb,0,0.0,0
PC int8,noise_snr10db,test,Classroom_Ambiance-SoundBible_uid-xdl758,0,0.0,0
PC int8,noise_snr10db,test,Close_Vault_Or_Jail_Door-SoundBible_uid-lasl2n,0,0.0,0
PC int8,noise_snr10db,test,Dog_Barking-SoundBible_uid-3uyzqt,0,0.0,0
PC int8,noise_snr10db,test,Dog_Barking-SoundBible_uid-udwefz,0,0.0,0
PC int8,noise_snr10db,test,Dogs_Barking-SoundBible_uid-0ftva8,0,0.0,0
PC int8,noise_snr10db,test,Dogs_Barking-SoundBible_uid-itlawo,0,0.0,0
PC int8,noise_snr10db,test,Dogs_Barking-SoundBible_uid-k8qbi9,0,0.0,0
PC int8,noise_snr10db,test,End_of_Game-Mike_Koenig-617089079_uid-0scusn,0,0.0,0
PC int8,noise_snr10db,test,Engine_Inside_Car-SoundBible_uid-as3jed,0,0.01171875,0
PC int8,noise_snr10db,test,Fast_Heel_Walk-Kyanna_Johnson-1646343608_uid-8u9yx0,0,0.0,0
PC int8,noise_snr10db,test,Fast_Heel_Walk-Kyanna_Johnson-1646343608_uid-9pwmgu,0,0.0,0
PC int8,noise_snr10db,test,Female_Scream_Horror-NeoPhyTe-138499973_uid-w7fb5j,0,0.0,0
PC int8,noise_snr10db,test,Footsteps_SoundBible_uid-4v6zy1,0,0.0,0
PC int8,noise_snr10db,test,Footsteps_SoundBible_uid-dg95vk,0,0.0,0
PC int8,noise_snr10db,test,Footsteps_SoundBible_uid-hnz36f,0,0.0,0
PC int8,noise_snr10db,test,Frying_Pan_Impact-SoundBible_uid-nbylf3,0,0.0,0
PC int8,noise_snr10db,test,Indian_Bell-SoundBible_uid-t0u6xu,0,0.0,0
PC int8,noise_snr10db,test,Japanese_Temple Bell Small-SoundBible_uid-3fhudh,0,0.0,0
PC int8,noise_snr10db,test,Japanese_Temple Bell Small-SoundBible_uid-8kpqn1,0,0.0,0
PC int8,noise_snr10db,test,Large_Door_Slam-SoundBible_uid-ljg1k3,0,0.0,0
PC int8,noise_snr10db,test,Little_Girl_Talking-Mike_Koenig-782373463_uid-bstw5g,0,0.0,0
PC int8,noise_snr10db,test,Metal_Gong-Dianakc-109711828_uid-hlegwg,0,0.0,0
PC int8,noise_snr10db,test,Motorcycle_Engine-SoundBible_uid-bo8n5y,0,0.0,0
PC int8,noise_snr10db,test,Neighborhood_Dogs Barking-SoundBible_uid-6a1kho,0,0.0,0
PC int8,noise_snr10db,test,Neighborhood_Dogs Barking-SoundBible_uid-7mwktq,0,0.0,0
PC int8,noise_snr10db,test,Neighborhood_Dogs Barking-SoundBible_uid-dwmjp4,0,0.0,0
PC int8,noise_snr10db,test,Neighborhood_Dogs Barking-SoundBible_uid-kc7h7x,0,0.0,0
PC int8,noise_snr10db,test,Neighborhood_Dogs Barking-SoundBible_uid-p7gr4b,0,0.0,0
PC int8,noise_snr10db,test,Neighborhood_Dogs Barking-SoundBible_uid-rq1qkq,0,0.0,0
PC int8,noise_snr10db,test,Obama_Speech Liar-SoundBible_uid-8mnhtv,0,0.0,0
PC int8,noise_snr10db,test,Old_Door_Creaking-SoundBible_uid-e16ryq,0,0.0,0
PC int8,noise_snr10db,test,Old_Door_Creaking-SoundBible_uid-f2vs74,0,0.0,0
PC int8,noise_snr10db,test,Old_Door_Creaking-SoundBible_uid-ozrhlo,0,0.0,0
PC int8,noise_snr10db,test,Old_Door_Creaking-SoundBible_uid-q6uf3u,0,0.0,0
PC int8,noise_snr10db,test,Police Siren 3-SoundBible_uid-nytspf,0,0.0,0
PC int8,noise_snr10db,test,Police_Siren-SoundBible_uid-uyk0z0,0,0.0,0
PC int8,noise_snr10db,test,Psycho_Scream-SoundBible_uid-4qhwlo,0,0.0,0
PC int8,noise_snr10db,test,Psycho_Scream-SoundBible_uid-uococi,0,0.0,0
PC int8,noise_snr10db,test,Puppy_Dog Barking-SoundBible_uid-130qr7,0,0.0,0
PC int8,noise_snr10db,test,Puppy_Dog Barking-SoundBible_uid-zrfwba,0,0.0,0
PC int8,noise_snr10db,test,Race_Car Idle-SoundBible_uid-5il88u,0,0.0,0
PC int8,noise_snr10db,test,Race_Car Idle-SoundBible_uid-bjwy2y,0,0.0,0
PC int8,noise_snr10db,test,Race_Car Idle-SoundBible_uid-i7dn0k,0,0.0,0
PC int8,noise_snr10db,test,Restaurant Walla Track-SoundBible_uid-19b0uq,0,0.0,0
PC int8,noise_snr10db,test,Restaurant Walla Track-SoundBible_uid-e11kg8,0,0.0,0
PC int8,noise_snr10db,test,Restaurant Walla Track-SoundBible_uid-fk59q6,0,0.0,0
PC int8,noise_snr10db,test,School_Fire_Alarm-Cullen_Card-202875844_uid-rfkm7v,0,0.0,0
PC int8,noise_snr10db,test,Shift_Gears-SoundBible_uid-cvmuj8,0,0.0,0
PC int8,noise_snr10db,test,Ship_Bell-Mike_Koenig-1911209136_uid-e2z0y7,0,0.0,0
PC int8,noise_snr10db,test,Ship_Brass_Bell-Mike_Koenig-1458750630_uid-oksrz0,0,0.0,0
PC int8,noise_snr10db,test,Shopping_Mall Ambiance-SoundBible_uid-fa5yaq,0,0.0,0
PC int8,noise_snr10db,test,Sleigh_Bells_Ringing-SoundBible_uid-i52bxo,0,0.0,0
PC int8,noise_snr10db,test,Sleigh_Bells_Ringing-SoundBible_uid-xjtewi,0,0.0,0
PC int8,noise_snr10db,test,Soldiers_Marching-SoundBible_uid-0eax5q,0,0.0,0
PC int8,noise_snr10db,test,Soldiers_Marching-SoundBible_uid-4m3auc,0,0.0,0
PC int8,noise_snr10db,test,Soldiers_Marching-SoundBible_uid-51ygbj,0,0.0,0
PC int8,noise_snr10db,test,Soldiers_Marching-SoundBible_uid-5xkxw1,0,0.0,0
PC int8,noise_snr10db,test,Soldiers_Marching-SoundBible_uid-bqrx9i,0,0.0,0
PC int8,noise_snr10db,test,Sports_Bar Patrons Loud-SoundBible_uid-0qx8ca,0,0.0,0
PC int8,noise_snr10db,test,Steam_Engine-John-1826274710_uid-1hznao,0,0.0,0
PC int8,noise_snr10db,test,Steam_Engine-John-1826274710_uid-9qykmv,0,0.0,0
PC int8,noise_snr10db,test,Steam_Engine-John-1826274710_uid-pe5dcl,0,0.0,0
PC int8,noise_snr10db,test,Swimming_Pool Ambiance-SoundBible_uid-thd1td,0,0.0,0
PC int8,noise_snr10db,test,Temple_Bell Huge-SoundBible_uid-vwd9pv,0,0.0,0
PC int8,noise_snr10db,test,Tornado_Siren_II-Delilah-747233690_uid-9imkus,0,0.0,0
PC int8,noise_snr10db,test,Tornado_Siren_II-Delilah-747233690_uid-k23l64,0,0.0,0
PC int8,noise_snr10db,test,Tornado_Siren_II-Delilah-747233690_uid-yu5cjs,0,0.0,0
PC int8,noise_snr10db,test,Tornado_Siren_SoundBible_uid-6dnh9z,0,0.0,0
PC int8,noise_snr10db,test,Tornado_Siren_SoundBible_uid-g7d17q,0,0.0,0
PC int8,noise_snr10db,test,Walking-SoundBible_uid-62j3do,0,0.0,0
PC int8,noise_snr10db,test,Walking_In_Snow-SoundBible_uid-hoifci,0,0.0,0
PC int8,noise_snr10db,test,Walking_On_Gravel-SoundBible_uid-7duozg,0,0.01171875,0
PC int8,noise_snr10db,test,Walking_On_Gravel-SoundBible_uid-fi611q,0,0.01171875,0
PC int8,noise_snr10db,test,Walking_On_Gravel-SoundBible_uid-jhzvu7,0,0.0,0
PC int8,noise_snr10db,test,Winston_Churchill Nazi Speech-SoundBible_uid-2unyd8,0,0.0,0
PC int8,noise_snr10db,test,Winston_Churchill Nazi Speech-SoundBible_uid-761zdn,0,0.0,0
PC int8,noise_snr10db,test,Winston_Churchill Nazi Speech-SoundBible_uid-g4x51s,0,0.0,0
PC int8,noise_snr10db,test,Winston_Churchill Nazi Speech-SoundBible_uid-jp39dv,0,0.0,0
PC int8,noise_snr10db,test,Winston_Churchill Nazi Speech-SoundBible_uid-rwukdv,0,0.0,0
PC int8,noise_snr10db,test,Woman_Screaming 2-SoundBible_uid-c9acqz,0,0.0,0
PC int8,noise_snr10db,test,church_chime-daniel_simon (1)_uid-zsrdac,0,0.0,0
PC int8,noise_snr10db,test,church_chime-daniel_simon_uid-bbyw01,0,0.0,0
PC int8,noise_snr10db,test,church_chime-daniel_simon_uid-sxzijw,0,0.0,0
PC int8,noise_snr10db,test,doberman_pincher_daniel-simion_uid-348sts,0,0.0,0
PC int8,noise_snr10db,test,doberman_pincher_daniel-simion_uid-4gutjw,0,0.0,0
PC int8,noise_snr10db,test,doberman_pincher_daniel-simion_uid-db2xc6,0,0.0,0
PC int8,noise_snr10db,test,doberman_pincher_daniel-simion_uid-m6nbjk,0,0.0,0
PC int8,noise_snr10db,test,german_shephard-daniel_simon (1)_uid-x57o4h,0,0.0,0
PC int8,noise_snr10db,test,german_shephard-daniel_simon_uid-35by3o,0,0.0,0
PC int8,noise_snr10db,test,hard_shoes_1-daniel_simon_uid-lqfqp3,0,0.0,0
PC int8,noise_snr10db,test,harley_davidson-daniel_simon_uid-3gnkx0,0,0.0,0
PC int8,noise_snr10db,test,harley_davidson-daniel_simon_uid-5tbvav,0,0.0,0
PC int8,noise_snr10db,test,labrador_barking-daniel_simon_uid-cpx5m6,0,0.0,0
PC int8,noise_snr10db,test,labrador_barking-daniel_simon_uid-cvf4k1,0,0.0,0
PC int8,noise_snr10db,test,labrador_barking-daniel_simon_uid-j0e09a,0,0.0,0
PC int8,noise_snr10db,test,labrador_barking-daniel_simon_uid-mwgdoo,0,0.0,0
PC int8,noise_snr10db,test,labrador_barking-daniel_simon_uid-p1nd4y,0,0.0,0
PC int8,noise_snr10db,test,labrador_barking-daniel_simon_uid-px7218,0,0.0,0
PC int8,noise_snr10db,test,muscle_car-daniel_simon (1)_uid-hvisfn,0,0.0,0
PC int8,noise_snr10db,test,muscle_car-daniel_simon_uid-jpcsdl,0,0.0,0
PC int8,noise_snr10db,test,old_car-engine_daniel_simion_uid-2lzarp,0,0.0,0
PC int8,noise_snr10db,test,old_car-engine_daniel_simion_uid-5xyl64,0,0.0,0
PC int8,noise_snr10db,test,old_car-engine_daniel_simion_uid-8mfyeb,0,0.0,0
PC int8,noise_snr10db,test,old_car-engine_daniel_simion_uid-9xmt28,0,0.0,0
PC int8,noise_snr10db,test,old_fashioned-door-bell-daniel_simon_uid-1bqwmt,0,0.0,0
PC int8,noise_snr10db,test,old_fashioned-door-bell-daniel_simon_uid-8q7aiq,0,0.0,0
PC int8,noise_snr10db,test,party_crowd-daniel_simon_uid-8pwj7x,0,0.0,0
PC int8,noise_snr10db,test,party_crowd-daniel_simon_uid-vroqkp,0,0.0,0
PC int8,noise_snr10db,test,railroad_crossing_bell-Brylon_Terry-1551570865 (1)_uid-55is8o,0,0.0,0
PC int8,noise_snr10db,test,railroad_crossing_bell-Brylon_Terry-1551570865 (1)_uid-6mnkqh,0,0.0,0
PC int8,noise_snr10db,test,railroad_crossing_bell-Brylon_Terry-1551570865 (1)_uid-mi9sxj,0,0.0,0
PC int8,noise_snr10db,test,railroad_crossing_bell-Brylon_Terry-1551570865 (1)_uid-n15yft,0,0.0,0
PC int8,noise_snr10db,test,railroad_crossing_bell-Brylon_Terry-1551570865 (1)_uid-vxl8al,0,0.0,0
PC int8,noise_snr10db,test,railroad_crossing_bell-Brylon_Terry-1551570865 (1)_uid-waev1t,0,0.0,0
PC int8,noise_snr10db,test,railroad_crossing_bell-Brylon_Terry-1551570865 (1)_uid-zyz59r,0,0.0,0
PC int8,noise_snr10db,test,railroad_crossing_bell-Brylon_Terry-1551570865_uid-ejhzbl,0,0.0,0
PC int8,noise_snr10db,test,railroad_crossing_bell-Brylon_Terry-1551570865_uid-po2yqk,0,0.0,0
PC int8,noise_snr10db,test,tolling_bell_daniel-simion_uid-kg3lrg,0,0.0,0
PC int8,noise_snr10db,test,tolling_bell_daniel-simion_uid-witt3h,0,0.0,0
PC float32,noise_snr5db,test,0003_0397s_shot_019_ch1,1,0.9996992945671082,1
PC float32,noise_snr5db,test,0005_0580s_shot_006_ch1,1,0.9995414018630981,1
PC float32,noise_snr5db,test,0005_0607s_shot_150_ch1,1,0.9997362494468689,1
PC float32,noise_snr5db,test,0005_0631s_shot_173_ch1,1,0.9991679191589355,1
PC float32,noise_snr5db,test,0005_0632s_shot_176_ch1,1,0.9999717473983765,1
PC float32,noise_snr5db,test,0005_0662s_shot_201_ch1,1,0.999997615814209,1
PC float32,noise_snr5db,test,0005_0685s_shot_220_ch1,1,0.9999930262565613,1
PC float32,noise_snr5db,test,0005_0700s_shot_037_ch1,1,0.9998794794082642,1
PC float32,noise_snr5db,test,0011_0226s_shot_011_ch1,1,0.848478376865387,1
PC float32,noise_snr5db,test,0011_0333s_shot_018_ch1,1,0.6671583652496338,1
PC float32,noise_snr5db,test,171236__alukahn__gunshot2_uid-fcn21d,0,1.151132036913971e-10,0
PC float32,noise_snr5db,test,371041__morganpurkis__single-gunshot-3_uid-1k053k,0,9.526860637182333e-13,0
PC float32,noise_snr5db,test,384687__morganpurkis__single-gunshot-42_uid-u9d6r1,0,1.402913618608892e-10,0
PC float32,noise_snr5db,test,384689__dobroide__20170318gunshotparadiso_uid-kwsehz,0,5.716413989545184e-26,0
PC float32,noise_snr5db,test,384689__dobroide__20170318gunshotparadiso_uid-pjl13d,0,3.983586897848834e-12,0
PC float32,noise_snr5db,test,402008__eardeer__gunshot__high_3_uid-4j4q67,0,3.3876487284641675e-20,0
PC float32,noise_snr5db,test,402791__acidsnowflake__ak47-and-various-other-gunshots-at-indoor-shooting-range_uid-6aezru,0,3.7383070592534003e-25,0
PC float32,noise_snr5db,test,402791__acidsnowflake__ak47-and-various-other-gunshots-at-indoor-shooting-range_uid-byjlki,0,5.270809883493958e-26,0
PC float32,noise_snr5db,test,402791__acidsnowflake__ak47-and-various-other-gunshots-at-indoor-shooting-range_uid-garl1l,0,1.1388977173521395e-25,0
PC float32,noise_snr5db,test,402791__acidsnowflake__ak47-and-various-other-gunshots-at-indoor-shooting-range_uid-l3ibfo,0,1.9080146358957547e-26,0
PC float32,noise_snr5db,test,402791__acidsnowflake__ak47-and-various-other-gunshots-at-indoor-shooting-range_uid-qe3eyz,0,9.376223225753272e-25,0
PC float32,noise_snr5db,test,405132__fstagi__gunshots_uid-xcyi0z,0,4.322508334337477e-13,0
PC float32,noise_snr5db,test,51470__smcameron__synthetic_gunshot_2_uid-vatpwv,0,4.904678885253588e-10,0
PC float32,noise_snr5db,test,518181__bolkmar__fx-gunshot_uid-al1o0i,0,2.370573639426073e-16,0
PC float32,noise_snr5db,test,518181__bolkmar__fx-gunshot_uid-es96l9,0,0.0005906265578232706,0
PC float32,noise_snr5db,test,518181__bolkmar__fx-gunshot_uid-j3vsmz,0,2.486203517365615e-12,0
PC float32,noise_snr5db,test,519623__nathanchurchyard__gunshots_uid-kvxx3q,0,2.6354273430229114e-08,0
PC float32,noise_snr5db,test,683312__pnmcarrierailfan__pistol-gunshot-mix-weapons_uid-tmmoay,0,1.3667292497125238e-14,0
PC float32,noise_snr5db,test,Amusement_Park Ambiance -SoundBible_uid-2t9w3e,0,4.612579849322396e-12,0
PC float32,noise_snr5db,test,Amusement_Park Ambiance -SoundBible_uid-jwv6lq,0,1.7911694696892688e-11,0
PC float32,noise_snr5db,test,Amusement_Park Ambiance -SoundBible_uid-l24o63,0,9.182807986229946e-11,0
PC float32,noise_snr5db,test,Background_Noise-SoundBible_uid-m7qaag,0,2.54298896606997e-07,0
PC float32,noise_snr5db,test,Background_Noise-SoundBible_uid-mnn2bm,0,1.0098011316017619e-09,0
PC float32,noise_snr5db,test,Bi_Polar_Uncle-ScanMan-1810098860_uid-b8uks2,0,1.4110414930023662e-34,0
PC float32,noise_snr5db,test,Bi_Polar_Uncle-ScanMan-1810098860_uid-evaiic,0,6.511468167008509e-32,0
PC float32,noise_snr5db,test,Bi_Polar_Uncle-ScanMan-1810098860_uid-l7n0jt,0,1.05885732919615e-37,0
PC float32,noise_snr5db,test,Bi_Polar_Uncle-ScanMan-1810098860_uid-omv54z,0,7.912609825667467e-32,0
PC float32,noise_snr5db,test,Bi_Polar_Uncle-ScanMan-1810098860_uid-p90ljg,0,0.0,0
PC float32,noise_snr5db,test,Big_door_closed-Clemens_F-941522533_uid-n02it9,0,4.64755100723635e-12,0
PC float32,noise_snr5db,test,Cellar_Door Slam Shut-SoundBible_uid-pg4dq8,0,1.2290455476198186e-15,0
PC float32,noise_snr5db,test,Citty_Traffic Ambiance-SoundBible_uid-87yimc,0,1.467619157712735e-13,0
PC float32,noise_snr5db,test,Citty_Traffic Ambiance-SoundBible_uid-8vk0wx,0,1.9151993302104028e-16,0
PC float32,noise_snr5db,test,Citty_Traffic Ambiance-SoundBible_uid-mxbe2e,0,1.2807589461639318e-13,0
PC float32,noise_snr5db,test,Citty_Traffic Ambiance-SoundBible_uid-q0srdn,0,3.773226424640423e-15,0
PC float32,noise_snr5db,test,City_Ambiance-SoundBible_uid-8yrqh9,0,1.5266374040950846e-18,0
PC float32,noise_snr5db,test,City_Ambiance-SoundBible_uid-t8xlgr,0,5.9786387476042224e-30,0
PC float32,noise_snr5db,test,Classroom_Ambiance-SoundBible_uid-q49pv1,0,2.360648494459383e-07,0
PC float32,noise_snr5db,test,Classroom_Ambiance-SoundBible_uid-qfbdk0,0,2.8217931458129897e-07,0
PC float32,noise_snr5db,test,Classroom_Ambiance-SoundBible_uid-uu3ewb,0,1.2833981877236056e-08,0
PC float32,noise_snr5db,test,Classroom_Ambiance-SoundBible_uid-xdl758,0,8.271087637012897e-08,0
PC float32,noise_snr5db,test,Close_Vault_Or_Jail_Door-SoundBible_uid-lasl2n,0,5.503606903545233e-09,0
PC float32,noise_snr5db,test,Dog_Barking-SoundBible_uid-3uyzqt,0,1.4241399117592088e-32,0
PC float32,noise_snr5db,test,Dog_Barking-SoundBible_uid-udwefz,0,6.64267403628111e-34,0
PC float32,noise_snr5db,test,Dogs_Barking-SoundBible_uid-0ftva8,0,1.7042700970595465e-33,0
PC float32,noise_snr5db,test,Dogs_Barking-SoundBible_uid-itlawo,0,3.6512961022416924e-30,0
PC float32,noise_snr5db,test,Dogs_Barking-SoundBible_uid-k8qbi9,0,4.710418187412023e-33,0
PC float32,noise_snr5db,test,End_of_Game-Mike_Koenig-617089079_uid-0scusn,0,2.594097892122601e-24,0
PC float32,noise_snr5db,test,Engine_Inside_Car-SoundBible_uid-as3jed,0,0.0014873947948217392,0
PC float32,noise_snr5db,test,Fast_Heel_Walk-Kyanna_Johnson-1646343608_uid-8u9yx0,0,2.333481372522863e-25,0
PC float32,noise_snr5db,test,Fast_Heel_Walk-Kyanna_Johnson-1646343608_uid-9pwmgu,0,2.9704890451606957e-29,0
PC float32,noise_snr5db,test,Female_Scream_Horror-NeoPhyTe-138499973_uid-w7fb5j,0,0.0,0
PC float32,noise_snr5db,test,Footsteps_SoundBible_uid-4v6zy1,0,1.0019703081419256e-15,0
PC float32,noise_snr5db,test,Footsteps_SoundBible_uid-dg95vk,0,7.818380287293372e-21,0
PC float32,noise_snr5db,test,Footsteps_SoundBible_uid-hnz36f,0,0.0006308676674962044,0
PC float32,noise_snr5db,test,Frying_Pan_Impact-SoundBible_uid-nbylf3,0,1.1593596806667939e-33,0
PC float32,noise_snr5db,test,Indian_Bell-SoundBible_uid-t0u6xu,0,1.449183705209664e-26,0
PC float32,noise_snr5db,test,Japanese_Temple Bell Small-SoundBible_uid-3fhudh,0,2.7300040034570416e-30,0
PC float32,noise_snr5db,test,Japanese_Temple Bell Small-SoundBible_uid-8kpqn1,0,1.3060654544571804e-19,0
PC float32,noise_snr5db,test,Large_Door_Slam-SoundBible_uid-ljg1k3,0,9.865792804930607e-08,0
PC float32,noise_snr5db,test,Little_Girl_Talking-Mike_Koenig-782373463_uid-bstw5g,0,3.3613351615887647e-29,0
PC float32,noise_snr5db,test,Metal_Gong-Dianakc-109711828_uid-hlegwg,0,1.1150010914562358e-09,0
PC float32,noise_snr5db,test,Motorcycle_Engine-SoundBible_uid-bo8n5y,0,2.2317433831631206e-05,0
PC float32,noise_snr5db,test,Neighborhood_Dogs Barking-SoundBible_uid-6a1kho,0,0.0,0
PC float32,noise_snr5db,test,Neighborhood_Dogs Barking-SoundBible_uid-7mwktq,0,1.9176540968154623e-33,0
PC float32,noise_snr5db,test,Neighborhood_Dogs Barking-SoundBible_uid-dwmjp4,0,3.122099220459572e-35,0
PC float32,noise_snr5db,test,Neighborhood_Dogs Barking-SoundBible_uid-kc7h7x,0,4.057068658224092e-35,0
PC float32,noise_snr5db,test,Neighborhood_Dogs Barking-SoundBible_uid-p7gr4b,0,2.9278684317823667e-33,0
PC float32,noise_snr5db,test,Neighborhood_Dogs Barking-SoundBible_uid-rq1qkq,0,1.590995530267328e-29,0
PC float32,noise_snr5db,test,Obama_Speech Liar-SoundBible_uid-8mnhtv,0,0.0,0
PC float32,noise_snr5db,test,Old_Door_Creaking-SoundBible_uid-e16ryq,0,1.485804261847079e-07,0
PC float32,noise_snr5db,test,Old_Door_Creaking-SoundBible_uid-f2vs74,0,9.480844581633008e-11,0
PC float32,noise_snr5db,test,Old_Door_Creaking-SoundBible_uid-ozrhlo,0,8.022056977030623e-12,0
PC float32,noise_snr5db,test,Old_Door_Creaking-SoundBible_uid-q6uf3u,0,1.57412394230505e-08,0
PC float32,noise_snr5db,test,Police Siren 3-SoundBible_uid-nytspf,0,0.0,0
PC float32,noise_snr5db,test,Police_Siren-SoundBible_uid-uyk0z0,0,5.840792418320583e-29,0
PC float32,noise_snr5db,test,Psycho_Scream-SoundBible_uid-4qhwlo,0,9.163975453764896e-35,0
PC float32,noise_snr5db,test,Psycho_Scream-SoundBible_uid-uococi,0,0.0,0
PC float32,noise_snr5db,test,Puppy_Dog Barking-SoundBible_uid-130qr7,0,0.0,0
PC float32,noise_snr5db,test,Puppy_Dog Barking-SoundBible_uid-zrfwba,0,0.0,0
PC float32,noise_snr5db,test,Race_Car Idle-SoundBible_uid-5il88u,0,1.640439576873441e-16,0
PC float32,noise_snr5db,test,Race_Car Idle-SoundBible_uid-bjwy2y,0,3.1188671619255517e-16,0
PC float32,noise_snr5db,test,Race_Car Idle-SoundBible_uid-i7dn0k,0,1.1057079585132093e-17,0
PC float32,noise_snr5db,test,Restaurant Walla Track-SoundBible_uid-19b0uq,0,9.953922130989667e-10,0
PC float32,noise_snr5db,test,Restaurant Walla Track-SoundBible_uid-e11kg8,0,4.331164539354536e-21,0
PC float32,noise_snr5db,test,Restaurant Walla Track-SoundBible_uid-fk59q6,0,5.047350086873738e-28,0
PC float32,noise_snr5db,test,School_Fire_Alarm-Cullen_Card-202875844_uid-rfkm7v,0,0.0,0
PC float32,noise_snr5db,test,Shift_Gears-SoundBible_uid-cvmuj8,0,2.0306496439449057e-21,0
PC float32,noise_snr5db,test,Ship_Bell-Mike_Koenig-1911209136_uid-e2z0y7,0,3.1024208793201505e-31,0
PC float32,noise_snr5db,test,Ship_Brass_Bell-Mike_Koenig-1458750630_uid-oksrz0,0,5.1122345968010726e-17,0
PC float32,noise_snr5db,test,Shopping_Mall Ambiance-SoundBible_uid-fa5yaq,0,4.7652972469695506e-14,0
PC float32,noise_snr5db,test,Sleigh_Bells_Ringing-SoundBible_uid-i52bxo,0,3.762116819580718e-30,0
PC float32,noise_snr5db,test,Sleigh_Bells_Ringing-SoundBible_uid-xjtewi,0,6.958726163857229e-27,0
PC float32,noise_snr5db,test,Soldiers_Marching-SoundBible_uid-0eax5q,0,2.1518888965654445e-15,0
PC float32,noise_snr5db,test,Soldiers_Marching-SoundBible_uid-4m3auc,0,4.919837432122975e-18,0
PC float32,noise_snr5db,test,Soldiers_Marching-SoundBible_uid-51ygbj,0,6.097949005961318e-16,0
PC float32,noise_snr5db,test,Soldiers_Marching-SoundBible_uid-5xkxw1,0,6.459087892993421e-19,0
PC float32,noise_snr5db,test,Soldiers_Marching-SoundBible_uid-bqrx9i,0,5.628189394392652e-21,0
PC float32,noise_snr5db,test,Sports_Bar Patrons Loud-SoundBible_uid-0qx8ca,0,6.36210157084924e-27,0
PC float32,noise_snr5db,test,Steam_Engine-John-1826274710_uid-1hznao,0,7.028981813548134e-17,0
PC float32,noise_snr5db,test,Steam_Engine-John-1826274710_uid-9qykmv,0,6.87843653955604e-21,0
PC float32,noise_snr5db,test,Steam_Engine-John-1826274710_uid-pe5dcl,0,4.1521797875947446e-23,0
PC float32,noise_snr5db,test,Swimming_Pool Ambiance-SoundBible_uid-thd1td,0,8.44735449821273e-24,0
PC float32,noise_snr5db,test,Temple_Bell Huge-SoundBible_uid-vwd9pv,0,6.442446944844582e-13,0
PC float32,noise_snr5db,test,Tornado_Siren_II-Delilah-747233690_uid-9imkus,0,1.395865695496458e-16,0
PC float32,noise_snr5db,test,Tornado_Siren_II-Delilah-747233690_uid-k23l64,0,7.76292623671637e-36,0
PC float32,noise_snr5db,test,Tornado_Siren_II-Delilah-747233690_uid-yu5cjs,0,2.2785100474287285e-36,0
PC float32,noise_snr5db,test,Tornado_Siren_SoundBible_uid-6dnh9z,0,9.257880363790369e-23,0
PC float32,noise_snr5db,test,Tornado_Siren_SoundBible_uid-g7d17q,0,1.7385144447241376e-17,0
PC float32,noise_snr5db,test,Walking-SoundBible_uid-62j3do,0,4.897398675832165e-13,0
PC float32,noise_snr5db,test,Walking_In_Snow-SoundBible_uid-hoifci,0,0.0059588514268398285,0
PC float32,noise_snr5db,test,Walking_On_Gravel-SoundBible_uid-7duozg,0,0.015476059168577194,0
PC float32,noise_snr5db,test,Walking_On_Gravel-SoundBible_uid-fi611q,0,0.15620486438274384,0
PC float32,noise_snr5db,test,Walking_On_Gravel-SoundBible_uid-jhzvu7,0,2.852852706131635e-14,0
PC float32,noise_snr5db,test,Winston_Churchill Nazi Speech-SoundBible_uid-2unyd8,0,4.519507434963543e-09,0
PC float32,noise_snr5db,test,Winston_Churchill Nazi Speech-SoundBible_uid-761zdn,0,4.787646503245924e-06,0
PC float32,noise_snr5db,test,Winston_Churchill Nazi Speech-SoundBible_uid-g4x51s,0,5.080263146287722e-29,0
PC float32,noise_snr5db,test,Winston_Churchill Nazi Speech-SoundBible_uid-jp39dv,0,1.185427190436572e-11,0
PC float32,noise_snr5db,test,Winston_Churchill Nazi Speech-SoundBible_uid-rwukdv,0,3.2241961878121117e-10,0
PC float32,noise_snr5db,test,Woman_Screaming 2-SoundBible_uid-c9acqz,0,1.067075685659506e-31,0
PC float32,noise_snr5db,test,church_chime-daniel_simon (1)_uid-zsrdac,0,1.7309542134954407e-28,0
PC float32,noise_snr5db,test,church_chime-daniel_simon_uid-bbyw01,0,7.158132235622579e-25,0
PC float32,noise_snr5db,test,church_chime-daniel_simon_uid-sxzijw,0,1.3299471912693838e-34,0
PC float32,noise_snr5db,test,doberman_pincher_daniel-simion_uid-348sts,0,1.0383294885276613e-30,0
PC float32,noise_snr5db,test,doberman_pincher_daniel-simion_uid-4gutjw,0,7.755288378540597e-21,0
PC float32,noise_snr5db,test,doberman_pincher_daniel-simion_uid-db2xc6,0,3.462234939354732e-35,0
PC float32,noise_snr5db,test,doberman_pincher_daniel-simion_uid-m6nbjk,0,4.5832279012481615e-23,0
PC float32,noise_snr5db,test,german_shephard-daniel_simon (1)_uid-x57o4h,0,3.078750382159563e-29,0
PC float32,noise_snr5db,test,german_shephard-daniel_simon_uid-35by3o,0,8.964872811131042e-22,0
PC float32,noise_snr5db,test,hard_shoes_1-daniel_simon_uid-lqfqp3,0,4.7140594978806566e-21,0
PC float32,noise_snr5db,test,harley_davidson-daniel_simon_uid-3gnkx0,0,2.623564343204321e-13,0
PC float32,noise_snr5db,test,harley_davidson-daniel_simon_uid-5tbvav,0,2.3071577981426117e-10,0
PC float32,noise_snr5db,test,labrador_barking-daniel_simon_uid-cpx5m6,0,0.0,0
PC float32,noise_snr5db,test,labrador_barking-daniel_simon_uid-cvf4k1,0,0.0,0
PC float32,noise_snr5db,test,labrador_barking-daniel_simon_uid-j0e09a,0,0.0,0
PC float32,noise_snr5db,test,labrador_barking-daniel_simon_uid-mwgdoo,0,1.0797257991489309e-28,0
PC float32,noise_snr5db,test,labrador_barking-daniel_simon_uid-p1nd4y,0,0.0,0
PC float32,noise_snr5db,test,labrador_barking-daniel_simon_uid-px7218,0,0.0,0
PC float32,noise_snr5db,test,muscle_car-daniel_simon (1)_uid-hvisfn,0,6.805165155346349e-13,0
PC float32,noise_snr5db,test,muscle_car-daniel_simon_uid-jpcsdl,0,6.745146108322331e-11,0
PC float32,noise_snr5db,test,old_car-engine_daniel_simion_uid-2lzarp,0,2.0646232779196352e-25,0
PC float32,noise_snr5db,test,old_car-engine_daniel_simion_uid-5xyl64,0,1.910779496109092e-29,0
PC float32,noise_snr5db,test,old_car-engine_daniel_simion_uid-8mfyeb,0,1.405557478479646e-25,0
PC float32,noise_snr5db,test,old_car-engine_daniel_simion_uid-9xmt28,0,1.4146782387694119e-28,0
PC float32,noise_snr5db,test,old_fashioned-door-bell-daniel_simon_uid-1bqwmt,0,5.304399836579023e-16,0
PC float32,noise_snr5db,test,old_fashioned-door-bell-daniel_simon_uid-8q7aiq,0,8.5459889964906e-15,0
PC float32,noise_snr5db,test,party_crowd-daniel_simon_uid-8pwj7x,0,4.694735810401757e-27,0
PC float32,noise_snr5db,test,party_crowd-daniel_simon_uid-vroqkp,0,7.968569450529323e-29,0
PC float32,noise_snr5db,test,railroad_crossing_bell-Brylon_Terry-1551570865 (1)_uid-55is8o,0,0.0,0
PC float32,noise_snr5db,test,railroad_crossing_bell-Brylon_Terry-1551570865 (1)_uid-6mnkqh,0,0.0,0
PC float32,noise_snr5db,test,railroad_crossing_bell-Brylon_Terry-1551570865 (1)_uid-mi9sxj,0,0.0,0
PC float32,noise_snr5db,test,railroad_crossing_bell-Brylon_Terry-1551570865 (1)_uid-n15yft,0,0.0,0
PC float32,noise_snr5db,test,railroad_crossing_bell-Brylon_Terry-1551570865 (1)_uid-vxl8al,0,0.0,0
PC float32,noise_snr5db,test,railroad_crossing_bell-Brylon_Terry-1551570865 (1)_uid-waev1t,0,0.0,0
PC float32,noise_snr5db,test,railroad_crossing_bell-Brylon_Terry-1551570865 (1)_uid-zyz59r,0,0.0,0
PC float32,noise_snr5db,test,railroad_crossing_bell-Brylon_Terry-1551570865_uid-ejhzbl,0,0.0,0
PC float32,noise_snr5db,test,railroad_crossing_bell-Brylon_Terry-1551570865_uid-po2yqk,0,0.0,0
PC float32,noise_snr5db,test,tolling_bell_daniel-simion_uid-kg3lrg,0,2.410066741174218e-14,0
PC float32,noise_snr5db,test,tolling_bell_daniel-simion_uid-witt3h,0,1.3808892763391115e-22,0
PC int8,noise_snr5db,test,0003_0397s_shot_019_ch1,1,0.99609375,1
PC int8,noise_snr5db,test,0005_0580s_shot_006_ch1,1,0.99609375,1
PC int8,noise_snr5db,test,0005_0607s_shot_150_ch1,1,0.99609375,1
PC int8,noise_snr5db,test,0005_0631s_shot_173_ch1,1,0.99609375,1
PC int8,noise_snr5db,test,0005_0632s_shot_176_ch1,1,0.99609375,1
PC int8,noise_snr5db,test,0005_0662s_shot_201_ch1,1,0.99609375,1
PC int8,noise_snr5db,test,0005_0685s_shot_220_ch1,1,0.99609375,1
PC int8,noise_snr5db,test,0005_0700s_shot_037_ch1,1,0.99609375,1
PC int8,noise_snr5db,test,0011_0226s_shot_011_ch1,1,0.703125,1
PC int8,noise_snr5db,test,0011_0333s_shot_018_ch1,1,0.5,1
PC int8,noise_snr5db,test,171236__alukahn__gunshot2_uid-fcn21d,0,0.0,0
PC int8,noise_snr5db,test,371041__morganpurkis__single-gunshot-3_uid-1k053k,0,0.0,0
PC int8,noise_snr5db,test,384687__morganpurkis__single-gunshot-42_uid-u9d6r1,0,0.0,0
PC int8,noise_snr5db,test,384689__dobroide__20170318gunshotparadiso_uid-kwsehz,0,0.0,0
PC int8,noise_snr5db,test,384689__dobroide__20170318gunshotparadiso_uid-pjl13d,0,0.0,0
PC int8,noise_snr5db,test,402008__eardeer__gunshot__high_3_uid-4j4q67,0,0.0,0
PC int8,noise_snr5db,test,402791__acidsnowflake__ak47-and-various-other-gunshots-at-indoor-shooting-range_uid-6aezru,0,0.0,0
PC int8,noise_snr5db,test,402791__acidsnowflake__ak47-and-various-other-gunshots-at-indoor-shooting-range_uid-byjlki,0,0.0,0
PC int8,noise_snr5db,test,402791__acidsnowflake__ak47-and-various-other-gunshots-at-indoor-shooting-range_uid-garl1l,0,0.0,0
PC int8,noise_snr5db,test,402791__acidsnowflake__ak47-and-various-other-gunshots-at-indoor-shooting-range_uid-l3ibfo,0,0.0,0
PC int8,noise_snr5db,test,402791__acidsnowflake__ak47-and-various-other-gunshots-at-indoor-shooting-range_uid-qe3eyz,0,0.0,0
PC int8,noise_snr5db,test,405132__fstagi__gunshots_uid-xcyi0z,0,0.0,0
PC int8,noise_snr5db,test,51470__smcameron__synthetic_gunshot_2_uid-vatpwv,0,0.0,0
PC int8,noise_snr5db,test,518181__bolkmar__fx-gunshot_uid-al1o0i,0,0.0,0
PC int8,noise_snr5db,test,518181__bolkmar__fx-gunshot_uid-es96l9,0,0.0,0
PC int8,noise_snr5db,test,518181__bolkmar__fx-gunshot_uid-j3vsmz,0,0.0,0
PC int8,noise_snr5db,test,519623__nathanchurchyard__gunshots_uid-kvxx3q,0,0.0,0
PC int8,noise_snr5db,test,683312__pnmcarrierailfan__pistol-gunshot-mix-weapons_uid-tmmoay,0,0.0,0
PC int8,noise_snr5db,test,Amusement_Park Ambiance -SoundBible_uid-2t9w3e,0,0.0,0
PC int8,noise_snr5db,test,Amusement_Park Ambiance -SoundBible_uid-jwv6lq,0,0.0,0
PC int8,noise_snr5db,test,Amusement_Park Ambiance -SoundBible_uid-l24o63,0,0.0,0
PC int8,noise_snr5db,test,Background_Noise-SoundBible_uid-m7qaag,0,0.0,0
PC int8,noise_snr5db,test,Background_Noise-SoundBible_uid-mnn2bm,0,0.0,0
PC int8,noise_snr5db,test,Bi_Polar_Uncle-ScanMan-1810098860_uid-b8uks2,0,0.0,0
PC int8,noise_snr5db,test,Bi_Polar_Uncle-ScanMan-1810098860_uid-evaiic,0,0.0,0
PC int8,noise_snr5db,test,Bi_Polar_Uncle-ScanMan-1810098860_uid-l7n0jt,0,0.0,0
PC int8,noise_snr5db,test,Bi_Polar_Uncle-ScanMan-1810098860_uid-omv54z,0,0.0,0
PC int8,noise_snr5db,test,Bi_Polar_Uncle-ScanMan-1810098860_uid-p90ljg,0,0.0,0
PC int8,noise_snr5db,test,Big_door_closed-Clemens_F-941522533_uid-n02it9,0,0.0,0
PC int8,noise_snr5db,test,Cellar_Door Slam Shut-SoundBible_uid-pg4dq8,0,0.0,0
PC int8,noise_snr5db,test,Citty_Traffic Ambiance-SoundBible_uid-87yimc,0,0.0,0
PC int8,noise_snr5db,test,Citty_Traffic Ambiance-SoundBible_uid-8vk0wx,0,0.0,0
PC int8,noise_snr5db,test,Citty_Traffic Ambiance-SoundBible_uid-mxbe2e,0,0.0,0
PC int8,noise_snr5db,test,Citty_Traffic Ambiance-SoundBible_uid-q0srdn,0,0.0,0
PC int8,noise_snr5db,test,City_Ambiance-SoundBible_uid-8yrqh9,0,0.0,0
PC int8,noise_snr5db,test,City_Ambiance-SoundBible_uid-t8xlgr,0,0.0,0
PC int8,noise_snr5db,test,Classroom_Ambiance-SoundBible_uid-q49pv1,0,0.0,0
PC int8,noise_snr5db,test,Classroom_Ambiance-SoundBible_uid-qfbdk0,0,0.0,0
PC int8,noise_snr5db,test,Classroom_Ambiance-SoundBible_uid-uu3ewb,0,0.0,0
PC int8,noise_snr5db,test,Classroom_Ambiance-SoundBible_uid-xdl758,0,0.0,0
PC int8,noise_snr5db,test,Close_Vault_Or_Jail_Door-SoundBible_uid-lasl2n,0,0.0,0
PC int8,noise_snr5db,test,Dog_Barking-SoundBible_uid-3uyzqt,0,0.0,0
PC int8,noise_snr5db,test,Dog_Barking-SoundBible_uid-udwefz,0,0.0,0
PC int8,noise_snr5db,test,Dogs_Barking-SoundBible_uid-0ftva8,0,0.0,0
PC int8,noise_snr5db,test,Dogs_Barking-SoundBible_uid-itlawo,0,0.0,0
PC int8,noise_snr5db,test,Dogs_Barking-SoundBible_uid-k8qbi9,0,0.0,0
PC int8,noise_snr5db,test,End_of_Game-Mike_Koenig-617089079_uid-0scusn,0,0.0,0
PC int8,noise_snr5db,test,Engine_Inside_Car-SoundBible_uid-as3jed,0,0.0,0
PC int8,noise_snr5db,test,Fast_Heel_Walk-Kyanna_Johnson-1646343608_uid-8u9yx0,0,0.0,0
PC int8,noise_snr5db,test,Fast_Heel_Walk-Kyanna_Johnson-1646343608_uid-9pwmgu,0,0.0,0
PC int8,noise_snr5db,test,Female_Scream_Horror-NeoPhyTe-138499973_uid-w7fb5j,0,0.0,0
PC int8,noise_snr5db,test,Footsteps_SoundBible_uid-4v6zy1,0,0.0,0
PC int8,noise_snr5db,test,Footsteps_SoundBible_uid-dg95vk,0,0.0,0
PC int8,noise_snr5db,test,Footsteps_SoundBible_uid-hnz36f,0,0.0,0
PC int8,noise_snr5db,test,Frying_Pan_Impact-SoundBible_uid-nbylf3,0,0.0,0
PC int8,noise_snr5db,test,Indian_Bell-SoundBible_uid-t0u6xu,0,0.0,0
PC int8,noise_snr5db,test,Japanese_Temple Bell Small-SoundBible_uid-3fhudh,0,0.0,0
PC int8,noise_snr5db,test,Japanese_Temple Bell Small-SoundBible_uid-8kpqn1,0,0.0,0
PC int8,noise_snr5db,test,Large_Door_Slam-SoundBible_uid-ljg1k3,0,0.0,0
PC int8,noise_snr5db,test,Little_Girl_Talking-Mike_Koenig-782373463_uid-bstw5g,0,0.0,0
PC int8,noise_snr5db,test,Metal_Gong-Dianakc-109711828_uid-hlegwg,0,0.0,0
PC int8,noise_snr5db,test,Motorcycle_Engine-SoundBible_uid-bo8n5y,0,0.0,0
PC int8,noise_snr5db,test,Neighborhood_Dogs Barking-SoundBible_uid-6a1kho,0,0.0,0
PC int8,noise_snr5db,test,Neighborhood_Dogs Barking-SoundBible_uid-7mwktq,0,0.0,0
PC int8,noise_snr5db,test,Neighborhood_Dogs Barking-SoundBible_uid-dwmjp4,0,0.0,0
PC int8,noise_snr5db,test,Neighborhood_Dogs Barking-SoundBible_uid-kc7h7x,0,0.0,0
PC int8,noise_snr5db,test,Neighborhood_Dogs Barking-SoundBible_uid-p7gr4b,0,0.0,0
PC int8,noise_snr5db,test,Neighborhood_Dogs Barking-SoundBible_uid-rq1qkq,0,0.0,0
PC int8,noise_snr5db,test,Obama_Speech Liar-SoundBible_uid-8mnhtv,0,0.0,0
PC int8,noise_snr5db,test,Old_Door_Creaking-SoundBible_uid-e16ryq,0,0.0,0
PC int8,noise_snr5db,test,Old_Door_Creaking-SoundBible_uid-f2vs74,0,0.0,0
PC int8,noise_snr5db,test,Old_Door_Creaking-SoundBible_uid-ozrhlo,0,0.0,0
PC int8,noise_snr5db,test,Old_Door_Creaking-SoundBible_uid-q6uf3u,0,0.0,0
PC int8,noise_snr5db,test,Police Siren 3-SoundBible_uid-nytspf,0,0.0,0
PC int8,noise_snr5db,test,Police_Siren-SoundBible_uid-uyk0z0,0,0.0,0
PC int8,noise_snr5db,test,Psycho_Scream-SoundBible_uid-4qhwlo,0,0.0,0
PC int8,noise_snr5db,test,Psycho_Scream-SoundBible_uid-uococi,0,0.0,0
PC int8,noise_snr5db,test,Puppy_Dog Barking-SoundBible_uid-130qr7,0,0.0,0
PC int8,noise_snr5db,test,Puppy_Dog Barking-SoundBible_uid-zrfwba,0,0.0,0
PC int8,noise_snr5db,test,Race_Car Idle-SoundBible_uid-5il88u,0,0.0,0
PC int8,noise_snr5db,test,Race_Car Idle-SoundBible_uid-bjwy2y,0,0.0,0
PC int8,noise_snr5db,test,Race_Car Idle-SoundBible_uid-i7dn0k,0,0.0,0
PC int8,noise_snr5db,test,Restaurant Walla Track-SoundBible_uid-19b0uq,0,0.0,0
PC int8,noise_snr5db,test,Restaurant Walla Track-SoundBible_uid-e11kg8,0,0.0,0
PC int8,noise_snr5db,test,Restaurant Walla Track-SoundBible_uid-fk59q6,0,0.0,0
PC int8,noise_snr5db,test,School_Fire_Alarm-Cullen_Card-202875844_uid-rfkm7v,0,0.0,0
PC int8,noise_snr5db,test,Shift_Gears-SoundBible_uid-cvmuj8,0,0.0,0
PC int8,noise_snr5db,test,Ship_Bell-Mike_Koenig-1911209136_uid-e2z0y7,0,0.0,0
PC int8,noise_snr5db,test,Ship_Brass_Bell-Mike_Koenig-1458750630_uid-oksrz0,0,0.0,0
PC int8,noise_snr5db,test,Shopping_Mall Ambiance-SoundBible_uid-fa5yaq,0,0.0,0
PC int8,noise_snr5db,test,Sleigh_Bells_Ringing-SoundBible_uid-i52bxo,0,0.0,0
PC int8,noise_snr5db,test,Sleigh_Bells_Ringing-SoundBible_uid-xjtewi,0,0.0,0
PC int8,noise_snr5db,test,Soldiers_Marching-SoundBible_uid-0eax5q,0,0.0,0
PC int8,noise_snr5db,test,Soldiers_Marching-SoundBible_uid-4m3auc,0,0.0,0
PC int8,noise_snr5db,test,Soldiers_Marching-SoundBible_uid-51ygbj,0,0.0,0
PC int8,noise_snr5db,test,Soldiers_Marching-SoundBible_uid-5xkxw1,0,0.0,0
PC int8,noise_snr5db,test,Soldiers_Marching-SoundBible_uid-bqrx9i,0,0.0,0
PC int8,noise_snr5db,test,Sports_Bar Patrons Loud-SoundBible_uid-0qx8ca,0,0.0,0
PC int8,noise_snr5db,test,Steam_Engine-John-1826274710_uid-1hznao,0,0.0,0
PC int8,noise_snr5db,test,Steam_Engine-John-1826274710_uid-9qykmv,0,0.0,0
PC int8,noise_snr5db,test,Steam_Engine-John-1826274710_uid-pe5dcl,0,0.0,0
PC int8,noise_snr5db,test,Swimming_Pool Ambiance-SoundBible_uid-thd1td,0,0.0,0
PC int8,noise_snr5db,test,Temple_Bell Huge-SoundBible_uid-vwd9pv,0,0.0,0
PC int8,noise_snr5db,test,Tornado_Siren_II-Delilah-747233690_uid-9imkus,0,0.0,0
PC int8,noise_snr5db,test,Tornado_Siren_II-Delilah-747233690_uid-k23l64,0,0.0,0
PC int8,noise_snr5db,test,Tornado_Siren_II-Delilah-747233690_uid-yu5cjs,0,0.0,0
PC int8,noise_snr5db,test,Tornado_Siren_SoundBible_uid-6dnh9z,0,0.0,0
PC int8,noise_snr5db,test,Tornado_Siren_SoundBible_uid-g7d17q,0,0.0,0
PC int8,noise_snr5db,test,Walking-SoundBible_uid-62j3do,0,0.0,0
PC int8,noise_snr5db,test,Walking_In_Snow-SoundBible_uid-hoifci,0,0.00390625,0
PC int8,noise_snr5db,test,Walking_On_Gravel-SoundBible_uid-7duozg,0,0.01171875,0
PC int8,noise_snr5db,test,Walking_On_Gravel-SoundBible_uid-fi611q,0,0.1484375,0
PC int8,noise_snr5db,test,Walking_On_Gravel-SoundBible_uid-jhzvu7,0,0.0,0
PC int8,noise_snr5db,test,Winston_Churchill Nazi Speech-SoundBible_uid-2unyd8,0,0.0,0
PC int8,noise_snr5db,test,Winston_Churchill Nazi Speech-SoundBible_uid-761zdn,0,0.0,0
PC int8,noise_snr5db,test,Winston_Churchill Nazi Speech-SoundBible_uid-g4x51s,0,0.0,0
PC int8,noise_snr5db,test,Winston_Churchill Nazi Speech-SoundBible_uid-jp39dv,0,0.0,0
PC int8,noise_snr5db,test,Winston_Churchill Nazi Speech-SoundBible_uid-rwukdv,0,0.0,0
PC int8,noise_snr5db,test,Woman_Screaming 2-SoundBible_uid-c9acqz,0,0.0,0
PC int8,noise_snr5db,test,church_chime-daniel_simon (1)_uid-zsrdac,0,0.0,0
PC int8,noise_snr5db,test,church_chime-daniel_simon_uid-bbyw01,0,0.0,0
PC int8,noise_snr5db,test,church_chime-daniel_simon_uid-sxzijw,0,0.0,0
PC int8,noise_snr5db,test,doberman_pincher_daniel-simion_uid-348sts,0,0.0,0
PC int8,noise_snr5db,test,doberman_pincher_daniel-simion_uid-4gutjw,0,0.0,0
PC int8,noise_snr5db,test,doberman_pincher_daniel-simion_uid-db2xc6,0,0.0,0
PC int8,noise_snr5db,test,doberman_pincher_daniel-simion_uid-m6nbjk,0,0.0,0
PC int8,noise_snr5db,test,german_shephard-daniel_simon (1)_uid-x57o4h,0,0.0,0
PC int8,noise_snr5db,test,german_shephard-daniel_simon_uid-35by3o,0,0.0,0
PC int8,noise_snr5db,test,hard_shoes_1-daniel_simon_uid-lqfqp3,0,0.0,0
PC int8,noise_snr5db,test,harley_davidson-daniel_simon_uid-3gnkx0,0,0.0,0
PC int8,noise_snr5db,test,harley_davidson-daniel_simon_uid-5tbvav,0,0.0,0
PC int8,noise_snr5db,test,labrador_barking-daniel_simon_uid-cpx5m6,0,0.0,0
PC int8,noise_snr5db,test,labrador_barking-daniel_simon_uid-cvf4k1,0,0.0,0
PC int8,noise_snr5db,test,labrador_barking-daniel_simon_uid-j0e09a,0,0.0,0
PC int8,noise_snr5db,test,labrador_barking-daniel_simon_uid-mwgdoo,0,0.0,0
PC int8,noise_snr5db,test,labrador_barking-daniel_simon_uid-p1nd4y,0,0.0,0
PC int8,noise_snr5db,test,labrador_barking-daniel_simon_uid-px7218,0,0.0,0
PC int8,noise_snr5db,test,muscle_car-daniel_simon (1)_uid-hvisfn,0,0.0,0
PC int8,noise_snr5db,test,muscle_car-daniel_simon_uid-jpcsdl,0,0.0,0
PC int8,noise_snr5db,test,old_car-engine_daniel_simion_uid-2lzarp,0,0.0,0
PC int8,noise_snr5db,test,old_car-engine_daniel_simion_uid-5xyl64,0,0.0,0
PC int8,noise_snr5db,test,old_car-engine_daniel_simion_uid-8mfyeb,0,0.0,0
PC int8,noise_snr5db,test,old_car-engine_daniel_simion_uid-9xmt28,0,0.0,0
PC int8,noise_snr5db,test,old_fashioned-door-bell-daniel_simon_uid-1bqwmt,0,0.0,0
PC int8,noise_snr5db,test,old_fashioned-door-bell-daniel_simon_uid-8q7aiq,0,0.0,0
PC int8,noise_snr5db,test,party_crowd-daniel_simon_uid-8pwj7x,0,0.0,0
PC int8,noise_snr5db,test,party_crowd-daniel_simon_uid-vroqkp,0,0.0,0
PC int8,noise_snr5db,test,railroad_crossing_bell-Brylon_Terry-1551570865 (1)_uid-55is8o,0,0.0,0
PC int8,noise_snr5db,test,railroad_crossing_bell-Brylon_Terry-1551570865 (1)_uid-6mnkqh,0,0.0,0
PC int8,noise_snr5db,test,railroad_crossing_bell-Brylon_Terry-1551570865 (1)_uid-mi9sxj,0,0.0,0
PC int8,noise_snr5db,test,railroad_crossing_bell-Brylon_Terry-1551570865 (1)_uid-n15yft,0,0.0,0
PC int8,noise_snr5db,test,railroad_crossing_bell-Brylon_Terry-1551570865 (1)_uid-vxl8al,0,0.0,0
PC int8,noise_snr5db,test,railroad_crossing_bell-Brylon_Terry-1551570865 (1)_uid-waev1t,0,0.0,0
PC int8,noise_snr5db,test,railroad_crossing_bell-Brylon_Terry-1551570865 (1)_uid-zyz59r,0,0.0,0
PC int8,noise_snr5db,test,railroad_crossing_bell-Brylon_Terry-1551570865_uid-ejhzbl,0,0.0,0
PC int8,noise_snr5db,test,railroad_crossing_bell-Brylon_Terry-1551570865_uid-po2yqk,0,0.0,0
PC int8,noise_snr5db,test,tolling_bell_daniel-simion_uid-kg3lrg,0,0.0,0
PC int8,noise_snr5db,test,tolling_bell_daniel-simion_uid-witt3h,0,0.0,0
