mode,variant,split,recording_id,class_id,score,pred
PC float32,clean,test,0003_0397s_shot_019_ch1,1,1.0,1
PC float32,clean,test,0005_0580s_shot_006_ch1,1,1.0,1
PC float32,clean,test,0005_0607s_shot_150_ch1,1,0.9999998807907104,1
PC float32,clean,test,0005_0631s_shot_173_ch1,1,1.0,1
PC float32,clean,test,0005_0632s_shot_176_ch1,1,0.9999996423721313,1
PC float32,clean,test,0005_0662s_shot_201_ch1,1,1.0,1
PC float32,clean,test,0005_0685s_shot_220_ch1,1,1.0,1
PC float32,clean,test,0005_0700s_shot_037_ch1,1,1.0,1
PC float32,clean,test,0011_0226s_shot_011_ch1,1,0.99783855676651,1
PC float32,clean,test,0011_0333s_shot_018_ch1,1,0.9627149105072021,1
PC float32,clean,test,171236__alukahn__gunshot2_uid-fcn21d,0,1.811353222714994e-23,0
PC float32,clean,test,371041__morganpurkis__single-gunshot-3_uid-1k053k,0,1.5301723821645386e-31,0
PC float32,clean,test,384687__morganpurkis__single-gunshot-42_uid-u9d6r1,0,3.457114128460149e-20,0
PC float32,clean,test,384689__dobroide__20170318gunshotparadiso_uid-kwsehz,0,0.0,0
PC float32,clean,test,384689__dobroide__20170318gunshotparadiso_uid-pjl13d,0,0.0,0
PC float32,clean,test,402008__eardeer__gunshot__high_3_uid-4j4q67,0,0.0,0
PC float32,clean,test,402791__acidsnowflake__ak47-and-various-other-gunshots-at-indoor-shooting-range_uid-6aezru,0,0.0,0
PC float32,clean,test,402791__acidsnowflake__ak47-and-various-other-gunshots-at-indoor-shooting-range_uid-byjlki,0,0.0,0
PC float32,clean,test,402791__acidsnowflake__ak47-and-various-other-gunshots-at-indoor-shooting-range_uid-garl1l,0,0.0,0
PC float32,clean,test,402791__acidsnowflake__ak47-and-various-other-gunshots-at-indoor-shooting-range_uid-l3ibfo,0,0.0,0
PC float32,clean,test,402791__acidsnowflake__ak47-and-various-other-gunshots-at-indoor-shooting-range_uid-qe3eyz,0,0.0,0
PC float32,clean,test,405132__fstagi__gunshots_uid-xcyi0z,0,2.6958444222601473e-21,0
PC float32,clean,test,51470__smcameron__synthetic_gunshot_2_uid-vatpwv,0,4.935619135615354e-10,0
PC float32,clean,test,518181__bolkmar__fx-gunshot_uid-al1o0i,0,0.0,0
PC float32,clean,test,518181__bolkmar__fx-gunshot_uid-es96l9,0,7.819652526747643e-16,0
PC float32,clean,test,518181__bolkmar__fx-gunshot_uid-j3vsmz,0,0.0,0
PC float32,clean,test,519623__nathanchurchyard__gunshots_uid-kvxx3q,0,1.2031386288278772e-36,0
PC float32,clean,test,683312__pnmcarrierailfan__pistol-gunshot-mix-weapons_uid-tmmoay,0,3.435698398229467e-27,0
PC float32,clean,test,Amusement_Park Ambiance -SoundBible_uid-2t9w3e,0,0.0,0
PC float32,clean,test,Amusement_Park Ambiance -SoundBible_uid-jwv6lq,0,0.0,0
PC float32,clean,test,Amusement_Park Ambiance -SoundBible_uid-l24o63,0,2.805261855561585e-25,0
PC float32,clean,test,Background_Noise-SoundBible_uid-m7qaag,0,7.952189492540197e-17,0
PC float32,clean,test,Background_Noise-SoundBible_uid-mnn2bm,0,1.0298992078743865e-15,0
PC float32,clean,test,Bi_Polar_Uncle-ScanMan-1810098860_uid-b8uks2,0,0.0,0
PC float32,clean,test,Bi_Polar_Uncle-ScanMan-1810098860_uid-evaiic,0,0.0,0
PC float32,clean,test,Bi_Polar_Uncle-ScanMan-1810098860_uid-l7n0jt,0,0.0,0
PC float32,clean,test,Bi_Polar_Uncle-ScanMan-1810098860_uid-omv54z,0,0.0,0
PC float32,clean,test,Bi_Polar_Uncle-ScanMan-1810098860_uid-p90ljg,0,0.0,0
PC float32,clean,test,Big_door_closed-Clemens_F-941522533_uid-n02it9,0,0.0,0
PC float32,clean,test,Cellar_Door Slam Shut-SoundBible_uid-pg4dq8,0,0.0,0
PC float32,clean,test,Citty_Traffic Ambiance-SoundBible_uid-87yimc,0,0.0,0
PC float32,clean,test,Citty_Traffic Ambiance-SoundBible_uid-8vk0wx,0,0.0,0
PC float32,clean,test,Citty_Traffic Ambiance-SoundBible_uid-mxbe2e,0,0.0,0
PC float32,clean,test,Citty_Traffic Ambiance-SoundBible_uid-q0srdn,0,0.0,0
PC float32,clean,test,City_Ambiance-SoundBible_uid-8yrqh9,0,0.0,0
PC float32,clean,test,City_Ambiance-SoundBible_uid-t8xlgr,0,0.0,0
PC float32,clean,test,Classroom_Ambiance-SoundBible_uid-q49pv1,0,6.1529865647003135e-09,0
PC float32,clean,test,Classroom_Ambiance-SoundBible_uid-qfbdk0,0,5.664198277077759e-11,0
PC float32,clean,test,Classroom_Ambiance-SoundBible_uid-uu3ewb,0,1.4230363376555033e-07,0
PC float32,clean,test,Classroom_Ambiance-SoundBible_uid-xdl758,0,1.049809306152838e-08,0
PC float32,clean,test,Close_Vault_Or_Jail_Door-SoundBible_uid-lasl2n,0,3.3127980358926834e-09,0
PC float32,clean,test,Dog_Barking-SoundBible_uid-3uyzqt,0,0.0,0
PC float32,clean,test,Dog_Barking-SoundBible_uid-udwefz,0,0.0,0
PC float32,clean,test,Dogs_Barking-SoundBible_uid-0ftva8,0,0.0,0
PC float32,clean,test,Dogs_Barking-SoundBible_uid-itlawo,0,0.0,0
PC float32,clean,test,Dogs_Barking-SoundBible_uid-k8qbi9,0,0.0,0
PC float32,clean,test,End_of_Game-Mike_Koenig-617089079_uid-0scusn,0,0.0,0
PC float32,clean,test,Engine_Inside_Car-SoundBible_uid-as3jed,0,0.09580773860216141,0
PC float32,clean,test,Fast_Heel_Walk-Kyanna_Johnson-1646343608_uid-8u9yx0,0,0.0,0
PC float32,clean,test,Fast_Heel_Walk-Kyanna_Johnson-1646343608_uid-9pwmgu,0,0.0,0
PC float32,clean,test,Female_Scream_Horror-NeoPhyTe-138499973_uid-w7fb5j,0,0.0,0
PC float32,clean,test,Footsteps_SoundBible_uid-4v6zy1,0,0.0,0
PC float32,clean,test,Footsteps_SoundBible_uid-dg95vk,0,0.0,0
PC float32,clean,test,Footsteps_SoundBible_uid-hnz36f,0,0.0,0
PC float32,clean,test,Frying_Pan_Impact-SoundBible_uid-nbylf3,0,0.0,0
PC float32,clean,test,Indian_Bell-SoundBible_uid-t0u6xu,0,0.0,0
PC float32,clean,test,Japanese_Temple Bell Small-SoundBible_uid-3fhudh,0,0.0,0
PC float32,clean,test,Japanese_Temple Bell Small-SoundBible_uid-8kpqn1,0,0.0,0
PC float32,clean,test,Large_Door_Slam-SoundBible_uid-ljg1k3,0,1.4413868711926625e-06,0
PC float32,clean,test,Little_Girl_Talking-Mike_Koenig-782373463_uid-bstw5g,0,0.0,0
PC float32,clean,test,Metal_Gong-Dianakc-109711828_uid-hlegwg,0,2.632197215746146e-08,0
PC float32,clean,test,Motorcycle_Engine-SoundBible_uid-bo8n5y,0,8.381016676843017e-30,0
PC float32,clean,test,Neighborhood_Dogs Barking-SoundBible_uid-6a1kho,0,0.0,0
PC float32,clean,test,Neighborhood_Dogs Barking-SoundBible_uid-7mwktq,0,0.0,0
PC float32,clean,test,Neighborhood_Dogs Barking-SoundBible_uid-dwmjp4,0,0.0,0
PC float32,clean,test,Neighborhood_Dogs Barking-SoundBible_uid-kc7h7x,0,0.0,0
PC float32,clean,test,Neighborhood_Dogs Barking-SoundBible_uid-p7gr4b,0,0.0,0
PC float32,clean,test,Neighborhood_Dogs Barking-SoundBible_uid-rq1qkq,0,0.0,0
PC float32,clean,test,Obama_Speech Liar-SoundBible_uid-8mnhtv,0,0.0,0
PC float32,clean,test,Old_Door_Creaking-SoundBible_uid-e16ryq,0,0.0,0
PC float32,clean,test,Old_Door_Creaking-SoundBible_uid-f2vs74,0,3.75957672058081e-38,0
PC float32,clean,test,Old_Door_Creaking-SoundBible_uid-ozrhlo,0,4.0030566775153854e-23,0
PC float32,clean,test,Old_Door_Creaking-SoundBible_uid-q6uf3u,0,0.0,0
PC float32,clean,test,Police Siren 3-SoundBible_uid-nytspf,0,0.0,0
PC float32,clean,test,Police_Siren-SoundBible_uid-uyk0z0,0,0.0,0
PC float32,clean,test,Psycho_Scream-SoundBible_uid-4qhwlo,0,0.0,0
PC float32,clean,test,Psycho_Scream-SoundBible_uid-uococi,0,0.0,0
PC float32,clean,test,Puppy_Dog Barking-SoundBible_uid-130qr7,0,0.0,0
PC float32,clean,test,Puppy_Dog Barking-SoundBible_uid-zrfwba,0,0.0,0
PC float32,clean,test,Race_Car Idle-SoundBible_uid-5il88u,0,0.0,0
PC float32,clean,test,Race_Car Idle-SoundBible_uid-bjwy2y,0,0.0,0
PC float32,clean,test,Race_Car Idle-SoundBible_uid-i7dn0k,0,0.0,0
PC float32,clean,test,Restaurant Walla Track-SoundBible_uid-19b0uq,0,0.0,0
PC float32,clean,test,Restaurant Walla Track-SoundBible_uid-e11kg8,0,0.0,0
PC float32,clean,test,Restaurant Walla Track-SoundBible_uid-fk59q6,0,0.0,0
PC float32,clean,test,School_Fire_Alarm-Cullen_Card-202875844_uid-rfkm7v,0,0.0,0
PC float32,clean,test,Shift_Gears-SoundBible_uid-cvmuj8,0,0.0,0
PC float32,clean,test,Ship_Bell-Mike_Koenig-1911209136_uid-e2z0y7,0,0.0,0
PC float32,clean,test,Ship_Brass_Bell-Mike_Koenig-1458750630_uid-oksrz0,0,0.0,0
PC float32,clean,test,Shopping_Mall Ambiance-SoundBible_uid-fa5yaq,0,0.0,0
PC float32,clean,test,Sleigh_Bells_Ringing-SoundBible_uid-i52bxo,0,0.0,0
PC float32,clean,test,Sleigh_Bells_Ringing-SoundBible_uid-xjtewi,0,0.0,0
PC float32,clean,test,Soldiers_Marching-SoundBible_uid-0eax5q,0,0.0,0
PC float32,clean,test,Soldiers_Marching-SoundBible_uid-4m3auc,0,0.0,0
PC float32,clean,test,Soldiers_Marching-SoundBible_uid-51ygbj,0,0.0,0
PC float32,clean,test,Soldiers_Marching-SoundBible_uid-5xkxw1,0,0.0,0
PC float32,clean,test,Soldiers_Marching-SoundBible_uid-bqrx9i,0,0.0,0
PC float32,clean,test,Sports_Bar Patrons Loud-SoundBible_uid-0qx8ca,0,0.0,0
PC float32,clean,test,Steam_Engine-John-1826274710_uid-1hznao,0,0.0,0
PC float32,clean,test,Steam_Engine-John-1826274710_uid-9qykmv,0,0.0,0
PC float32,clean,test,Steam_Engine-John-1826274710_uid-pe5dcl,0,0.0,0
PC float32,clean,test,Swimming_Pool Ambiance-SoundBible_uid-thd1td,0,0.0,0
PC float32,clean,test,Temple_Bell Huge-SoundBible_uid-vwd9pv,0,2.158850494376989e-25,0
PC float32,clean,test,Tornado_Siren_II-Delilah-747233690_uid-9imkus,0,0.0,0
PC float32,clean,test,Tornado_Siren_II-Delilah-747233690_uid-k23l64,0,0.0,0
PC float32,clean,test,Tornado_Siren_II-Delilah-747233690_uid-yu5cjs,0,0.0,0
PC float32,clean,test,Tornado_Siren_SoundBible_uid-6dnh9z,0,0.0,0
PC float32,clean,test,Tornado_Siren_SoundBible_uid-g7d17q,0,0.0,0
PC float32,clean,test,Walking-SoundBible_uid-62j3do,0,0.0,0
PC float32,clean,test,Walking_In_Snow-SoundBible_uid-hoifci,0,3.2896937806057877e-18,0
PC float32,clean,test,Walking_On_Gravel-SoundBible_uid-7duozg,0,1.9723014059787948e-19,0
PC float32,clean,test,Walking_On_Gravel-SoundBible_uid-fi611q,0,1.0472536301098946e-19,0
PC float32,clean,test,Walking_On_Gravel-SoundBible_uid-jhzvu7,0,0.0,0
PC float32,clean,test,Winston_Churchill Nazi Speech-SoundBible_uid-2unyd8,0,0.0,0
PC float32,clean,test,Winston_Churchill Nazi Speech-SoundBible_uid-761zdn,0,0.0,0
PC float32,clean,test,Winston_Churchill Nazi Speech-SoundBible_uid-g4x51s,0,0.0,0
PC float32,clean,test,Winston_Churchill Nazi Speech-SoundBible_uid-jp39dv,0,1.456542178785138e-36,0
PC float32,clean,test,Winston_Churchill Nazi Speech-SoundBible_uid-rwukdv,0,0.0,0
PC float32,clean,test,Woman_Screaming 2-SoundBible_uid-c9acqz,0,0.0,0
PC float32,clean,test,church_chime-daniel_simon (1)_uid-zsrdac,0,0.0,0
PC float32,clean,test,church_chime-daniel_simon_uid-bbyw01,0,0.0,0
PC float32,clean,test,church_chime-daniel_simon_uid-sxzijw,0,0.0,0
PC float32,clean,test,doberman_pincher_daniel-simion_uid-348sts,0,0.0,0
PC float32,clean,test,doberman_pincher_daniel-simion_uid-4gutjw,0,0.0,0
PC float32,clean,test,doberman_pincher_daniel-simion_uid-db2xc6,0,0.0,0
PC float32,clean,test,doberman_pincher_daniel-simion_uid-m6nbjk,0,0.0,0
PC float32,clean,test,german_shephard-daniel_simon (1)_uid-x57o4h,0,0.0,0
PC float32,clean,test,german_shephard-daniel_simon_uid-35by3o,0,0.0,0
PC float32,clean,test,hard_shoes_1-daniel_simon_uid-lqfqp3,0,0.0,0
PC float32,clean,test,harley_davidson-daniel_simon_uid-3gnkx0,0,5.901665584075822e-22,0
PC float32,clean,test,harley_davidson-daniel_simon_uid-5tbvav,0,1.353645562165204e-26,0
PC float32,clean,test,labrador_barking-daniel_simon_uid-cpx5m6,0,0.0,0
PC float32,clean,test,labrador_barking-daniel_simon_uid-cvf4k1,0,0.0,0
PC float32,clean,test,labrador_barking-daniel_simon_uid-j0e09a,0,0.0,0
PC float32,clean,test,labrador_barking-daniel_simon_uid-mwgdoo,0,0.0,0
PC float32,clean,test,labrador_barking-daniel_simon_uid-p1nd4y,0,0.0,0
PC float32,clean,test,labrador_barking-daniel_simon_uid-px7218,0,0.0,0
PC float32,clean,test,muscle_car-daniel_simon (1)_uid-hvisfn,0,5.885931022997772e-36,0
PC float32,clean,test,muscle_car-daniel_simon_uid-jpcsdl,0,5.885931022997772e-36,0
PC float32,clean,test,old_car-engine_daniel_simion_uid-2lzarp,0,0.0,0
PC float32,clean,test,old_car-engine_daniel_simion_uid-5xyl64,0,0.0,0
PC float32,clean,test,old_car-engine_daniel_simion_uid-8mfyeb,0,0.0,0
PC float32,clean,test,old_car-engine_daniel_simion_uid-9xmt28,0,0.0,0
PC float32,clean,test,old_fashioned-door-bell-daniel_simon_uid-1bqwmt,0,4.4315442520060544e-35,0
PC float32,clean,test,old_fashioned-door-bell-daniel_simon_uid-8q7aiq,0,2.2538819915000779e-35,0
PC float32,clean,test,party_crowd-daniel_simon_uid-8pwj7x,0,0.0,0
PC float32,clean,test,party_crowd-daniel_simon_uid-vroqkp,0,0.0,0
PC float32,clean,test,railroad_crossing_bell-Brylon_Terry-1551570865 (1)_uid-55is8o,0,0.0,0
PC float32,clean,test,railroad_crossing_bell-Brylon_Terry-1551570865 (1)_uid-6mnkqh,0,0.0,0
PC float32,clean,test,railroad_crossing_bell-Brylon_Terry-1551570865 (1)_uid-mi9sxj,0,0.0,0
PC float32,clean,test,railroad_crossing_bell-Brylon_Terry-1551570865 (1)_uid-n15yft,0,0.0,0
PC float32,clean,test,railroad_crossing_bell-Brylon_Terry-1551570865 (1)_uid-vxl8al,0,0.0,0
PC float32,clean,test,railroad_crossing_bell-Brylon_Terry-1551570865 (1)_uid-waev1t,0,0.0,0
PC float32,clean,test,railroad_crossing_bell-Brylon_Terry-1551570865 (1)_uid-zyz59r,0,0.0,0
PC float32,clean,test,railroad_crossing_bell-Brylon_Terry-1551570865_uid-ejhzbl,0,0.0,0
PC float32,clean,test,railroad_crossing_bell-Brylon_Terry-1551570865_uid-po2yqk,0,0.0,0
PC float32,clean,test,tolling_bell_daniel-simion_uid-kg3lrg,0,0.0,0
PC float32,clean,test,tolling_bell_daniel-simion_uid-witt3h,0,0.0,0
PC int8,clean,test,0003_0397s_shot_019_ch1,1,0.99609375,1
PC int8,clean,test,0005_0580s_shot_006_ch1,1,0.99609375,1
PC int8,clean,test,0005_0607s_shot_150_ch1,1,0.99609375,1
PC int8,clean,test,0005_0631s_shot_173_ch1,1,0.99609375,1
PC int8,clean,test,0005_0632s_shot_176_ch1,1,0.99609375,1
PC int8,clean,test,0005_0662s_shot_201_ch1,1,0.99609375,1
PC int8,clean,test,0005_0685s_shot_220_ch1,1,0.99609375,1
PC int8,clean,test,0005_0700s_shot_037_ch1,1,0.99609375,1
PC int8,clean,test,0011_0226s_shot_011_ch1,1,0.99609375,1
PC int8,clean,test,0011_0333s_shot_018_ch1,1,0.96484375,1
PC int8,clean,test,171236__alukahn__gunshot2_uid-fcn21d,0,0.0,0
PC int8,clean,test,371041__morganpurkis__single-gunshot-3_uid-1k053k,0,0.0,0
PC int8,clean,test,384687__morganpurkis__single-gunshot-42_uid-u9d6r1,0,0.0,0
PC int8,clean,test,384689__dobroide__20170318gunshotparadiso_uid-kwsehz,0,0.0,0
PC int8,clean,test,384689__dobroide__20170318gunshotparadiso_uid-pjl13d,0,0.0,0
PC int8,clean,test,402008__eardeer__gunshot__high_3_uid-4j4q67,0,0.0,0
PC int8,clean,test,402791__acidsnowflake__ak47-and-various-other-gunshots-at-indoor-shooting-range_uid-6aezru,0,0.0,0
PC int8,clean,test,402791__acidsnowflake__ak47-and-various-other-gunshots-at-indoor-shooting-range_uid-byjlki,0,0.0,0
PC int8,clean,test,402791__acidsnowflake__ak47-and-various-other-gunshots-at-indoor-shooting-range_uid-garl1l,0,0.0,0
PC int8,clean,test,402791__acidsnowflake__ak47-and-various-other-gunshots-at-indoor-shooting-range_uid-l3ibfo,0,0.0,0
PC int8,clean,test,402791__acidsnowflake__ak47-and-various-other-gunshots-at-indoor-shooting-range_uid-qe3eyz,0,0.0,0
PC int8,clean,test,405132__fstagi__gunshots_uid-xcyi0z,0,0.0,0
PC int8,clean,test,51470__smcameron__synthetic_gunshot_2_uid-vatpwv,0,0.0,0
PC int8,clean,test,518181__bolkmar__fx-gunshot_uid-al1o0i,0,0.0,0
PC int8,clean,test,518181__bolkmar__fx-gunshot_uid-es96l9,0,0.0,0
PC int8,clean,test,518181__bolkmar__fx-gunshot_uid-j3vsmz,0,0.0,0
PC int8,clean,test,519623__nathanchurchyard__gunshots_uid-kvxx3q,0,0.0,0
PC int8,clean,test,683312__pnmcarrierailfan__pistol-gunshot-mix-weapons_uid-tmmoay,0,0.0,0
PC int8,clean,test,Amusement_Park Ambiance -SoundBible_uid-2t9w3e,0,0.0,0
PC int8,clean,test,Amusement_Park Ambiance -SoundBible_uid-jwv6lq,0,0.0,0
PC int8,clean,test,Amusement_Park Ambiance -SoundBible_uid-l24o63,0,0.0,0
PC int8,clean,test,Background_Noise-SoundBible_uid-m7qaag,0,0.0,0
PC int8,clean,test,Background_Noise-SoundBible_uid-mnn2bm,0,0.0,0
PC int8,clean,test,Bi_Polar_Uncle-ScanMan-1810098860_uid-b8uks2,0,0.0,0
PC int8,clean,test,Bi_Polar_Uncle-ScanMan-1810098860_uid-evaiic,0,0.0,0
PC int8,clean,test,Bi_Polar_Uncle-ScanMan-1810098860_uid-l7n0jt,0,0.0,0
PC int8,clean,test,Bi_Polar_Uncle-ScanMan-1810098860_uid-omv54z,0,0.0,0
PC int8,clean,test,Bi_Polar_Uncle-ScanMan-1810098860_uid-p90ljg,0,0.0,0
PC int8,clean,test,Big_door_closed-Clemens_F-941522533_uid-n02it9,0,0.0,0
PC int8,clean,test,Cellar_Door Slam Shut-SoundBible_uid-pg4dq8,0,0.0,0
PC int8,clean,test,Citty_Traffic Ambiance-SoundBible_uid-87yimc,0,0.0,0
PC int8,clean,test,Citty_Traffic Ambiance-SoundBible_uid-8vk0wx,0,0.0,0
PC int8,clean,test,Citty_Traffic Ambiance-SoundBible_uid-mxbe2e,0,0.0,0
PC int8,clean,test,Citty_Traffic Ambiance-SoundBible_uid-q0srdn,0,0.0,0
PC int8,clean,test,City_Ambiance-SoundBible_uid-8yrqh9,0,0.0,0
PC int8,clean,test,City_Ambiance-SoundBible_uid-t8xlgr,0,0.0,0
PC int8,clean,test,Classroom_Ambiance-SoundBible_uid-q49pv1,0,0.0,0
PC int8,clean,test,Classroom_Ambiance-SoundBible_uid-qfbdk0,0,0.0,0
PC int8,clean,test,Classroom_Ambiance-SoundBible_uid-uu3ewb,0,0.0,0
PC int8,clean,test,Classroom_Ambiance-SoundBible_uid-xdl758,0,0.0,0
PC int8,clean,test,Close_Vault_Or_Jail_Door-SoundBible_uid-lasl2n,0,0.0,0
PC int8,clean,test,Dog_Barking-SoundBible_uid-3uyzqt,0,0.0,0
PC int8,clean,test,Dog_Barking-SoundBible_uid-udwefz,0,0.0,0
PC int8,clean,test,Dogs_Barking-SoundBible_uid-0ftva8,0,0.0,0
PC int8,clean,test,Dogs_Barking-SoundBible_uid-itlawo,0,0.0,0
PC int8,clean,test,Dogs_Barking-SoundBible_uid-k8qbi9,0,0.0,0
PC int8,clean,test,End_of_Game-Mike_Koenig-617089079_uid-0scusn,0,0.0,0
PC int8,clean,test,Engine_Inside_Car-SoundBible_uid-as3jed,0,0.03515625,0
PC int8,clean,test,Fast_Heel_Walk-Kyanna_Johnson-1646343608_uid-8u9yx0,0,0.0,0
PC int8,clean,test,Fast_Heel_Walk-Kyanna_Johnson-1646343608_uid-9pwmgu,0,0.0,0
PC int8,clean,test,Female_Scream_Horror-NeoPhyTe-138499973_uid-w7fb5j,0,0.0,0
PC int8,clean,test,Footsteps_SoundBible_uid-4v6zy1,0,0.0,0
PC int8,clean,test,Footsteps_SoundBible_uid-dg95vk,0,0.0,0
PC int8,clean,test,Footsteps_SoundBible_uid-hnz36f,0,0.0,0
PC int8,clean,test,Frying_Pan_Impact-SoundBible_uid-nbylf3,0,0.0,0
PC int8,clean,test,Indian_Bell-SoundBible_uid-t0u6xu,0,0.0,0
PC int8,clean,test,Japanese_Temple Bell Small-SoundBible_uid-3fhudh,0,0.0,0
PC int8,clean,test,Japanese_Temple Bell Small-SoundBible_uid-8kpqn1,0,0.0,0
PC int8,clean,test,Large_Door_Slam-SoundBible_uid-ljg1k3,0,0.0,0
PC int8,clean,test,Little_Girl_Talking-Mike_Koenig-782373463_uid-bstw5g,0,0.0,0
PC int8,clean,test,Metal_Gong-Dianakc-109711828_uid-hlegwg,0,0.0,0
PC int8,clean,test,Motorcycle_Engine-SoundBible_uid-bo8n5y,0,0.0,0
PC int8,clean,test,Neighborhood_Dogs Barking-SoundBible_uid-6a1kho,0,0.0,0
PC int8,clean,test,Neighborhood_Dogs Barking-SoundBible_uid-7mwktq,0,0.0,0
PC int8,clean,test,Neighborhood_Dogs Barking-SoundBible_uid-dwmjp4,0,0.0,0
PC int8,clean,test,Neighborhood_Dogs Barking-SoundBible_uid-kc7h7x,0,0.0,0
PC int8,clean,test,Neighborhood_Dogs Barking-SoundBible_uid-p7gr4b,0,0.0,0
PC int8,clean,test,Neighborhood_Dogs Barking-SoundBible_uid-rq1qkq,0,0.0,0
PC int8,clean,test,Obama_Speech Liar-SoundBible_uid-8mnhtv,0,0.0,0
PC int8,clean,test,Old_Door_Creaking-SoundBible_uid-e16ryq,0,0.0,0
PC int8,clean,test,Old_Door_Creaking-SoundBible_uid-f2vs74,0,0.0,0
PC int8,clean,test,Old_Door_Creaking-SoundBible_uid-ozrhlo,0,0.0,0
PC int8,clean,test,Old_Door_Creaking-SoundBible_uid-q6uf3u,0,0.0,0
PC int8,clean,test,Police Siren 3-SoundBible_uid-nytspf,0,0.0,0
PC int8,clean,test,Police_Siren-SoundBible_uid-uyk0z0,0,0.0,0
PC int8,clean,test,Psycho_Scream-SoundBible_uid-4qhwlo,0,0.0,0
PC int8,clean,test,Psycho_Scream-SoundBible_uid-uococi,0,0.0,0
PC int8,clean,test,Puppy_Dog Barking-SoundBible_uid-130qr7,0,0.0,0
PC int8,clean,test,Puppy_Dog Barking-SoundBible_uid-zrfwba,0,0.0,0
PC int8,clean,test,Race_Car Idle-SoundBible_uid-5il88u,0,0.0,0
PC int8,clean,test,Race_Car Idle-SoundBible_uid-bjwy2y,0,0.0,0
PC int8,clean,test,Race_Car Idle-SoundBible_uid-i7dn0k,0,0.0,0
PC int8,clean,test,Restaurant Walla Track-SoundBible_uid-19b0uq,0,0.0,0
PC int8,clean,test,Restaurant Walla Track-SoundBible_uid-e11kg8,0,0.0,0
PC int8,clean,test,Restaurant Walla Track-SoundBible_uid-fk59q6,0,0.0,0
PC int8,clean,test,School_Fire_Alarm-Cullen_Card-202875844_uid-rfkm7v,0,0.0,0
PC int8,clean,test,Shift_Gears-SoundBible_uid-cvmuj8,0,0.0,0
PC int8,clean,test,Ship_Bell-Mike_Koenig-1911209136_uid-e2z0y7,0,0.0,0
PC int8,clean,test,Ship_Brass_Bell-Mike_Koenig-1458750630_uid-oksrz0,0,0.0,0
PC int8,clean,test,Shopping_Mall Ambiance-SoundBible_uid-fa5yaq,0,0.0,0
PC int8,clean,test,Sleigh_Bells_Ringing-SoundBible_uid-i52bxo,0,0.0,0
PC int8,clean,test,Sleigh_Bells_Ringing-SoundBible_uid-xjtewi,0,0.0,0
PC int8,clean,test,Soldiers_Marching-SoundBible_uid-0eax5q,0,0.0,0
PC int8,clean,test,Soldiers_Marching-SoundBible_uid-4m3auc,0,0.0,0
PC int8,clean,test,Soldiers_Marching-SoundBible_uid-51ygbj,0,0.0,0
PC int8,clean,test,Soldiers_Marching-SoundBible_uid-5xkxw1,0,0.0,0
PC int8,clean,test,Soldiers_Marching-SoundBible_uid-bqrx9i,0,0.0,0
PC int8,clean,test,Sports_Bar Patrons Loud-SoundBible_uid-0qx8ca,0,0.0,0
PC int8,clean,test,Steam_Engine-John-1826274710_uid-1hznao,0,0.0,0
PC int8,clean,test,Steam_Engine-John-1826274710_uid-9qykmv,0,0.0,0
PC int8,clean,test,Steam_Engine-John-1826274710_uid-pe5dcl,0,0.0,0
PC int8,clean,test,Swimming_Pool Ambiance-SoundBible_uid-thd1td,0,0.0,0
PC int8,clean,test,Temple_Bell Huge-SoundBible_uid-vwd9pv,0,0.0,0
PC int8,clean,test,Tornado_Siren_II-Delilah-747233690_uid-9imkus,0,0.0,0
PC int8,clean,test,Tornado_Siren_II-Delilah-747233690_uid-k23l64,0,0.0,0
PC int8,clean,test,Tornado_Siren_II-Delilah-747233690_uid-yu5cjs,0,0.0,0
PC int8,clean,test,Tornado_Siren_SoundBible_uid-6dnh9z,0,0.0,0
PC int8,clean,test,Tornado_Siren_SoundBible_uid-g7d17q,0,0.0,0
PC int8,clean,test,Walking-SoundBible_uid-62j3do,0,0.0,0
PC int8,clean,test,Walking_In_Snow-SoundBible_uid-hoifci,0,0.0,0
PC int8,clean,test,Walking_On_Gravel-SoundBible_uid-7duozg,0,0.0,0
PC int8,clean,test,Walking_On_Gravel-SoundBible_uid-fi611q,0,0.0,0
PC int8,clean,test,Walking_On_Gravel-SoundBible_uid-jhzvu7,0,0.0,0
PC int8,clean,test,Winston_Churchill Nazi Speech-SoundBible_uid-2unyd8,0,0.0,0
PC int8,clean,test,Winston_Churchill Nazi Speech-SoundBible_uid-761zdn,0,0.0,0
PC int8,clean,test,Winston_Churchill Nazi Speech-SoundBible_uid-g4x51s,0,0.0,0
PC int8,clean,test,Winston_Churchill Nazi Speech-SoundBible_uid-jp39dv,0,0.0,0
PC int8,clean,test,Winston_Churchill Nazi Speech-SoundBible_uid-rwukdv,0,0.0,0
PC int8,clean,test,Woman_Screaming 2-SoundBible_uid-c9acqz,0,0.0,0
PC int8,clean,test,church_chime-daniel_simon (1)_uid-zsrdac,0,0.0,0
PC int8,clean,test,church_chime-daniel_simon_uid-bbyw01,0,0.0,0
PC int8,clean,test,church_chime-daniel_simon_uid-sxzijw,0,0.0,0
PC int8,clean,test,doberman_pincher_daniel-simion_uid-348sts,0,0.0,0
PC int8,clean,test,doberman_pincher_daniel-simion_uid-4gutjw,0,0.0,0
PC int8,clean,test,doberman_pincher_daniel-simion_uid-db2xc6,0,0.0,0
PC int8,clean,test,doberman_pincher_daniel-simion_uid-m6nbjk,0,0.0,0
PC int8,clean,test,german_shephard-daniel_simon (1)_uid-x57o4h,0,0.0,0
PC int8,clean,test,german_shephard-daniel_simon_uid-35by3o,0,0.0,0
PC int8,clean,test,hard_shoes_1-daniel_simon_uid-lqfqp3,0,0.0,0
PC int8,clean,test,harley_davidson-daniel_simon_uid-3gnkx0,0,0.0,0
PC int8,clean,test,harley_davidson-daniel_simon_uid-5tbvav,0,0.0,0
PC int8,clean,test,labrador_barking-daniel_simon_uid-cpx5m6,0,0.0,0
PC int8,clean,test,labrador_barking-daniel_simon_uid-cvf4k1,0,0.0,0
PC int8,clean,test,labrador_barking-daniel_simon_uid-j0e09a,0,0.0,0
PC int8,clean,test,labrador_barking-daniel_simon_uid-mwgdoo,0,0.0,0
PC int8,clean,test,labrador_barking-daniel_simon_uid-p1nd4y,0,0.0,0
PC int8,clean,test,labrador_barking-daniel_simon_uid-px7218,0,0.0,0
PC int8,clean,test,muscle_car-daniel_simon (1)_uid-hvisfn,0,0.0,0
PC int8,clean,test,muscle_car-daniel_simon_uid-jpcsdl,0,0.0,0
PC int8,clean,test,old_car-engine_daniel_simion_uid-2lzarp,0,0.0,0
PC int8,clean,test,old_car-engine_daniel_simion_uid-5xyl64,0,0.0,0
PC int8,clean,test,old_car-engine_daniel_simion_uid-8mfyeb,0,0.0,0
PC int8,clean,test,old_car-engine_daniel_simion_uid-9xmt28,0,0.0,0
PC int8,clean,test,old_fashioned-door-bell-daniel_simon_uid-1bqwmt,0,0.0,0
PC int8,clean,test,old_fashioned-door-bell-daniel_simon_uid-8q7aiq,0,0.0,0
PC int8,clean,test,party_crowd-daniel_simon_uid-8pwj7x,0,0.0,0
PC int8,clean,test,party_crowd-daniel_simon_uid-vroqkp,0,0.0,0
PC int8,clean,test,railroad_crossing_bell-Brylon_Terry-1551570865 (1)_uid-55is8o,0,0.0,0
PC int8,clean,test,railroad_crossing_bell-Brylon_Terry-1551570865 (1)_uid-6mnkqh,0,0.0,0
PC int8,clean,test,railroad_crossing_bell-Brylon_Terry-1551570865 (1)_uid-mi9sxj,0,0.0,0
PC int8,clean,test,railroad_crossing_bell-Brylon_Terry-1551570865 (1)_uid-n15yft,0,0.0,0
PC int8,clean,test,railroad_crossing_bell-Brylon_Terry-1551570865 (1)_uid-vxl8al,0,0.0,0
PC int8,clean,test,railroad_crossing_bell-Brylon_Terry-1551570865 (1)_uid-waev1t,0,0.0,0
PC int8,clean,test,railroad_crossing_bell-Brylon_Terry-1551570865 (1)_uid-zyz59r,0,0.0,0
PC int8,clean,test,railroad_crossing_bell-Brylon_Terry-1551570865_uid-ejhzbl,0,0.0,0
PC int8,clean,test,railroad_crossing_bell-Brylon_Terry-1551570865_uid-po2yqk,0,0.0,0
PC int8,clean,test,tolling_bell_daniel-simion_uid-kg3lrg,0,0.0,0
PC int8,clean,test,tolling_bell_daniel-simion_uid-witt3h,0,0.0,0
PC float32,noise_snr30db,test,0003_0397s_shot_019_ch1,1,1.0,1
PC float32,noise_snr30db,test,0005_0580s_shot_006_ch1,1,1.0,1
PC float32,noise_snr30db,test,0005_0607s_shot_150_ch1,1,0.9999999403953552,1
PC float32,noise_snr30db,test,0005_0631s_shot_173_ch1,1,1.0,1
PC float32,noise_snr30db,test,0005_0632s_shot_176_ch1,1,0.9999983310699463,1
PC float32,noise_snr30db,test,0005_0662s_shot_201_ch1,1,1.0,1
PC float32,noise_snr30db,test,0005_0685s_shot_220_ch1,1,1.0,1
PC float32,noise_snr30db,test,0005_0700s_shot_037_ch1,1,1.0,1
PC float32,noise_snr30db,test,0011_0226s_shot_011_ch1,1,0.9957790970802307,1
PC float32,noise_snr30db,test,0011_0333s_shot_018_ch1,1,0.8006148338317871,1
PC float32,noise_snr30db,test,171236__alukahn__gunshot2_uid-fcn21d,0,6.310409586489983e-24,0
PC float32,noise_snr30db,test,371041__morganpurkis__single-gunshot-3_uid-1k053k,0,1.6582765810228007e-31,0
PC float32,noise_snr30db,test,384687__morganpurkis__single-gunshot-42_uid-u9d6r1,0,2.071737013595993e-20,0
PC float32,noise_snr30db,test,384689__dobroide__20170318gunshotparadiso_uid-kwsehz,0,0.0,0
PC float32,noise_snr30db,test,384689__dobroide__20170318gunshotparadiso_uid-pjl13d,0,0.0,0
PC float32,noise_snr30db,test,402008__eardeer__gunshot__high_3_uid-4j4q67,0,0.0,0
PC float32,noise_snr30db,test,402791__acidsnowflake__ak47-and-various-other-gunshots-at-indoor-shooting-range_uid-6aezru,0,0.0,0
PC float32,noise_snr30db,test,402791__acidsnowflake__ak47-and-various-other-gunshots-at-indoor-shooting-range_uid-byjlki,0,0.0,0
PC float32,noise_snr30db,test,402791__acidsnowflake__ak47-and-various-other-gunshots-at-indoor-shooting-range_uid-garl1l,0,0.0,0
PC float32,noise_snr30db,test,402791__acidsnowflake__ak47-and-various-other-gunshots-at-indoor-shooting-range_uid-l3ibfo,0,0.0,0
PC float32,noise_snr30db,test,402791__acidsnowflake__ak47-and-various-other-gunshots-at-indoor-shooting-range_uid-qe3eyz,0,0.0,0
PC float32,noise_snr30db,test,405132__fstagi__gunshots_uid-xcyi0z,0,1.799820729028352e-18,0
PC float32,noise_snr30db,test,51470__smcameron__synthetic_gunshot_2_uid-vatpwv,0,1.0784969584065607e-09,0
PC float32,noise_snr30db,test,518181__bolkmar__fx-gunshot_uid-al1o0i,0,0.0,0
PC float32,noise_snr30db,test,518181__bolkmar__fx-gunshot_uid-es96l9,0,1.9996997340751858e-15,0
PC float32,noise_snr30db,test,518181__bolkmar__fx-gunshot_uid-j3vsmz,0,0.0,0
PC float32,noise_snr30db,test,519623__nathanchurchyard__gunshots_uid-kvxx3q,0,6.960188376585153e-34,0
PC float32,noise_snr30db,test,683312__pnmcarrierailfan__pistol-gunshot-mix-weapons_uid-tmmoay,0,3.678886342679221e-27,0
PC float32,noise_snr30db,test,Amusement_Park Ambiance -SoundBible_uid-2t9w3e,0,0.0,0
PC float32,noise_snr30db,test,Amusement_Park Ambiance -SoundBible_uid-jwv6lq,0,0.0,0
PC float32,noise_snr30db,test,Amusement_Park Ambiance -SoundBible_uid-l24o63,0,4.661272611661416e-21,0
PC float32,noise_snr30db,test,Background_Noise-SoundBible_uid-m7qaag,0,5.265435865098311e-10,0
PC float32,noise_snr30db,test,Background_Noise-SoundBible_uid-mnn2bm,0,2.337533942409209e-06,0
PC float32,noise_snr30db,test,Bi_Polar_Uncle-ScanMan-1810098860_uid-b8uks2,0,0.0,0
PC float32,noise_snr30db,test,Bi_Polar_Uncle-ScanMan-1810098860_uid-evaiic,0,0.0,0
PC float32,noise_snr30db,test,Bi_Polar_Uncle-ScanMan-1810098860_uid-l7n0jt,0,0.0,0
PC float32,noise_snr30db,test,Bi_Polar_Uncle-ScanMan-1810098860_uid-omv54z,0,0.0,0
PC float32,noise_snr30db,test,Bi_Polar_Uncle-ScanMan-1810098860_uid-p90ljg,0,0.0,0
PC float32,noise_snr30db,test,Big_door_closed-Clemens_F-941522533_uid-n02it9,0,0.0,0
PC float32,noise_snr30db,test,Cellar_Door Slam Shut-SoundBible_uid-pg4dq8,0,0.0,0
PC float32,noise_snr30db,test,Citty_Traffic Ambiance-SoundBible_uid-87yimc,0,0.0,0
PC float32,noise_snr30db,test,Citty_Traffic Ambiance-SoundBible_uid-8vk0wx,0,0.0,0
PC float32,noise_snr30db,test,Citty_Traffic Ambiance-SoundBible_uid-mxbe2e,0,0.0,0
PC float32,noise_snr30db,test,Citty_Traffic Ambiance-SoundBible_uid-q0srdn,0,0.0,0
PC float32,noise_snr30db,test,City_Ambiance-SoundBible_uid-8yrqh9,0,0.0,0
PC float32,noise_snr30db,test,City_Ambiance-SoundBible_uid-t8xlgr,0,0.0,0
PC float32,noise_snr30db,test,Classroom_Ambiance-SoundBible_uid-q49pv1,0,3.2228877344664397e-09,0
PC float32,noise_snr30db,test,Classroom_Ambiance-SoundBible_uid-qfbdk0,0,2.7014253056734105e-09,0
PC float32,noise_snr30db,test,Classroom_Ambiance-SoundBible_uid-uu3ewb,0,6.226658655350548e-08,0
PC float32,noise_snr30db,test,Classroom_Ambiance-SoundBible_uid-xdl758,0,5.181196360837248e-09,0
PC float32,noise_snr30db,test,Close_Vault_Or_Jail_Door-SoundBible_uid-lasl2n,0,2.4855395963641058e-08,0
PC float32,noise_snr30db,test,Dog_Barking-SoundBible_uid-3uyzqt,0,0.0,0
PC float32,noise_snr30db,test,Dog_Barking-SoundBible_uid-udwefz,0,0.0,0
PC float32,noise_snr30db,test,Dogs_Barking-SoundBible_uid-0ftva8,0,0.0,0
PC float32,noise_snr30db,test,Dogs_Barking-SoundBible_uid-itlawo,0,0.0,0
PC float32,noise_snr30db,test,Dogs_Barking-SoundBible_uid-k8qbi9,0,0.0,0
PC float32,noise_snr30db,test,End_of_Game-Mike_Koenig-617089079_uid-0scusn,0,0.0,0
PC float32,noise_snr30db,test,Engine_Inside_Car-SoundBible_uid-as3jed,0,0.0028856450226157904,0
PC float32,noise_snr30db,test,Fast_Heel_Walk-Kyanna_Johnson-1646343608_uid-8u9yx0,0,0.0,0
PC float32,noise_snr30db,test,Fast_Heel_Walk-Kyanna_Johnson-1646343608_uid-9pwmgu,0,0.0,0
PC float32,noise_snr30db,test,Female_Scream_Horror-NeoPhyTe-138499973_uid-w7fb5j,0,0.0,0
PC float32,noise_snr30db,test,Footsteps_SoundBible_uid-4v6zy1,0,0.0,0
PC float32,noise_snr30db,test,Footsteps_SoundBible_uid-dg95vk,0,0.0,0
PC float32,noise_snr30db,test,Footsteps_SoundBible_uid-hnz36f,0,7.993857644207602e-32,0
PC float32,noise_snr30db,test,Frying_Pan_Impact-SoundBible_uid-nbylf3,0,0.0,0
PC float32,noise_snr30db,test,Indian_Bell-SoundBible_uid-t0u6xu,0,0.0,0
PC float32,noise_snr30db,test,Japanese_Temple Bell Small-SoundBible_uid-3fhudh,0,0.0,0
PC float32,noise_snr30db,test,Japanese_Temple Bell Small-SoundBible_uid-8kpqn1,0,0.0,0
PC float32,noise_snr30db,test,Large_Door_Slam-SoundBible_uid-ljg1k3,0,1.3616876231026254e-06,0
PC float32,noise_snr30db,test,Little_Girl_Talking-Mike_Koenig-782373463_uid-bstw5g,0,0.0,0
PC float32,noise_snr30db,test,Metal_Gong-Dianakc-109711828_uid-hlegwg,0,6.805411789656546e-09,0
PC float32,noise_snr30db,test,Motorcycle_Engine-SoundBible_uid-bo8n5y,0,7.958597045462596e-31,0
PC float32,noise_snr30db,test,Neighborhood_Dogs Barking-SoundBible_uid-6a1kho,0,0.0,0
PC float32,noise_snr30db,test,Neighborhood_Dogs Barking-SoundBible_uid-7mwktq,0,0.0,0
PC float32,noise_snr30db,test,Neighborhood_Dogs Barking-SoundBible_uid-dwmjp4,0,0.0,0
PC float32,noise_snr30db,test,Neighborhood_Dogs Barking-SoundBible_uid-kc7h7x,0,0.0,0
PC float32,noise_snr30db,test,Neighborhood_Dogs Barking-SoundBible_uid-p7gr4b,0,0.0,0
PC float32,noise_snr30db,test,Neighborhood_Dogs Barking-SoundBible_uid-rq1qkq,0,0.0,0
PC float32,noise_snr30db,test,Obama_Speech Liar-SoundBible_uid-8mnhtv,0,0.0,0
PC float32,noise_snr30db,test,Old_Door_Creaking-SoundBible_uid-e16ryq,0,0.0,0
PC float32,noise_snr30db,test,Old_Door_Creaking-SoundBible_uid-f2vs74,0,1.4901278725963633e-36,0
PC float32,noise_snr30db,test,Old_Door_Creaking-SoundBible_uid-ozrhlo,0,2.431813781687942e-23,0
PC float32,noise_snr30db,test,Old_Door_Creaking-SoundBible_uid-q6uf3u,0,0.0,0
PC float32,noise_snr30db,test,Police Siren 3-SoundBible_uid-nytspf,0,0.0,0
PC float32,noise_snr30db,test,Police_Siren-SoundBible_uid-uyk0z0,0,0.0,0
PC float32,noise_snr30db,test,Psycho_Scream-SoundBible_uid-4qhwlo,0,0.0,0
PC float32,noise_snr30db,test,Psycho_Scream-SoundBible_uid-uococi,0,0.0,0
PC float32,noise_snr30db,test,Puppy_Dog Barking-SoundBible_uid-130qr7,0,0.0,0
PC float32,noise_snr30db,test,Puppy_Dog Barking-SoundBible_uid-zrfwba,0,0.0,0
PC float32,noise_snr30db,test,Race_Car Idle-SoundBible_uid-5il88u,0,0.0,0
PC float32,noise_snr30db,test,Race_Car Idle-SoundBible_uid-bjwy2y,0,0.0,0
PC float32,noise_snr30db,test,Race_Car Idle-SoundBible_uid-i7dn0k,0,0.0,0
PC float32,noise_snr30db,test,Restaurant Walla Track-SoundBible_uid-19b0uq,0,0.0,0
PC float32,noise_snr30db,test,Restaurant Walla Track-SoundBible_uid-e11kg8,0,0.0,0
PC float32,noise_snr30db,test,Restaurant Walla Track-SoundBible_uid-fk59q6,0,0.0,0
PC float32,noise_snr30db,test,School_Fire_Alarm-Cullen_Card-202875844_uid-rfkm7v,0,0.0,0
PC float32,noise_snr30db,test,Shift_Gears-SoundBible_uid-cvmuj8,0,0.0,0
PC float32,noise_snr30db,test,Ship_Bell-Mike_Koenig-1911209136_uid-e2z0y7,0,0.0,0
PC float32,noise_snr30db,test,Ship_Brass_Bell-Mike_Koenig-1458750630_uid-oksrz0,0,0.0,0
PC float32,noise_snr30db,test,Shopping_Mall Ambiance-SoundBible_uid-fa5yaq,0,0.0,0
PC float32,noise_snr30db,test,Sleigh_Bells_Ringing-SoundBible_uid-i52bxo,0,0.0,0
PC float32,noise_snr30db,test,Sleigh_Bells_Ringing-SoundBible_uid-xjtewi,0,0.0,0
PC float32,noise_snr30db,test,Soldiers_Marching-SoundBible_uid-0eax5q,0,0.0,0
PC float32,noise_snr30db,test,Soldiers_Marching-SoundBible_uid-4m3auc,0,0.0,0
PC float32,noise_snr30db,test,Soldiers_Marching-SoundBible_uid-51ygbj,0,0.0,0
PC float32,noise_snr30db,test,Soldiers_Marching-SoundBible_uid-5xkxw1,0,0.0,0
PC float32,noise_snr30db,test,Soldiers_Marching-SoundBible_uid-bqrx9i,0,0.0,0
PC float32,noise_snr30db,test,Sports_Bar Patrons Loud-SoundBible_uid-0qx8ca,0,0.0,0
PC float32,noise_snr30db,test,Steam_Engine-John-1826274710_uid-1hznao,0,0.0,0
PC float32,noise_snr30db,test,Steam_Engine-John-1826274710_uid-9qykmv,0,0.0,0
PC float32,noise_snr30db,test,Steam_Engine-John-1826274710_uid-pe5dcl,0,0.0,0
PC float32,noise_snr30db,test,Swimming_Pool Ambiance-SoundBible_uid-thd1td,0,0.0,0
PC float32,noise_snr30db,test,Temple_Bell Huge-SoundBible_uid-vwd9pv,0,2.1828237256452977e-14,0
PC float32,noise_snr30db,test,Tornado_Siren_II-Delilah-747233690_uid-9imkus,0,0.0,0
PC float32,noise_snr30db,test,Tornado_Siren_II-Delilah-747233690_uid-k23l64,0,0.0,0
PC float32,noise_snr30db,test,Tornado_Siren_II-Delilah-747233690_uid-yu5cjs,0,0.0,0
PC float32,noise_snr30db,test,Tornado_Siren_SoundBible_uid-6dnh9z,0,0.0,0
PC float32,noise_snr30db,test,Tornado_Siren_SoundBible_uid-g7d17q,0,0.0,0
PC float32,noise_snr30db,test,Walking-SoundBible_uid-62j3do,0,0.0,0
PC float32,noise_snr30db,test,Walking_In_Snow-SoundBible_uid-hoifci,0,9.548570774739298e-19,0
PC float32,noise_snr30db,test,Walking_On_Gravel-SoundBible_uid-7duozg,0,6.258066589777755e-20,0
PC float32,noise_snr30db,test,Walking_On_Gravel-SoundBible_uid-fi611q,0,1.6916321740501048e-19,0
PC float32,noise_snr30db,test,Walking_On_Gravel-SoundBible_uid-jhzvu7,0,0.0,0
PC float32,noise_snr30db,test,Winston_Churchill Nazi Speech-SoundBible_uid-2unyd8,0,1.8806987814363914e-34,0
PC float32,noise_snr30db,test,Winston_Churchill Nazi Speech-SoundBible_uid-761zdn,0,0.0,0
PC float32,noise_snr30db,test,Winston_Churchill Nazi Speech-SoundBible_uid-g4x51s,0,0.0,0
PC float32,noise_snr30db,test,Winston_Churchill Nazi Speech-SoundBible_uid-jp39dv,0,5.561376547729524e-33,0
PC float32,noise_snr30db,test,Winston_Churchill Nazi Speech-SoundBible_uid-rwukdv,0,0.0,0
PC float32,noise_snr30db,test,Woman_Screaming 2-SoundBible_uid-c9acqz,0,0.0,0
PC float32,noise_snr30db,test,church_chime-daniel_simon (1)_uid-zsrdac,0,0.0,0
PC float32,noise_snr30db,test,church_chime-daniel_simon_uid-bbyw01,0,0.0,0
PC float32,noise_snr30db,test,church_chime-daniel_simon_uid-sxzijw,0,0.0,0
PC float32,noise_snr30db,test,doberman_pincher_daniel-simion_uid-348sts,0,0.0,0
PC float32,noise_snr30db,test,doberman_pincher_daniel-simion_uid-4gutjw,0,0.0,0
PC float32,noise_snr30db,test,doberman_pincher_daniel-simion_uid-db2xc6,0,0.0,0
PC float32,noise_snr30db,test,doberman_pincher_daniel-simion_uid-m6nbjk,0,0.0,0
PC float32,noise_snr30db,test,german_shephard-daniel_simon (1)_uid-x57o4h,0,0.0,0
PC float32,noise_snr30db,test,german_shephard-daniel_simon_uid-35by3o,0,0.0,0
PC float32,noise_snr30db,test,hard_shoes_1-daniel_simon_uid-lqfqp3,0,0.0,0
PC float32,noise_snr30db,test,harley_davidson-daniel_simon_uid-3gnkx0,0,6.245890306691426e-13,0
PC float32,noise_snr30db,test,harley_davidson-daniel_simon_uid-5tbvav,0,1.489630896447351e-24,0
PC float32,noise_snr30db,test,labrador_barking-daniel_simon_uid-cpx5m6,0,0.0,0
PC float32,noise_snr30db,test,labrador_barking-daniel_simon_uid-cvf4k1,0,0.0,0
PC float32,noise_snr30db,test,labrador_barking-daniel_simon_uid-j0e09a,0,0.0,0
PC float32,noise_snr30db,test,labrador_barking-daniel_simon_uid-mwgdoo,0,0.0,0
PC float32,noise_snr30db,test,labrador_barking-daniel_simon_uid-p1nd4y,0,0.0,0
PC float32,noise_snr30db,test,labrador_barking-daniel_simon_uid-px7218,0,0.0,0
PC float32,noise_snr30db,test,muscle_car-daniel_simon (1)_uid-hvisfn,0,5.701935182703145e-32,0
PC float32,noise_snr30db,test,muscle_car-daniel_simon_uid-jpcsdl,0,6.92791607549777e-29,0
PC float32,noise_snr30db,test,old_car-engine_daniel_simion_uid-2lzarp,0,0.0,0
PC float32,noise_snr30db,test,old_car-engine_daniel_simion_uid-5xyl64,0,0.0,0
PC float32,noise_snr30db,test,old_car-engine_daniel_simion_uid-8mfyeb,0,0.0,0
PC float32,noise_snr30db,test,old_car-engine_daniel_simion_uid-9xmt28,0,0.0,0
PC float32,noise_snr30db,test,old_fashioned-door-bell-daniel_simon_uid-1bqwmt,0,2.8674566079608395e-29,0
PC float32,noise_snr30db,test,old_fashioned-door-bell-daniel_simon_uid-8q7aiq,0,2.2825136302330324e-34,0
PC float32,noise_snr30db,test,party_crowd-daniel_simon_uid-8pwj7x,0,0.0,0
PC float32,noise_snr30db,test,party_crowd-daniel_simon_uid-vroqkp,0,0.0,0
PC float32,noise_snr30db,test,railroad_crossing_bell-Brylon_Terry-1551570865 (1)_uid-55is8o,0,0.0,0
PC float32,noise_snr30db,test,railroad_crossing_bell-Brylon_Terry-1551570865 (1)_uid-6mnkqh,0,0.0,0
PC float32,noise_snr30db,test,railroad_crossing_bell-Brylon_Terry-1551570865 (1)_uid-mi9sxj,0,0.0,0
PC float32,noise_snr30db,test,railroad_crossing_bell-Brylon_Terry-1551570865 (1)_uid-n15yft,0,0.0,0
PC float32,noise_snr30db,test,railroad_crossing_bell-Brylon_Terry-1551570865 (1)_uid-vxl8al,0,0.0,0
PC float32,noise_snr30db,test,railroad_crossing_bell-Brylon_Terry-1551570865 (1)_uid-waev1t,0,0.0,0
PC float32,noise_snr30db,test,railroad_crossing_bell-Brylon_Terry-1551570865 (1)_uid-zyz59r,0,0.0,0
PC float32,noise_snr30db,test,railroad_crossing_bell-Brylon_Terry-1551570865_uid-ejhzbl,0,0.0,0
PC float32,noise_snr30db,test,railroad_crossing_bell-Brylon_Terry-1551570865_uid-po2yqk,0,0.0,0
PC float32,noise_snr30db,test,tolling_bell_daniel-simion_uid-kg3lrg,0,0.0,0
PC float32,noise_snr30db,test,tolling_bell_daniel-simion_uid-witt3h,0,0.0,0
PC int8,noise_snr30db,test,0003_0397s_shot_019_ch1,1,0.99609375,1
PC int8,noise_snr30db,test,0005_0580s_shot_006_ch1,1,0.99609375,1
PC int8,noise_snr30db,test,0005_0607s_shot_150_ch1,1,0.99609375,1
PC int8,noise_snr30db,test,0005_0631s_shot_173_ch1,1,0.99609375,1
PC int8,noise_snr30db,test,0005_0632s_shot_176_ch1,1,0.99609375,1
PC int8,noise_snr30db,test,0005_0662s_shot_201_ch1,1,0.99609375,1
PC int8,noise_snr30db,test,0005_0685s_shot_220_ch1,1,0.99609375,1
PC int8,noise_snr30db,test,0005_0700s_shot_037_ch1,1,0.99609375,1
PC int8,noise_snr30db,test,0011_0226s_shot_011_ch1,1,0.99609375,1
PC int8,noise_snr30db,test,0011_0333s_shot_018_ch1,1,0.5,1
PC int8,noise_snr30db,test,171236__alukahn__gunshot2_uid-fcn21d,0,0.0,0
PC int8,noise_snr30db,test,371041__morganpurkis__single-gunshot-3_uid-1k053k,0,0.0,0
PC int8,noise_snr30db,test,384687__morganpurkis__single-gunshot-42_uid-u9d6r1,0,0.0,0
PC int8,noise_snr30db,test,384689__dobroide__20170318gunshotparadiso_uid-kwsehz,0,0.0,0
PC int8,noise_snr30db,test,384689__dobroide__20170318gunshotparadiso_uid-pjl13d,0,0.0,0
PC int8,noise_snr30db,test,402008__eardeer__gunshot__high_3_uid-4j4q67,0,0.0,0
PC int8,noise_snr30db,test,402791__acidsnowflake__ak47-and-various-other-gunshots-at-indoor-shooting-range_uid-6aezru,0,0.0,0
PC int8,noise_snr30db,test,402791__acidsnowflake__ak47-and-various-other-gunshots-at-indoor-shooting-range_uid-byjlki,0,0.0,0
PC int8,noise_snr30db,test,402791__acidsnowflake__ak47-and-various-other-gunshots-at-indoor-shooting-range_uid-garl1l,0,0.0,0
PC int8,noise_snr30db,test,402791__acidsnowflake__ak47-and-various-other-gunshots-at-indoor-shooting-range_uid-l3ibfo,0,0.0,0
PC int8,noise_snr30db,test,402791__acidsnowflake__ak47-and-various-other-gunshots-at-indoor-shooting-range_uid-qe3eyz,0,0.0,0
PC int8,noise_snr30db,test,405132__fstagi__gunshots_uid-xcyi0z,0,0.0,0
PC int8,noise_snr30db,test,51470__smcameron__synthetic_gunshot_2_uid-vatpwv,0,0.0,0
PC int8,noise_snr30db,test,518181__bolkmar__fx-gunshot_uid-al1o0i,0,0.0,0
PC int8,noise_snr30db,test,518181__bolkmar__fx-gunshot_uid-es96l9,0,0.0,0
PC int8,noise_snr30db,test,518181__bolkmar__fx-gunshot_uid-j3vsmz,0,0.0,0
PC int8,noise_snr30db,test,519623__nathanchurchyard__gunshots_uid-kvxx3q,0,0.0,0
PC int8,noise_snr30db,test,683312__pnmcarrierailfan__pistol-gunshot-mix-weapons_uid-tmmoay,0,0.0,0
PC int8,noise_snr30db,test,Amusement_Park Ambiance -SoundBible_uid-2t9w3e,0,0.0,0
PC int8,noise_snr30db,test,Amusement_Park Ambiance -SoundBible_uid-jwv6lq,0,0.0,0
PC int8,noise_snr30db,test,Amusement_Park Ambiance -SoundBible_uid-l24o63,0,0.0,0
PC int8,noise_snr30db,test,Background_Noise-SoundBible_uid-m7qaag,0,0.0,0
PC int8,noise_snr30db,test,Background_Noise-SoundBible_uid-mnn2bm,0,0.0,0
PC int8,noise_snr30db,test,Bi_Polar_Uncle-ScanMan-1810098860_uid-b8uks2,0,0.0,0
PC int8,noise_snr30db,test,Bi_Polar_Uncle-ScanMan-1810098860_uid-evaiic,0,0.0,0
PC int8,noise_snr30db,test,Bi_Polar_Uncle-ScanMan-1810098860_uid-l7n0jt,0,0.0,0
PC int8,noise_snr30db,test,Bi_Polar_Uncle-ScanMan-1810098860_uid-omv54z,0,0.0,0
PC int8,noise_snr30db,test,Bi_Polar_Uncle-ScanMan-1810098860_uid-p90ljg,0,0.0,0
PC int8,noise_snr30db,test,Big_door_closed-Clemens_F-941522533_uid-n02it9,0,0.0,0
PC int8,noise_snr30db,test,Cellar_Door Slam Shut-SoundBible_uid-pg4dq8,0,0.0,0
PC int8,noise_snr30db,test,Citty_Traffic Ambiance-SoundBible_uid-87yimc,0,0.0,0
PC int8,noise_snr30db,test,Citty_Traffic Ambiance-SoundBible_uid-8vk0wx,0,0.0,0
PC int8,noise_snr30db,test,Citty_Traffic Ambiance-SoundBible_uid-mxbe2e,0,0.0,0
PC int8,noise_snr30db,test,Citty_Traffic Ambiance-SoundBible_uid-q0srdn,0,0.0,0
PC int8,noise_snr30db,test,City_Ambiance-SoundBible_uid-8yrqh9,0,0.0,0
PC int8,noise_snr30db,test,City_Ambiance-SoundBible_uid-t8xlgr,0,0.0,0
PC int8,noise_snr30db,test,Classroom_Ambiance-SoundBible_uid-q49pv1,0,0.0,0
PC int8,noise_snr30db,test,Classroom_Ambiance-SoundBible_uid-qfbdk0,0,0.0,0
PC int8,noise_snr30db,test,Classroom_Ambiance-SoundBible_uid-uu3ewb,0,0.0,0
PC int8,noise_snr30db,test,Classroom_Ambiance-SoundBible_uid-xdl758,0,0.0,0
PC int8,noise_snr30db,test,Close_Vault_Or_Jail_Door-SoundBible_uid-lasl2n,0,0.0,0
PC int8,noise_snr30db,test,Dog_Barking-SoundBible_uid-3uyzqt,0,0.0,0
PC int8,noise_snr30db,test,Dog_Barking-SoundBible_uid-udwefz,0,0.0,0
PC int8,noise_snr30db,test,Dogs_Barking-SoundBible_uid-0ftva8,0,0.0,0
PC int8,noise_snr30db,test,Dogs_Barking-SoundBible_uid-itlawo,0,0.0,0
PC int8,noise_snr30db,test,Dogs_Barking-SoundBible_uid-k8qbi9,0,0.0,0
PC int8,noise_snr30db,test,End_of_Game-Mike_Koenig-617089079_uid-0scusn,0,0.0,0
PC int8,noise_snr30db,test,Engine_Inside_Car-SoundBible_uid-as3jed,0,0.0,0
PC int8,noise_snr30db,test,Fast_Heel_Walk-Kyanna_Johnson-1646343608_uid-8u9yx0,0,0.0,0
PC int8,noise_snr30db,test,Fast_Heel_Walk-Kyanna_Johnson-1646343608_uid-9pwmgu,0,0.0,0
PC int8,noise_snr30db,test,Female_Scream_Horror-NeoPhyTe-138499973_uid-w7fb5j,0,0.0,0
PC int8,noise_snr30db,test,Footsteps_SoundBible_uid-4v6zy1,0,0.0,0
PC int8,noise_snr30db,test,Footsteps_SoundBible_uid-dg95vk,0,0.0,0
PC int8,noise_snr30db,test,Footsteps_SoundBible_uid-hnz36f,0,0.0,0
PC int8,noise_snr30db,test,Frying_Pan_Impact-SoundBible_uid-nbylf3,0,0.0,0
PC int8,noise_snr30db,test,Indian_Bell-SoundBible_uid-t0u6xu,0,0.0,0
PC int8,noise_snr30db,test,Japanese_Temple Bell Small-SoundBible_uid-3fhudh,0,0.0,0
PC int8,noise_snr30db,test,Japanese_Temple Bell Small-SoundBible_uid-8kpqn1,0,0.0,0
PC int8,noise_snr30db,test,Large_Door_Slam-SoundBible_uid-ljg1k3,0,0.0,0
PC int8,noise_snr30db,test,Little_Girl_Talking-Mike_Koenig-782373463_uid-bstw5g,0,0.0,0
PC int8,noise_snr30db,test,Metal_Gong-Dianakc-109711828_uid-hlegwg,0,0.0,0
PC int8,noise_snr30db,test,Motorcycle_Engine-SoundBible_uid-bo8n5y,0,0.0,0
PC int8,noise_snr30db,test,Neighborhood_Dogs Barking-SoundBible_uid-6a1kho,0,0.0,0
PC int8,noise_snr30db,test,Neighborhood_Dogs Barking-SoundBible_uid-7mwktq,0,0.0,0
PC int8,noise_snr30db,test,Neighborhood_Dogs Barking-SoundBible_uid-dwmjp4,0,0.0,0
PC int8,noise_snr30db,test,Neighborhood_Dogs Barking-SoundBible_uid-kc7h7x,0,0.0,0
PC int8,noise_snr30db,test,Neighborhood_Dogs Barking-SoundBible_uid-p7gr4b,0,0.0,0
PC int8,noise_snr30db,test,Neighborhood_Dogs Barking-SoundBible_uid-rq1qkq,0,0.0,0
PC int8,noise_snr30db,test,Obama_Speech Liar-SoundBible_uid-8mnhtv,0,0.0,0
PC int8,noise_snr30db,test,Old_Door_Creaking-SoundBible_uid-e16ryq,0,0.0,0
PC int8,noise_snr30db,test,Old_Door_Creaking-SoundBible_uid-f2vs74,0,0.0,0
PC int8,noise_snr30db,test,Old_Door_Creaking-SoundBible_uid-ozrhlo,0,0.0,0
PC int8,noise_snr30db,test,Old_Door_Creaking-SoundBible_uid-q6uf3u,0,0.0,0
PC int8,noise_snr30db,test,Police Siren 3-SoundBible_uid-nytspf,0,0.0,0
PC int8,noise_snr30db,test,Police_Siren-SoundBible_uid-uyk0z0,0,0.0,0
PC int8,noise_snr30db,test,Psycho_Scream-SoundBible_uid-4qhwlo,0,0.0,0
PC int8,noise_snr30db,test,Psycho_Scream-SoundBible_uid-uococi,0,0.0,0
PC int8,noise_snr30db,test,Puppy_Dog Barking-SoundBible_uid-130qr7,0,0.0,0
PC int8,noise_snr30db,test,Puppy_Dog Barking-SoundBible_uid-zrfwba,0,0.0,0
PC int8,noise_snr30db,test,Race_Car Idle-SoundBible_uid-5il88u,0,0.0,0
PC int8,noise_snr30db,test,Race_Car Idle-SoundBible_uid-bjwy2y,0,0.0,0
PC int8,noise_snr30db,test,Race_Car Idle-SoundBible_uid-i7dn0k,0,0.0,0
PC int8,noise_snr30db,test,Restaurant Walla Track-SoundBible_uid-19b0uq,0,0.0,0
PC int8,noise_snr30db,test,Restaurant Walla Track-SoundBible_uid-e11kg8,0,0.0,0
PC int8,noise_snr30db,test,Restaurant Walla Track-SoundBible_uid-fk59q6,0,0.0,0
PC int8,noise_snr30db,test,School_Fire_Alarm-Cullen_Card-202875844_uid-rfkm7v,0,0.0,0
PC int8,noise_snr30db,test,Shift_Gears-SoundBible_uid-cvmuj8,0,0.0,0
PC int8,noise_snr30db,test,Ship_Bell-Mike_Koenig-1911209136_uid-e2z0y7,0,0.0,0
PC int8,noise_snr30db,test,Ship_Brass_Bell-Mike_Koenig-1458750630_uid-oksrz0,0,0.0,0
PC int8,noise_snr30db,test,Shopping_Mall Ambiance-SoundBible_uid-fa5yaq,0,0.0,0
PC int8,noise_snr30db,test,Sleigh_Bells_Ringing-SoundBible_uid-i52bxo,0,0.0,0
PC int8,noise_snr30db,test,Sleigh_Bells_Ringing-SoundBible_uid-xjtewi,0,0.0,0
PC int8,noise_snr30db,test,Soldiers_Marching-SoundBible_uid-0eax5q,0,0.0,0
PC int8,noise_snr30db,test,Soldiers_Marching-SoundBible_uid-4m3auc,0,0.0,0
PC int8,noise_snr30db,test,Soldiers_Marching-SoundBible_uid-51ygbj,0,0.0,0
PC int8,noise_snr30db,test,Soldiers_Marching-SoundBible_uid-5xkxw1,0,0.0,0
PC int8,noise_snr30db,test,Soldiers_Marching-SoundBible_uid-bqrx9i,0,0.0,0
PC int8,noise_snr30db,test,Sports_Bar Patrons Loud-SoundBible_uid-0qx8ca,0,0.0,0
PC int8,noise_snr30db,test,Steam_Engine-John-1826274710_uid-1hznao,0,0.0,0
PC int8,noise_snr30db,test,Steam_Engine-John-1826274710_uid-9qykmv,0,0.0,0
PC int8,noise_snr30db,test,Steam_Engine-John-1826274710_uid-pe5dcl,0,0.0,0
PC int8,noise_snr30db,test,Swimming_Pool Ambiance-SoundBible_uid-thd1td,0,0.0,0
PC int8,noise_snr30db,test,Temple_Bell Huge-SoundBible_uid-vwd9pv,0,0.0,0
PC int8,noise_snr30db,test,Tornado_Siren_II-Delilah-747233690_uid-9imkus,0,0.0,0
PC int8,noise_snr30db,test,Tornado_Siren_II-Delilah-747233690_uid-k23l64,0,0.0,0
PC int8,noise_snr30db,test,Tornado_Siren_II-Delilah-747233690_uid-yu5cjs,0,0.0,0
PC int8,noise_snr30db,test,Tornado_Siren_SoundBible_uid-6dnh9z,0,0.0,0
PC int8,noise_snr30db,test,Tornado_Siren_SoundBible_uid-g7d17q,0,0.0,0
PC int8,noise_snr30db,test,Walking-SoundBible_uid-62j3do,0,0.0,0
PC int8,noise_snr30db,test,Walking_In_Snow-SoundBible_uid-hoifci,0,0.0,0
PC int8,noise_snr30db,test,Walking_On_Gravel-SoundBible_uid-7duozg,0,0.0,0
PC int8,noise_snr30db,test,Walking_On_Gravel-SoundBible_uid-fi611q,0,0.0,0
PC int8,noise_snr30db,test,Walking_On_Gravel-SoundBible_uid-jhzvu7,0,0.0,0
PC int8,noise_snr30db,test,Winston_Churchill Nazi Speech-SoundBible_uid-2unyd8,0,0.0,0
PC int8,noise_snr30db,test,Winston_Churchill Nazi Speech-SoundBible_uid-761zdn,0,0.0,0
PC int8,noise_snr30db,test,Winston_Churchill Nazi Speech-SoundBible_uid-g4x51s,0,0.0,0
PC int8,noise_snr30db,test,Winston_Churchill Nazi Speech-SoundBible_uid-jp39dv,0,0.0,0
PC int8,noise_snr30db,test,Winston_Churchill Nazi Speech-SoundBible_uid-rwukdv,0,0.0,0
PC int8,noise_snr30db,test,Woman_Screaming 2-SoundBible_uid-c9acqz,0,0.0,0
PC int8,noise_snr30db,test,church_chime-daniel_simon (1)_uid-zsrdac,0,0.0,0
PC int8,noise_snr30db,test,church_chime-daniel_simon_uid-bbyw01,0,0.0,0
PC int8,noise_snr30db,test,church_chime-daniel_simon_uid-sxzijw,0,0.0,0
PC int8,noise_snr30db,test,doberman_pincher_daniel-simion_uid-348sts,0,0.0,0
PC int8,noise_snr30db,test,doberman_pincher_daniel-simion_uid-4gutjw,0,0.0,0
PC int8,noise_snr30db,test,doberman_pincher_daniel-simion_uid-db2xc6,0,0.0,0
PC int8,noise_snr30db,test,doberman_pincher_daniel-simion_uid-m6nbjk,0,0.0,0
PC int8,noise_snr30db,test,german_shephard-daniel_simon (1)_uid-x57o4h,0,0.0,0
PC int8,noise_snr30db,test,german_shephard-daniel_simon_uid-35by3o,0,0.0,0
PC int8,noise_snr30db,test,hard_shoes_1-daniel_simon_uid-lqfqp3,0,0.0,0
PC int8,noise_snr30db,test,harley_davidson-daniel_simon_uid-3gnkx0,0,0.0,0
PC int8,noise_snr30db,test,harley_davidson-daniel_simon_uid-5tbvav,0,0.0,0
PC int8,noise_snr30db,test,labrador_barking-daniel_simon_uid-cpx5m6,0,0.0,0
PC int8,noise_snr30db,test,labrador_barking-daniel_simon_uid-cvf4k1,0,0.0,0
PC int8,noise_snr30db,test,labrador_barking-daniel_simon_uid-j0e09a,0,0.0,0
PC int8,noise_snr30db,test,labrador_barking-daniel_simon_uid-mwgdoo,0,0.0,0
PC int8,noise_snr30db,test,labrador_barking-daniel_simon_uid-p1nd4y,0,0.0,0
PC int8,noise_snr30db,test,labrador_barking-daniel_simon_uid-px7218,0,0.0,0
PC int8,noise_snr30db,test,muscle_car-daniel_simon (1)_uid-hvisfn,0,0.0,0
PC int8,noise_snr30db,test,muscle_car-daniel_simon_uid-jpcsdl,0,0.0,0
PC int8,noise_snr30db,test,old_car-engine_daniel_simion_uid-2lzarp,0,0.0,0
PC int8,noise_snr30db,test,old_car-engine_daniel_simion_uid-5xyl64,0,0.0,0
PC int8,noise_snr30db,test,old_car-engine_daniel_simion_uid-8mfyeb,0,0.0,0
PC int8,noise_snr30db,test,old_car-engine_daniel_simion_uid-9xmt28,0,0.0,0
PC int8,noise_snr30db,test,old_fashioned-door-bell-daniel_simon_uid-1bqwmt,0,0.0,0
PC int8,noise_snr30db,test,old_fashioned-door-bell-daniel_simon_uid-8q7aiq,0,0.0,0
PC int8,noise_snr30db,test,party_crowd-daniel_simon_uid-8pwj7x,0,0.0,0
PC int8,noise_snr30db,test,party_crowd-daniel_simon_uid-vroqkp,0,0.0,0
PC int8,noise_snr30db,test,railroad_crossing_bell-Brylon_Terry-1551570865 (1)_uid-55is8o,0,0.0,0
PC int8,noise_snr30db,test,railroad_crossing_bell-Brylon_Terry-1551570865 (1)_uid-6mnkqh,0,0.0,0
PC int8,noise_snr30db,test,railroad_crossing_bell-Brylon_Terry-1551570865 (1)_uid-mi9sxj,0,0.0,0
PC int8,noise_snr30db,test,railroad_crossing_bell-Brylon_Terry-1551570865 (1)_uid-n15yft,0,0.0,0
PC int8,noise_snr30db,test,railroad_crossing_bell-Brylon_Terry-1551570865 (1)_uid-vxl8al,0,0.0,0
PC int8,noise_snr30db,test,railroad_crossing_bell-Brylon_Terry-1551570865 (1)_uid-waev1t,0,0.0,0
PC int8,noise_snr30db,test,railroad_crossing_bell-Brylon_Terry-1551570865 (1)_uid-zyz59r,0,0.0,0
PC int8,noise_snr30db,test,railroad_crossing_bell-Brylon_Terry-1551570865_uid-ejhzbl,0,0.0,0
PC int8,noise_snr30db,test,railroad_crossing_bell-Brylon_Terry-1551570865_uid-po2yqk,0,0.0,0
PC int8,noise_snr30db,test,tolling_bell_daniel-simion_uid-kg3lrg,0,0.0,0
PC int8,noise_snr30db,test,tolling_bell_daniel-simion_uid-witt3h,0,0.0,0
PC float32,noise_snr20db,test,0003_0397s_shot_019_ch1,1,1.0,1
PC float32,noise_snr20db,test,0005_0580s_shot_006_ch1,1,1.0,1
PC float32,noise_snr20db,test,0005_0607s_shot_150_ch1,1,0.9999998807907104,1
PC float32,noise_snr20db,test,0005_0631s_shot_173_ch1,1,1.0,1
PC float32,noise_snr20db,test,0005_0632s_shot_176_ch1,1,0.9999943375587463,1
PC float32,noise_snr20db,test,0005_0662s_shot_201_ch1,1,1.0,1
PC float32,noise_snr20db,test,0005_0685s_shot_220_ch1,1,1.0,1
PC float32,noise_snr20db,test,0005_0700s_shot_037_ch1,1,1.0,1
PC float32,noise_snr20db,test,0011_0226s_shot_011_ch1,1,0.9962916374206543,1
PC float32,noise_snr20db,test,0011_0333s_shot_018_ch1,1,0.14249935746192932,0
PC float32,noise_snr20db,test,171236__alukahn__gunshot2_uid-fcn21d,0,2.956354652713668e-24,0
PC float32,noise_snr20db,test,371041__morganpurkis__single-gunshot-3_uid-1k053k,0,1.461963490208075e-29,0
PC float32,noise_snr20db,test,384687__morganpurkis__single-gunshot-42_uid-u9d6r1,0,1.325202372607137e-33,0
PC float32,noise_snr20db,test,384689__dobroide__20170318gunshotparadiso_uid-kwsehz,0,0.0,0
PC float32,noise_snr20db,test,384689__dobroide__20170318gunshotparadiso_uid-pjl13d,0,0.0,0
PC float32,noise_snr20db,test,402008__eardeer__gunshot__high_3_uid-4j4q67,0,0.0,0
PC float32,noise_snr20db,test,402791__acidsnowflake__ak47-and-various-other-gunshots-at-indoor-shooting-range_uid-6aezru,0,0.0,0
PC float32,noise_snr20db,test,402791__acidsnowflake__ak47-and-various-other-gunshots-at-indoor-shooting-range_uid-byjlki,0,0.0,0
PC float32,noise_snr20db,test,402791__acidsnowflake__ak47-and-various-other-gunshots-at-indoor-shooting-range_uid-garl1l,0,0.0,0
PC float32,noise_snr20db,test,402791__acidsnowflake__ak47-and-various-other-gunshots-at-indoor-shooting-range_uid-l3ibfo,0,0.0,0
PC float32,noise_snr20db,test,402791__acidsnowflake__ak47-and-various-other-gunshots-at-indoor-shooting-range_uid-qe3eyz,0,0.0,0
PC float32,noise_snr20db,test,405132__fstagi__gunshots_uid-xcyi0z,0,1.86811782440044e-15,0
PC float32,noise_snr20db,test,51470__smcameron__synthetic_gunshot_2_uid-vatpwv,0,1.7716452305194252e-08,0
PC float32,noise_snr20db,test,518181__bolkmar__fx-gunshot_uid-al1o0i,0,0.0,0
PC float32,noise_snr20db,test,518181__bolkmar__fx-gunshot_uid-es96l9,0,4.0955467073887993e-16,0
PC float32,noise_snr20db,test,518181__bolkmar__fx-gunshot_uid-j3vsmz,0,0.0,0
PC float32,noise_snr20db,test,519623__nathanchurchyard__gunshots_uid-kvxx3q,0,1.6146475882285623e-26,0
PC float32,noise_snr20db,test,683312__pnmcarrierailfan__pistol-gunshot-mix-weapons_uid-tmmoay,0,1.4414719242597398e-24,0
PC float32,noise_snr20db,test,Amusement_Park Ambiance -SoundBible_uid-2t9w3e,0,0.0,0
PC float32,noise_snr20db,test,Amusement_Park Ambiance -SoundBible_uid-jwv6lq,0,0.0,0
PC float32,noise_snr20db,test,Amusement_Park Ambiance -SoundBible_uid-l24o63,0,2.6216423576843652e-14,0
PC float32,noise_snr20db,test,Background_Noise-SoundBible_uid-m7qaag,0,4.4957555473956745e-06,0
PC float32,noise_snr20db,test,Background_Noise-SoundBible_uid-mnn2bm,0,1.6292493455694057e-05,0
PC float32,noise_snr20db,test,Bi_Polar_Uncle-ScanMan-1810098860_uid-b8uks2,0,0.0,0
PC float32,noise_snr20db,test,Bi_Polar_Uncle-ScanMan-1810098860_uid-evaiic,0,0.0,0
PC float32,noise_snr20db,test,Bi_Polar_Uncle-ScanMan-1810098860_uid-l7n0jt,0,0.0,0
PC float32,noise_snr20db,test,Bi_Polar_Uncle-ScanMan-1810098860_uid-omv54z,0,0.0,0
PC float32,noise_snr20db,test,Bi_Polar_Uncle-ScanMan-1810098860_uid-p90ljg,0,0.0,0
PC float32,noise_snr20db,test,Big_door_closed-Clemens_F-941522533_uid-n02it9,0,0.0,0
PC float32,noise_snr20db,test,Cellar_Door Slam Shut-SoundBible_uid-pg4dq8,0,0.0,0
PC float32,noise_snr20db,test,Citty_Traffic Ambiance-SoundBible_uid-87yimc,0,0.0,0
PC float32,noise_snr20db,test,Citty_Traffic Ambiance-SoundBible_uid-8vk0wx,0,0.0,0
PC float32,noise_snr20db,test,Citty_Traffic Ambiance-SoundBible_uid-mxbe2e,0,0.0,0
PC float32,noise_snr20db,test,Citty_Traffic Ambiance-SoundBible_uid-q0srdn,0,0.0,0
PC float32,noise_snr20db,test,City_Ambiance-SoundBible_uid-8yrqh9,0,0.0,0
PC float32,noise_snr20db,test,City_Ambiance-SoundBible_uid-t8xlgr,0,0.0,0
PC float32,noise_snr20db,test,Classroom_Ambiance-SoundBible_uid-q49pv1,0,3.0978949960847046e-10,0
PC float32,noise_snr20db,test,Classroom_Ambiance-SoundBible_uid-qfbdk0,0,2.631889595150483e-09,0
PC float32,noise_snr20db,test,Classroom_Ambiance-SoundBible_uid-uu3ewb,0,4.374971052101273e-09,0
PC float32,noise_snr20db,test,Classroom_Ambiance-SoundBible_uid-xdl758,0,3.815772142701235e-09,0
PC float32,noise_snr20db,test,Close_Vault_Or_Jail_Door-SoundBible_uid-lasl2n,0,4.011421594896092e-07,0
PC float32,noise_snr20db,test,Dog_Barking-SoundBible_uid-3uyzqt,0,0.0,0
PC float32,noise_snr20db,test,Dog_Barking-SoundBible_uid-udwefz,0,0.0,0
PC float32,noise_snr20db,test,Dogs_Barking-SoundBible_uid-0ftva8,0,0.0,0
PC float32,noise_snr20db,test,Dogs_Barking-SoundBible_uid-itlawo,0,0.0,0
PC float32,noise_snr20db,test,Dogs_Barking-SoundBible_uid-k8qbi9,0,0.0,0
PC float32,noise_snr20db,test,End_of_Game-Mike_Koenig-617089079_uid-0scusn,0,0.0,0
PC float32,noise_snr20db,test,Engine_Inside_Car-SoundBible_uid-as3jed,0,0.00029759504832327366,0
PC float32,noise_snr20db,test,Fast_Heel_Walk-Kyanna_Johnson-1646343608_uid-8u9yx0,0,0.0,0
PC float32,noise_snr20db,test,Fast_Heel_Walk-Kyanna_Johnson-1646343608_uid-9pwmgu,0,0.0,0
PC float32,noise_snr20db,test,Female_Scream_Horror-NeoPhyTe-138499973_uid-w7fb5j,0,0.0,0
PC float32,noise_snr20db,test,Footsteps_SoundBible_uid-4v6zy1,0,0.0,0
PC float32,noise_snr20db,test,Footsteps_SoundBible_uid-dg95vk,0,0.0,0
PC float32,noise_snr20db,test,Footsteps_SoundBible_uid-hnz36f,0,5.937085501829118e-25,0
PC float32,noise_snr20db,test,Frying_Pan_Impact-SoundBible_uid-nbylf3,0,0.0,0
PC float32,noise_snr20db,test,Indian_Bell-SoundBible_uid-t0u6xu,0,0.0,0
PC float32,noise_snr20db,test,Japanese_Temple Bell Small-SoundBible_uid-3fhudh,0,0.0,0
PC float32,noise_snr20db,test,Japanese_Temple Bell Small-SoundBible_uid-8kpqn1,0,0.0,0
PC float32,noise_snr20db,test,Large_Door_Slam-SoundBible_uid-ljg1k3,0,1.8109096799889812e-07,0
PC float32,noise_snr20db,test,Little_Girl_Talking-Mike_Koenig-782373463_uid-bstw5g,0,0.0,0
PC float32,noise_snr20db,test,Metal_Gong-Dianakc-109711828_uid-hlegwg,0,3.202812237645958e-09,0
PC float32,noise_snr20db,test,Motorcycle_Engine-SoundBible_uid-bo8n5y,0,5.4395683848203366e-21,0
PC float32,noise_snr20db,test,Neighborhood_Dogs Barking-SoundBible_uid-6a1kho,0,0.0,0
PC float32,noise_snr20db,test,Neighborhood_Dogs Barking-SoundBible_uid-7mwktq,0,0.0,0
PC float32,noise_snr20db,test,Neighborhood_Dogs Barking-SoundBible_uid-dwmjp4,0,0.0,0
PC float32,noise_snr20db,test,Neighborhood_Dogs Barking-SoundBible_uid-kc7h7x,0,0.0,0
PC float32,noise_snr20db,test,Neighborhood_Dogs Barking-SoundBible_uid-p7gr4b,0,0.0,0
PC float32,noise_snr20db,test,Neighborhood_Dogs Barking-SoundBible_uid-rq1qkq,0,0.0,0
PC float32,noise_snr20db,test,Obama_Speech Liar-SoundBible_uid-8mnhtv,0,0.0,0
PC float32,noise_snr20db,test,Old_Door_Creaking-SoundBible_uid-e16ryq,0,0.0,0
PC float32,noise_snr20db,test,Old_Door_Creaking-SoundBible_uid-f2vs74,0,7.519223588198684e-32,0
PC float32,noise_snr20db,test,Old_Door_Creaking-SoundBible_uid-ozrhlo,0,1.5340191687282692e-22,0
PC float32,noise_snr20db,test,Old_Door_Creaking-SoundBible_uid-q6uf3u,0,0.0,0
PC float32,noise_snr20db,test,Police Siren 3-SoundBible_uid-nytspf,0,0.0,0
PC float32,noise_snr20db,test,Police_Siren-SoundBible_uid-uyk0z0,0,0.0,0
PC float32,noise_snr20db,test,Psycho_Scream-SoundBible_uid-4qhwlo,0,0.0,0
PC float32,noise_snr20db,test,Psycho_Scream-SoundBible_uid-uococi,0,0.0,0
PC float32,noise_snr20db,test,Puppy_Dog Barking-SoundBible_uid-130qr7,0,0.0,0
PC float32,noise_snr20db,test,Puppy_Dog Barking-SoundBible_uid-zrfwba,0,0.0,0
PC float32,noise_snr20db,test,Race_Car Idle-SoundBible_uid-5il88u,0,0.0,0
PC float32,noise_snr20db,test,Race_Car Idle-SoundBible_uid-bjwy2y,0,0.0,0
PC float32,noise_snr20db,test,Race_Car Idle-SoundBible_uid-i7dn0k,0,0.0,0
PC float32,noise_snr20db,test,Restaurant Walla Track-SoundBible_uid-19b0uq,0,0.0,0
PC float32,noise_snr20db,test,Restaurant Walla Track-SoundBible_uid-e11kg8,0,0.0,0
PC float32,noise_snr20db,test,Restaurant Walla Track-SoundBible_uid-fk59q6,0,0.0,0
PC float32,noise_snr20db,test,School_Fire_Alarm-Cullen_Card-202875844_uid-rfkm7v,0,0.0,0
PC float32,noise_snr20db,test,Shift_Gears-SoundBible_uid-cvmuj8,0,0.0,0
PC float32,noise_snr20db,test,Ship_Bell-Mike_Koenig-1911209136_uid-e2z0y7,0,0.0,0
PC float32,noise_snr20db,test,Ship_Brass_Bell-Mike_Koenig-1458750630_uid-oksrz0,0,0.0,0
PC float32,noise_snr20db,test,Shopping_Mall Ambiance-SoundBible_uid-fa5yaq,0,0.0,0
PC float32,noise_snr20db,test,Sleigh_Bells_Ringing-SoundBible_uid-i52bxo,0,0.0,0
PC float32,noise_snr20db,test,Sleigh_Bells_Ringing-SoundBible_uid-xjtewi,0,0.0,0
PC float32,noise_snr20db,test,Soldiers_Marching-SoundBible_uid-0eax5q,0,0.0,0
PC float32,noise_snr20db,test,Soldiers_Marching-SoundBible_uid-4m3auc,0,0.0,0
PC float32,noise_snr20db,test,Soldiers_Marching-SoundBible_uid-51ygbj,0,4.368211931160872e-38,0
PC float32,noise_snr20db,test,Soldiers_Marching-SoundBible_uid-5xkxw1,0,0.0,0
PC float32,noise_snr20db,test,Soldiers_Marching-SoundBible_uid-bqrx9i,0,0.0,0
PC float32,noise_snr20db,test,Sports_Bar Patrons Loud-SoundBible_uid-0qx8ca,0,0.0,0
PC float32,noise_snr20db,test,Steam_Engine-John-1826274710_uid-1hznao,0,0.0,0
PC float32,noise_snr20db,test,Steam_Engine-John-1826274710_uid-9qykmv,0,0.0,0
PC float32,noise_snr20db,test,Steam_Engine-John-1826274710_uid-pe5dcl,0,0.0,0
PC float32,noise_snr20db,test,Swimming_Pool Ambiance-SoundBible_uid-thd1td,0,0.0,0
PC float32,noise_snr20db,test,Temple_Bell Huge-SoundBible_uid-vwd9pv,0,3.5831626554738705e-10,0
PC float32,noise_snr20db,test,Tornado_Siren_II-Delilah-747233690_uid-9imkus,0,0.0,0
PC float32,noise_snr20db,test,Tornado_Siren_II-Delilah-747233690_uid-k23l64,0,0.0,0
PC float32,noise_snr20db,test,Tornado_Siren_II-Delilah-747233690_uid-yu5cjs,0,0.0,0
PC float32,noise_snr20db,test,Tornado_Siren_SoundBible_uid-6dnh9z,0,0.0,0
PC float32,noise_snr20db,test,Tornado_Siren_SoundBible_uid-g7d17q,0,0.0,0
PC float32,noise_snr20db,test,Walking-SoundBible_uid-62j3do,0,0.0,0
PC float32,noise_snr20db,test,Walking_In_Snow-SoundBible_uid-hoifci,0,1.6515208523186708e-17,0
PC float32,noise_snr20db,test,Walking_On_Gravel-SoundBible_uid-7duozg,0,1.2910901572604748e-20,0
PC float32,noise_snr20db,test,Walking_On_Gravel-SoundBible_uid-fi611q,0,1.958911590419094e-17,0
PC float32,noise_snr20db,test,Walking_On_Gravel-SoundBible_uid-jhzvu7,0,0.0,0
PC float32,noise_snr20db,test,Winston_Churchill Nazi Speech-SoundBible_uid-2unyd8,0,2.3521654448405956e-28,0
PC float32,noise_snr20db,test,Winston_Churchill Nazi Speech-SoundBible_uid-761zdn,0,1.2481216493982435e-34,0
PC float32,noise_snr20db,test,Winston_Churchill Nazi Speech-SoundBible_uid-g4x51s,0,0.0,0
PC float32,noise_snr20db,test,Winston_Churchill Nazi Speech-SoundBible_uid-jp39dv,0,2.7214217337576234e-18,0
PC float32,noise_snr20db,test,Winston_Churchill Nazi Speech-SoundBible_uid-rwukdv,0,0.0,0
PC float32,noise_snr20db,test,Woman_Screaming 2-SoundBible_uid-c9acqz,0,0.0,0
PC float32,noise_snr20db,test,church_chime-daniel_simon (1)_uid-zsrdac,0,0.0,0
PC float32,noise_snr20db,test,church_chime-daniel_simon_uid-bbyw01,0,0.0,0
PC float32,noise_snr20db,test,church_chime-daniel_simon_uid-sxzijw,0,0.0,0
PC float32,noise_snr20db,test,doberman_pincher_daniel-simion_uid-348sts,0,0.0,0
PC float32,noise_snr20db,test,doberman_pincher_daniel-simion_uid-4gutjw,0,0.0,0
PC float32,noise_snr20db,test,doberman_pincher_daniel-simion_uid-db2xc6,0,0.0,0
PC float32,noise_snr20db,test,doberman_pincher_daniel-simion_uid-m6nbjk,0,0.0,0
PC float32,noise_snr20db,test,german_shephard-daniel_simon (1)_uid-x57o4h,0,0.0,0
PC float32,noise_snr20db,test,german_shephard-daniel_simon_uid-35by3o,0,0.0,0
PC float32,noise_snr20db,test,hard_shoes_1-daniel_simon_uid-lqfqp3,0,0.0,0
PC float32,noise_snr20db,test,harley_davidson-daniel_simon_uid-3gnkx0,0,1.5371541817188472e-09,0
PC float32,noise_snr20db,test,harley_davidson-daniel_simon_uid-5tbvav,0,7.423090462622961e-14,0
PC float32,noise_snr20db,test,labrador_barking-daniel_simon_uid-cpx5m6,0,0.0,0
PC float32,noise_snr20db,test,labrador_barking-daniel_simon_uid-cvf4k1,0,0.0,0
PC float32,noise_snr20db,test,labrador_barking-daniel_simon_uid-j0e09a,0,0.0,0
PC float32,noise_snr20db,test,labrador_barking-daniel_simon_uid-mwgdoo,0,0.0,0
PC float32,noise_snr20db,test,labrador_barking-daniel_simon_uid-p1nd4y,0,0.0,0
PC float32,noise_snr20db,test,labrador_barking-daniel_simon_uid-px7218,0,0.0,0
PC float32,noise_snr20db,test,muscle_car-daniel_simon (1)_uid-hvisfn,0,8.819035360956116e-26,0
PC float32,noise_snr20db,test,muscle_car-daniel_simon_uid-jpcsdl,0,1.5892240335288701e-22,0
PC float32,noise_snr20db,test,old_car-engine_daniel_simion_uid-2lzarp,0,0.0,0
PC float32,noise_snr20db,test,old_car-engine_daniel_simion_uid-5xyl64,0,0.0,0
PC float32,noise_snr20db,test,old_car-engine_daniel_simion_uid-8mfyeb,0,0.0,0
PC float32,noise_snr20db,test,old_car-engine_daniel_simion_uid-9xmt28,0,0.0,0
PC float32,noise_snr20db,test,old_fashioned-door-bell-daniel_simon_uid-1bqwmt,0,0.0,0
PC float32,noise_snr20db,test,old_fashioned-door-bell-daniel_simon_uid-8q7aiq,0,0.0,0
PC float32,noise_snr20db,test,party_crowd-daniel_simon_uid-8pwj7x,0,0.0,0
PC float32,noise_snr20db,test,party_crowd-daniel_simon_uid-vroqkp,0,0.0,0
PC float32,noise_snr20db,test,railroad_crossing_bell-Brylon_Terry-1551570865 (1)_uid-55is8o,0,0.0,0
PC float32,noise_snr20db,test,railroad_crossing_bell-Brylon_Terry-1551570865 (1)_uid-6mnkqh,0,0.0,0
PC float32,noise_snr20db,test,railroad_crossing_bell-Brylon_Terry-1551570865 (1)_uid-mi9sxj,0,0.0,0
PC float32,noise_snr20db,test,railroad_crossing_bell-Brylon_Terry-1551570865 (1)_uid-n15yft,0,0.0,0
PC float32,noise_snr20db,test,railroad_crossing_bell-Brylon_Terry-1551570865 (1)_uid-vxl8al,0,0.0,0
PC float32,noise_snr20db,test,railroad_crossing_bell-Brylon_Terry-1551570865 (1)_uid-waev1t,0,0.0,0
PC float32,noise_snr20db,test,railroad_crossing_bell-Brylon_Terry-1551570865 (1)_uid-zyz59r,0,0.0,0
PC float32,noise_snr20db,test,railroad_crossing_bell-Brylon_Terry-1551570865_uid-ejhzbl,0,0.0,0
PC float32,noise_snr20db,test,railroad_crossing_bell-Brylon_Terry-1551570865_uid-po2yqk,0,0.0,0
PC float32,noise_snr20db,test,tolling_bell_daniel-simion_uid-kg3lrg,0,0.0,0
PC float32,noise_snr20db,test,tolling_bell_daniel-simion_uid-witt3h,0,0.0,0
PC int8,noise_snr20db,test,0003_0397s_shot_019_ch1,1,0.99609375,1
PC int8,noise_snr20db,test,0005_0580s_shot_006_ch1,1,0.99609375,1
PC int8,noise_snr20db,test,0005_0607s_shot_150_ch1,1,0.99609375,1
PC int8,noise_snr20db,test,0005_0631s_shot_173_ch1,1,0.99609375,1
PC int8,noise_snr20db,test,0005_0632s_shot_176_ch1,1,0.99609375,1
PC int8,noise_snr20db,test,0005_0662s_shot_201_ch1,1,0.99609375,1
PC int8,noise_snr20db,test,0005_0685s_shot_220_ch1,1,0.99609375,1
PC int8,noise_snr20db,test,0005_0700s_shot_037_ch1,1,0.99609375,1
PC int8,noise_snr20db,test,0011_0226s_shot_011_ch1,1,0.99609375,1
PC int8,noise_snr20db,test,0011_0333s_shot_018_ch1,1,0.5,1
PC int8,noise_snr20db,test,171236__alukahn__gunshot2_uid-fcn21d,0,0.0,0
PC int8,noise_snr20db,test,371041__morganpurkis__single-gunshot-3_uid-1k053k,0,0.0,0
PC int8,noise_snr20db,test,384687__morganpurkis__single-gunshot-42_uid-u9d6r1,0,0.0,0
PC int8,noise_snr20db,test,384689__dobroide__20170318gunshotparadiso_uid-kwsehz,0,0.0,0
PC int8,noise_snr20db,test,384689__dobroide__20170318gunshotparadiso_uid-pjl13d,0,0.0,0
PC int8,noise_snr20db,test,402008__eardeer__gunshot__high_3_uid-4j4q67,0,0.0,0
PC int8,noise_snr20db,test,402791__acidsnowflake__ak47-and-various-other-gunshots-at-indoor-shooting-range_uid-6aezru,0,0.0,0
PC int8,noise_snr20db,test,402791__acidsnowflake__ak47-and-various-other-gunshots-at-indoor-shooting-range_uid-byjlki,0,0.0,0
PC int8,noise_snr20db,test,402791__acidsnowflake__ak47-and-various-other-gunshots-at-indoor-shooting-range_uid-garl1l,0,0.0,0
PC int8,noise_snr20db,test,402791__acidsnowflake__ak47-and-various-other-gunshots-at-indoor-shooting-range_uid-l3ibfo,0,0.0,0
PC int8,noise_snr20db,test,402791__acidsnowflake__ak47-and-various-other-gunshots-at-indoor-shooting-range_uid-qe3eyz,0,0.0,0
PC int8,noise_snr20db,test,405132__fstagi__gunshots_uid-xcyi0z,0,0.0,0
PC int8,noise_snr20db,test,51470__smcameron__synthetic_gunshot_2_uid-vatpwv,0,0.0,0
PC int8,noise_snr20db,test,518181__bolkmar__fx-gunshot_uid-al1o0i,0,0.0,0
PC int8,noise_snr20db,test,518181__bolkmar__fx-gunshot_uid-es96l9,0,0.0,0
PC int8,noise_snr20db,test,518181__bolkmar__fx-gunshot_uid-j3vsmz,0,0.0,0
PC int8,noise_snr20db,test,519623__nathanchurchyard__gunshots_uid-kvxx3q,0,0.0,0
PC int8,noise_snr20db,test,683312__pnmcarrierailfan__pistol-gunshot-mix-weapons_uid-tmmoay,0,0.0,0
PC int8,noise_snr20db,test,Amusement_Park Ambiance -SoundBible_uid-2t9w3e,0,0.0,0
PC int8,noise_snr20db,test,Amusement_Park Ambiance -SoundBible_uid-jwv6lq,0,0.0,0
PC int8,noise_snr20db,test,Amusement_Park Ambiance -SoundBible_uid-l24o63,0,0.0,0
PC int8,noise_snr20db,test,Background_Noise-SoundBible_uid-m7qaag,0,0.0,0
PC int8,noise_snr20db,test,Background_Noise-SoundBible_uid-mnn2bm,0,0.0,0
PC int8,noise_snr20db,test,Bi_Polar_Uncle-ScanMan-1810098860_uid-b8uks2,0,0.0,0
PC int8,noise_snr20db,test,Bi_Polar_Uncle-ScanMan-1810098860_uid-evaiic,0,0.0,0
PC int8,noise_snr20db,test,Bi_Polar_Uncle-ScanMan-1810098860_uid-l7n0jt,0,0.0,0
PC int8,noise_snr20db,test,Bi_Polar_Uncle-ScanMan-1810098860_uid-omv54z,0,0.0,0
PC int8,noise_snr20db,test,Bi_Polar_Uncle-ScanMan-1810098860_uid-p90ljg,0,0.0,0
PC int8,noise_snr20db,test,Big_door_closed-Clemens_F-941522533_uid-n02it9,0,0.0,0
PC int8,noise_snr20db,test,Cellar_Door Slam Shut-SoundBible_uid-pg4dq8,0,0.0,0
PC int8,noise_snr20db,test,Citty_Traffic Ambiance-SoundBible_uid-87yimc,0,0.0,0
PC int8,noise_snr20db,test,Citty_Traffic Ambiance-SoundBible_uid-8vk0wx,0,0.0,0
PC int8,noise_snr20db,test,Citty_Traffic Ambiance-SoundBible_uid-mxbe2e,0,0.0,0
PC int8,noise_snr20db,test,Citty_Traffic Ambiance-SoundBible_uid-q0srdn,0,0.0,0
PC int8,noise_snr20db,test,City_Ambiance-SoundBible_uid-8yrqh9,0,0.0,0
PC int8,noise_snr20db,test,City_Ambiance-SoundBible_uid-t8xlgr,0,0.0,0
PC int8,noise_snr20db,test,Classroom_Ambiance-SoundBible_uid-q49pv1,0,0.0,0
PC int8,noise_snr20db,test,Classroom_Ambiance-SoundBible_uid-qfbdk0,0,0.0,0
PC int8,noise_snr20db,test,Classroom_Ambiance-SoundBible_uid-uu3ewb,0,0.0,0
PC int8,noise_snr20db,test,Classroom_Ambiance-SoundBible_uid-xdl758,0,0.0,0
PC int8,noise_snr20db,test,Close_Vault_Or_Jail_Door-SoundBible_uid-lasl2n,0,0.0,0
PC int8,noise_snr20db,test,Dog_Barking-SoundBible_uid-3uyzqt,0,0.0,0
PC int8,noise_snr20db,test,Dog_Barking-SoundBible_uid-udwefz,0,0.0,0
PC int8,noise_snr20db,test,Dogs_Barking-SoundBible_uid-0ftva8,0,0.0,0
PC int8,noise_snr20db,test,Dogs_Barking-SoundBible_uid-itlawo,0,0.0,0
PC int8,noise_snr20db,test,Dogs_Barking-SoundBible_uid-k8qbi9,0,0.0,0
PC int8,noise_snr20db,test,End_of_Game-Mike_Koenig-617089079_uid-0scusn,0,0.0,0
PC int8,noise_snr20db,test,Engine_Inside_Car-SoundBible_uid-as3jed,0,0.0,0
PC int8,noise_snr20db,test,Fast_Heel_Walk-Kyanna_Johnson-1646343608_uid-8u9yx0,0,0.0,0
PC int8,noise_snr20db,test,Fast_Heel_Walk-Kyanna_Johnson-1646343608_uid-9pwmgu,0,0.0,0
PC int8,noise_snr20db,test,Female_Scream_Horror-NeoPhyTe-138499973_uid-w7fb5j,0,0.0,0
PC int8,noise_snr20db,test,Footsteps_SoundBible_uid-4v6zy1,0,0.0,0
PC int8,noise_snr20db,test,Footsteps_SoundBible_uid-dg95vk,0,0.0,0
PC int8,noise_snr20db,test,Footsteps_SoundBible_uid-hnz36f,0,0.0,0
PC int8,noise_snr20db,test,Frying_Pan_Impact-SoundBible_uid-nbylf3,0,0.0,0
PC int8,noise_snr20db,test,Indian_Bell-SoundBible_uid-t0u6xu,0,0.0,0
PC int8,noise_snr20db,test,Japanese_Temple Bell Small-SoundBible_uid-3fhudh,0,0.0,0
PC int8,noise_snr20db,test,Japanese_Temple Bell Small-SoundBible_uid-8kpqn1,0,0.0,0
PC int8,noise_snr20db,test,Large_Door_Slam-SoundBible_uid-ljg1k3,0,0.0,0
PC int8,noise_snr20db,test,Little_Girl_Talking-Mike_Koenig-782373463_uid-bstw5g,0,0.0,0
PC int8,noise_snr20db,test,Metal_Gong-Dianakc-109711828_uid-hlegwg,0,0.0,0
PC int8,noise_snr20db,test,Motorcycle_Engine-SoundBible_uid-bo8n5y,0,0.0,0
PC int8,noise_snr20db,test,Neighborhood_Dogs Barking-SoundBible_uid-6a1kho,0,0.0,0
PC int8,noise_snr20db,test,Neighborhood_Dogs Barking-SoundBible_uid-7mwktq,0,0.0,0
PC int8,noise_snr20db,test,Neighborhood_Dogs Barking-SoundBible_uid-dwmjp4,0,0.0,0
PC int8,noise_snr20db,test,Neighborhood_Dogs Barking-SoundBible_uid-kc7h7x,0,0.0,0
PC int8,noise_snr20db,test,Neighborhood_Dogs Barking-SoundBible_uid-p7gr4b,0,0.0,0
PC int8,noise_snr20db,test,Neighborhood_Dogs Barking-SoundBible_uid-rq1qkq,0,0.0,0
PC int8,noise_snr20db,test,Obama_Speech Liar-SoundBible_uid-8mnhtv,0,0.0,0
PC int8,noise_snr20db,test,Old_Door_Creaking-SoundBible_uid-e16ryq,0,0.0,0
PC int8,noise_snr20db,test,Old_Door_Creaking-SoundBible_uid-f2vs74,0,0.0,0
PC int8,noise_snr20db,test,Old_Door_Creaking-SoundBible_uid-ozrhlo,0,0.0,0
PC int8,noise_snr20db,test,Old_Door_Creaking-SoundBible_uid-q6uf3u,0,0.0,0
PC int8,noise_snr20db,test,Police Siren 3-SoundBible_uid-nytspf,0,0.0,0
PC int8,noise_snr20db,test,Police_Siren-SoundBible_uid-uyk0z0,0,0.0,0
PC int8,noise_snr20db,test,Psycho_Scream-SoundBible_uid-4qhwlo,0,0.0,0
PC int8,noise_snr20db,test,Psycho_Scream-SoundBible_uid-uococi,0,0.0,0
PC int8,noise_snr20db,test,Puppy_Dog Barking-SoundBible_uid-130qr7,0,0.0,0
PC int8,noise_snr20db,test,Puppy_Dog Barking-SoundBible_uid-zrfwba,0,0.0,0
PC int8,noise_snr20db,test,Race_Car Idle-SoundBible_uid-5il88u,0,0.0,0
PC int8,noise_snr20db,test,Race_Car Idle-SoundBible_uid-bjwy2y,0,0.0,0
PC int8,noise_snr20db,test,Race_Car Idle-SoundBible_uid-i7dn0k,0,0.0,0
PC int8,noise_snr20db,test,Restaurant Walla Track-SoundBible_uid-19b0uq,0,0.0,0
PC int8,noise_snr20db,test,Restaurant Walla Track-SoundBible_uid-e11kg8,0,0.0,0
PC int8,noise_snr20db,test,Restaurant Walla Track-SoundBible_uid-fk59q6,0,0.0,0
PC int8,noise_snr20db,test,School_Fire_Alarm-Cullen_Card-202875844_uid-rfkm7v,0,0.0,0
PC int8,noise_snr20db,test,Shift_Gears-SoundBible_uid-cvmuj8,0,0.0,0
PC int8,noise_snr20db,test,Ship_Bell-Mike_Koenig-1911209136_uid-e2z0y7,0,0.0,0
PC int8,noise_snr20db,test,Ship_Brass_Bell-Mike_Koenig-1458750630_uid-oksrz0,0,0.0,0
PC int8,noise_snr20db,test,Shopping_Mall Ambiance-SoundBible_uid-fa5yaq,0,0.0,0
PC int8,noise_snr20db,test,Sleigh_Bells_Ringing-SoundBible_uid-i52bxo,0,0.0,0
PC int8,noise_snr20db,test,Sleigh_Bells_Ringing-SoundBible_uid-xjtewi,0,0.0,0
PC int8,noise_snr20db,test,Soldiers_Marching-SoundBible_uid-0eax5q,0,0.0,0
PC int8,noise_snr20db,test,Soldiers_Marching-SoundBible_uid-4m3auc,0,0.0,0
PC int8,noise_snr20db,test,Soldiers_Marching-SoundBible_uid-51ygbj,0,0.0,0
PC int8,noise_snr20db,test,Soldiers_Marching-SoundBible_uid-5xkxw1,0,0.0,0
PC int8,noise_snr20db,test,Soldiers_Marching-SoundBible_uid-bqrx9i,0,0.0,0
PC int8,noise_snr20db,test,Sports_Bar Patrons Loud-SoundBible_uid-0qx8ca,0,0.0,0
PC int8,noise_snr20db,test,Steam_Engine-John-1826274710_uid-1hznao,0,0.0,0
PC int8,noise_snr20db,test,Steam_Engine-John-1826274710_uid-9qykmv,0,0.0,0
PC int8,noise_snr20db,test,Steam_Engine-John-1826274710_uid-pe5dcl,0,0.0,0
PC int8,noise_snr20db,test,Swimming_Pool Ambiance-SoundBible_uid-thd1td,0,0.0,0
PC int8,noise_snr20db,test,Temple_Bell Huge-SoundBible_uid-vwd9pv,0,0.0,0
PC int8,noise_snr20db,test,Tornado_Siren_II-Delilah-747233690_uid-9imkus,0,0.0,0
PC int8,noise_snr20db,test,Tornado_Siren_II-Delilah-747233690_uid-k23l64,0,0.0,0
PC int8,noise_snr20db,test,Tornado_Siren_II-Delilah-747233690_uid-yu5cjs,0,0.0,0
PC int8,noise_snr20db,test,Tornado_Siren_SoundBible_uid-6dnh9z,0,0.0,0
PC int8,noise_snr20db,test,Tornado_Siren_SoundBible_uid-g7d17q,0,0.0,0
PC int8,noise_snr20db,test,Walking-SoundBible_uid-62j3do,0,0.0,0
PC int8,noise_snr20db,test,Walking_In_Snow-SoundBible_uid-hoifci,0,0.0,0
PC int8,noise_snr20db,test,Walking_On_Gravel-SoundBible_uid-7duozg,0,0.0,0
PC int8,noise_snr20db,test,Walking_On_Gravel-SoundBible_uid-fi611q,0,0.0,0
PC int8,noise_snr20db,test,Walking_On_Gravel-SoundBible_uid-jhzvu7,0,0.0,0
PC int8,noise_snr20db,test,Winston_Churchill Nazi Speech-SoundBible_uid-2unyd8,0,0.0,0
PC int8,noise_snr20db,test,Winston_Churchill Nazi Speech-SoundBible_uid-761zdn,0,0.0,0
PC int8,noise_snr20db,test,Winston_Churchill Nazi Speech-SoundBible_uid-g4x51s,0,0.0,0
PC int8,noise_snr20db,test,Winston_Churchill Nazi Speech-SoundBible_uid-jp39dv,0,0.0,0
PC int8,noise_snr20db,test,Winston_Churchill Nazi Speech-SoundBible_uid-rwukdv,0,0.0,0
PC int8,noise_snr20db,test,Woman_Screaming 2-SoundBible_uid-c9acqz,0,0.0,0
PC int8,noise_snr20db,test,church_chime-daniel_simon (1)_uid-zsrdac,0,0.0,0
PC int8,noise_snr20db,test,church_chime-daniel_simon_uid-bbyw01,0,0.0,0
PC int8,noise_snr20db,test,church_chime-daniel_simon_uid-sxzijw,0,0.0,0
PC int8,noise_snr20db,test,doberman_pincher_daniel-simion_uid-348sts,0,0.0,0
PC int8,noise_snr20db,test,doberman_pincher_daniel-simion_uid-4gutjw,0,0.0,0
PC int8,noise_snr20db,test,doberman_pincher_daniel-simion_uid-db2xc6,0,0.0,0
PC int8,noise_snr20db,test,doberman_pincher_daniel-simion_uid-m6nbjk,0,0.0,0
PC int8,noise_snr20db,test,german_shephard-daniel_simon (1)_uid-x57o4h,0,0.0,0
PC int8,noise_snr20db,test,german_shephard-daniel_simon_uid-35by3o,0,0.0,0
PC int8,noise_snr20db,test,hard_shoes_1-daniel_simon_uid-lqfqp3,0,0.0,0
PC int8,noise_snr20db,test,harley_davidson-daniel_simon_uid-3gnkx0,0,0.0,0
PC int8,noise_snr20db,test,harley_davidson-daniel_simon_uid-5tbvav,0,0.0,0
PC int8,noise_snr20db,test,labrador_barking-daniel_simon_uid-cpx5m6,0,0.0,0
PC int8,noise_snr20db,test,labrador_barking-daniel_simon_uid-cvf4k1,0,0.0,0
PC int8,noise_snr20db,test,labrador_barking-daniel_simon_uid-j0e09a,0,0.0,0
PC int8,noise_snr20db,test,labrador_barking-daniel_simon_uid-mwgdoo,0,0.0,0
PC int8,noise_snr20db,test,labrador_barking-daniel_simon_uid-p1nd4y,0,0.0,0
PC int8,noise_snr20db,test,labrador_barking-daniel_simon_uid-px7218,0,0.0,0
PC int8,noise_snr20db,test,muscle_car-daniel_simon (1)_uid-hvisfn,0,0.0,0
PC int8,noise_snr20db,test,muscle_car-daniel_simon_uid-jpcsdl,0,0.0,0
PC int8,noise_snr20db,test,old_car-engine_daniel_simion_uid-2lzarp,0,0.0,0
PC int8,noise_snr20db,test,old_car-engine_daniel_simion_uid-5xyl64,0,0.0,0
PC int8,noise_snr20db,test,old_car-engine_daniel_simion_uid-8mfyeb,0,0.0,0
PC int8,noise_snr20db,test,old_car-engine_daniel_simion_uid-9xmt28,0,0.0,0
PC int8,noise_snr20db,test,old_fashioned-door-bell-daniel_simon_uid-1bqwmt,0,0.0,0
PC int8,noise_snr20db,test,old_fashioned-door-bell-daniel_simon_uid-8q7aiq,0,0.0,0
PC int8,noise_snr20db,test,party_crowd-daniel_simon_uid-8pwj7x,0,0.0,0
PC int8,noise_snr20db,test,party_crowd-daniel_simon_uid-vroqkp,0,0.0,0
PC int8,noise_snr20db,test,railroad_crossing_bell-Brylon_Terry-1551570865 (1)_uid-55is8o,0,0.0,0
PC int8,noise_snr20db,test,railroad_crossing_bell-Brylon_Terry-1551570865 (1)_uid-6mnkqh,0,0.0,0
PC int8,noise_snr20db,test,railroad_crossing_bell-Brylon_Terry-1551570865 (1)_uid-mi9sxj,0,0.0,0
PC int8,noise_snr20db,test,railroad_crossing_bell-Brylon_Terry-1551570865 (1)_uid-n15yft,0,0.0,0
PC int8,noise_snr20db,test,railroad_crossing_bell-Brylon_Terry-1551570865 (1)_uid-vxl8al,0,0.0,0
PC int8,noise_snr20db,test,railroad_crossing_bell-Brylon_Terry-1551570865 (1)_uid-waev1t,0,0.0,0
PC int8,noise_snr20db,test,railroad_crossing_bell-Brylon_Terry-1551570865 (1)_uid-zyz59r,0,0.0,0
PC int8,noise_snr20db,test,railroad_crossing_bell-Brylon_Terry-1551570865_uid-ejhzbl,0,0.0,0
PC int8,noise_snr20db,test,railroad_crossing_bell-Brylon_Terry-1551570865_uid-po2yqk,0,0.0,0
PC int8,noise_snr20db,test,tolling_bell_daniel-simion_uid-kg3lrg,0,0.0,0
PC int8,noise_snr20db,test,tolling_bell_daniel-simion_uid-witt3h,0,0.0,0
PC float32,noise_snr10db,test,0003_0397s_shot_019_ch1,1,1.0,1
PC float32,noise_snr10db,test,0005_0580s_shot_006_ch1,1,1.0,1
PC float32,noise_snr10db,test,0005_0607s_shot_150_ch1,1,0.9999998807907104,1
PC float32,noise_snr10db,test,0005_0631s_shot_173_ch1,1,1.0,1
PC float32,noise_snr10db,test,0005_0632s_shot_176_ch1,1,0.9999939203262329,1
PC float32,noise_snr10db,test,0005_0662s_shot_201_ch1,1,1.0,1
PC float32,noise_snr10db,test,0005_0685s_shot_220_ch1,1,1.0,1
PC float32,noise_snr10db,test,0005_0700s_shot_037_ch1,1,1.0,1
PC float32,noise_snr10db,test,0011_0226s_shot_011_ch1,1,0.9961429238319397,1
PC float32,noise_snr10db,test,0011_0333s_shot_018_ch1,1,0.5349106788635254,1
PC float32,noise_snr10db,test,171236__alukahn__gunshot2_uid-fcn21d,0,4.862067474184395e-21,0
PC float32,noise_snr10db,test,371041__morganpurkis__single-gunshot-3_uid-1k053k,0,2.8662551286020957e-28,0
PC float32,noise_snr10db,test,384687__morganpurkis__single-gunshot-42_uid-u9d6r1,0,2.143479945548714e-18,0
PC float32,noise_snr10db,test,384689__dobroide__20170318gunshotparadiso_uid-kwsehz,0,0.0,0
PC float32,noise_snr10db,test,384689__dobroide__20170318gunshotparadiso_uid-pjl13d,0,0.0,0
PC float32,noise_snr10db,test,402008__eardeer__gunshot__high_3_uid-4j4q67,0,0.0,0
PC float32,noise_snr10db,test,402791__acidsnowflake__ak47-and-various-other-gunshots-at-indoor-shooting-range_uid-6aezru,0,0.0,0
PC float32,noise_snr10db,test,402791__acidsnowflake__ak47-and-various-other-gunshots-at-indoor-shooting-range_uid-byjlki,0,0.0,0
PC float32,noise_snr10db,test,402791__acidsnowflake__ak47-and-various-other-gunshots-at-indoor-shooting-range_uid-garl1l,0,0.0,0
PC float32,noise_snr10db,test,402791__acidsnowflake__ak47-and-various-other-gunshots-at-indoor-shooting-range_uid-l3ibfo,0,0.0,0
PC float32,noise_snr10db,test,402791__acidsnowflake__ak47-and-various-other-gunshots-at-indoor-shooting-range_uid-qe3eyz,0,0.0,0
PC float32,noise_snr10db,test,405132__fstagi__gunshots_uid-xcyi0z,0,3.3960028275194144e-38,0
PC float32,noise_snr10db,test,51470__smcameron__synthetic_gunshot_2_uid-vatpwv,0,3.0383076055073843e-09,0
PC float32,noise_snr10db,test,518181__bolkmar__fx-gunshot_uid-al1o0i,0,0.0,0
PC float32,noise_snr10db,test,518181__bolkmar__fx-gunshot_uid-es96l9,0,6.935375667857513e-13,0
PC float32,noise_snr10db,test,518181__bolkmar__fx-gunshot_uid-j3vsmz,0,0.0,0
PC float32,noise_snr10db,test,519623__nathanchurchyard__gunshots_uid-kvxx3q,0,7.368968859966764e-20,0
PC float32,noise_snr10db,test,683312__pnmcarrierailfan__pistol-gunshot-mix-weapons_uid-tmmoay,0,5.7067286605867025e-30,0
PC float32,noise_snr10db,test,Amusement_Park Ambiance -SoundBible_uid-2t9w3e,0,1.9611735666520105e-36,0
PC float32,noise_snr10db,test,Amusement_Park Ambiance -SoundBible_uid-jwv6lq,0,6.990348916653056e-23,0
PC float32,noise_snr10db,test,Amusement_Park Ambiance -SoundBible_uid-l24o63,0,4.313107014011948e-15,0
PC float32,noise_snr10db,test,Background_Noise-SoundBible_uid-m7qaag,0,9.842766530709923e-07,0
PC float32,noise_snr10db,test,Background_Noise-SoundBible_uid-mnn2bm,0,3.524383828334976e-06,0
PC float32,noise_snr10db,test,Bi_Polar_Uncle-ScanMan-1810098860_uid-b8uks2,0,0.0,0
PC float32,noise_snr10db,test,Bi_Polar_Uncle-ScanMan-1810098860_uid-evaiic,0,0.0,0
PC float32,noise_snr10db,test,Bi_Polar_Uncle-ScanMan-1810098860_uid-l7n0jt,0,0.0,0
PC float32,noise_snr10db,test,Bi_Polar_Uncle-ScanMan-1810098860_uid-omv54z,0,0.0,0
PC float32,noise_snr10db,test,Bi_Polar_Uncle-ScanMan-1810098860_uid-p90ljg,0,0.0,0
PC float32,noise_snr10db,test,Big_door_closed-Clemens_F-941522533_uid-n02it9,0,0.0,0
PC float32,noise_snr10db,test,Cellar_Door Slam Shut-SoundBible_uid-pg4dq8,0,5.889266076680413e-32,0
PC float32,noise_snr10db,test,Citty_Traffic Ambiance-SoundBible_uid-87yimc,0,0.0,0
PC float32,noise_snr10db,test,Citty_Traffic Ambiance-SoundBible_uid-8vk0wx,0,0.0,0
PC float32,noise_snr10db,test,Citty_Traffic Ambiance-SoundBible_uid-mxbe2e,0,0.0,0
PC float32,noise_snr10db,test,Citty_Traffic Ambiance-SoundBible_uid-q0srdn,0,0.0,0
PC float32,noise_snr10db,test,City_Ambiance-SoundBible_uid-8yrqh9,0,0.0,0
PC float32,noise_snr10db,test,City_Ambiance-SoundBible_uid-t8xlgr,0,0.0,0
PC float32,noise_snr10db,test,Classroom_Ambiance-SoundBible_uid-q49pv1,0,1.4129013514718736e-09,0
PC float32,noise_snr10db,test,Classroom_Ambiance-SoundBible_uid-qfbdk0,0,1.0696781238550557e-08,0
PC float32,noise_snr10db,test,Classroom_Ambiance-SoundBible_uid-uu3ewb,0,1.2404838045654287e-08,0
PC float32,noise_snr10db,test,Classroom_Ambiance-SoundBible_uid-xdl758,0,1.24383863209232e-08,0
PC float32,noise_snr10db,test,Close_Vault_Or_Jail_Door-SoundBible_uid-lasl2n,0,3.1025194857647875e-07,0
PC float32,noise_snr10db,test,Dog_Barking-SoundBible_uid-3uyzqt,0,0.0,0
PC float32,noise_snr10db,test,Dog_Barking-SoundBible_uid-udwefz,0,0.0,0
PC float32,noise_snr10db,test,Dogs_Barking-SoundBible_uid-0ftva8,0,0.0,0
PC float32,noise_snr10db,test,Dogs_Barking-SoundBible_uid-itlawo,0,0.0,0
PC float32,noise_snr10db,test,Dogs_Barking-SoundBible_uid-k8qbi9,0,0.0,0
PC float32,noise_snr10db,test,End_of_Game-Mike_Koenig-617089079_uid-0scusn,0,0.0,0
PC float32,noise_snr10db,test,Engine_Inside_Car-SoundBible_uid-as3jed,0,3.34042779286392e-05,0
PC float32,noise_snr10db,test,Fast_Heel_Walk-Kyanna_Johnson-1646343608_uid-8u9yx0,0,0.0,0
PC float32,noise_snr10db,test,Fast_Heel_Walk-Kyanna_Johnson-1646343608_uid-9pwmgu,0,0.0,0
PC float32,noise_snr10db,test,Female_Scream_Horror-NeoPhyTe-138499973_uid-w7fb5j,0,0.0,0
PC float32,noise_snr10db,test,Footsteps_SoundBible_uid-4v6zy1,0,0.0,0
PC float32,noise_snr10db,test,Footsteps_SoundBible_uid-dg95vk,0,0.0,0
PC float32,noise_snr10db,test,Footsteps_SoundBible_uid-hnz36f,0,4.3357974616431717e-19,0
PC float32,noise_snr10db,test,Frying_Pan_Impact-SoundBible_uid-nbylf3,0,0.0,0
PC float32,noise_snr10db,test,Indian_Bell-SoundBible_uid-t0u6xu,0,0.0,0
PC float32,noise_snr10db,test,Japanese_Temple Bell Small-SoundBible_uid-3fhudh,0,0.0,0
PC float32,noise_snr10db,test,Japanese_Temple Bell Small-SoundBible_uid-8kpqn1,0,0.0,0
PC float32,noise_snr10db,test,Large_Door_Slam-SoundBible_uid-ljg1k3,0,8.376903792850499e-08,0
PC float32,noise_snr10db,test,Little_Girl_Talking-Mike_Koenig-782373463_uid-bstw5g,0,0.0,0
PC float32,noise_snr10db,test,Metal_Gong-Dianakc-109711828_uid-hlegwg,0,9.722513283350054e-08,0
PC float32,noise_snr10db,test,Motorcycle_Engine-SoundBible_uid-bo8n5y,0,4.454382609292429e-12,0
PC float32,noise_snr10db,test,Neighborhood_Dogs Barking-SoundBible_uid-6a1kho,0,0.0,0
PC float32,noise_snr10db,test,Neighborhood_Dogs Barking-SoundBible_uid-7mwktq,0,0.0,0
PC float32,noise_snr10db,test,Neighborhood_Dogs Barking-SoundBible_uid-dwmjp4,0,0.0,0
PC float32,noise_snr10db,test,Neighborhood_Dogs Barking-SoundBible_uid-kc7h7x,0,0.0,0
PC float32,noise_snr10db,test,Neighborhood_Dogs Barking-SoundBible_uid-p7gr4b,0,0.0,0
PC float32,noise_snr10db,test,Neighborhood_Dogs Barking-SoundBible_uid-rq1qkq,0,0.0,0
PC float32,noise_snr10db,test,Obama_Speech Liar-SoundBible_uid-8mnhtv,0,0.0,0
PC float32,noise_snr10db,test,Old_Door_Creaking-SoundBible_uid-e16ryq,0,8.318332923367905e-30,0
PC float32,noise_snr10db,test,Old_Door_Creaking-SoundBible_uid-f2vs74,0,2.106733012004003e-26,0
PC float32,noise_snr10db,test,Old_Door_Creaking-SoundBible_uid-ozrhlo,0,2.2422918230533895e-16,0
PC float32,noise_snr10db,test,Old_Door_Creaking-SoundBible_uid-q6uf3u,0,6.258570125200793e-27,0
PC float32,noise_snr10db,test,Police Siren 3-SoundBible_uid-nytspf,0,0.0,0
PC float32,noise_snr10db,test,Police_Siren-SoundBible_uid-uyk0z0,0,0.0,0
PC float32,noise_snr10db,test,Psycho_Scream-SoundBible_uid-4qhwlo,0,0.0,0
PC float32,noise_snr10db,test,Psycho_Scream-SoundBible_uid-uococi,0,0.0,0
PC float32,noise_snr10db,test,Puppy_Dog Barking-SoundBible_uid-130qr7,0,0.0,0
PC float32,noise_snr10db,test,Puppy_Dog Barking-SoundBible_uid-zrfwba,0,0.0,0
PC float32,noise_snr10db,test,Race_Car Idle-SoundBible_uid-5il88u,0,0.0,0
PC float32,noise_snr10db,test,Race_Car Idle-SoundBible_uid-bjwy2y,0,0.0,0
PC float32,noise_snr10db,test,Race_Car Idle-SoundBible_uid-i7dn0k,0,0.0,0
PC float32,noise_snr10db,test,Restaurant Walla Track-SoundBible_uid-19b0uq,0,0.0,0
PC float32,noise_snr10db,test,Restaurant Walla Track-SoundBible_uid-e11kg8,0,0.0,0
PC float32,noise_snr10db,test,Restaurant Walla Track-SoundBible_uid-fk59q6,0,0.0,0
PC float32,noise_snr10db,test,School_Fire_Alarm-Cullen_Card-202875844_uid-rfkm7v,0,0.0,0
PC float32,noise_snr10db,test,Shift_Gears-SoundBible_uid-cvmuj8,0,0.0,0
PC float32,noise_snr10db,test,Ship_Bell-Mike_Koenig-1911209136_uid-e2z0y7,0,0.0,0
PC float32,noise_snr10db,test,Ship_Brass_Bell-Mike_Koenig-1458750630_uid-oksrz0,0,0.0,0
PC float32,noise_snr10db,test,Shopping_Mall Ambiance-SoundBible_uid-fa5yaq,0,0.0,0
PC float32,noise_snr10db,test,Sleigh_Bells_Ringing-SoundBible_uid-i52bxo,0,0.0,0
PC float32,noise_snr10db,test,Sleigh_Bells_Ringing-SoundBible_uid-xjtewi,0,0.0,0
PC float32,noise_snr10db,test,Soldiers_Marching-SoundBible_uid-0eax5q,0,0.0,0
PC float32,noise_snr10db,test,Soldiers_Marching-SoundBible_uid-4m3auc,0,3.6471369577981196e-36,0
PC float32,noise_snr10db,test,Soldiers_Marching-SoundBible_uid-51ygbj,0,7.498126475657754e-36,0
PC float32,noise_snr10db,test,Soldiers_Marching-SoundBible_uid-5xkxw1,0,0.0,0
PC float32,noise_snr10db,test,Soldiers_Marching-SoundBible_uid-bqrx9i,0,0.0,0
PC float32,noise_snr10db,test,Sports_Bar Patrons Loud-SoundBible_uid-0qx8ca,0,0.0,0
PC float32,noise_snr10db,test,Steam_Engine-John-1826274710_uid-1hznao,0,0.0,0
PC float32,noise_snr10db,test,Steam_Engine-John-1826274710_uid-9qykmv,0,0.0,0
PC float32,noise_snr10db,test,Steam_Engine-John-1826274710_uid-pe5dcl,0,0.0,0
PC float32,noise_snr10db,test,Swimming_Pool Ambiance-SoundBible_uid-thd1td,0,0.0,0
PC float32,noise_snr10db,test,Temple_Bell Huge-SoundBible_uid-vwd9pv,0,2.4737141757213976e-07,0
PC float32,noise_snr10db,test,Tornado_Siren_II-Delilah-747233690_uid-9imkus,0,0.0,0
PC float32,noise_snr10db,test,Tornado_Siren_II-Delilah-747233690_uid-k23l64,0,0.0,0
PC float32,noise_snr10db,test,Tornado_Siren_II-Delilah-747233690_uid-yu5cjs,0,0.0,0
PC float32,noise_snr10db,test,Tornado_Siren_SoundBible_uid-6dnh9z,0,0.0,0
PC float32,noise_snr10db,test,Tornado_Siren_SoundBible_uid-g7d17q,0,0.0,0
PC float32,noise_snr10db,test,Walking-SoundBible_uid-62j3do,0,0.0,0
PC float32,noise_snr10db,test,Walking_In_Snow-SoundBible_uid-hoifci,0,7.845336617116312e-19,0
PC float32,noise_snr10db,test,Walking_On_Gravel-SoundBible_uid-7duozg,0,4.527898052293167e-15,0
PC float32,noise_snr10db,test,Walking_On_Gravel-SoundBible_uid-fi611q,0,1.6539348287204075e-14,0
PC float32,noise_snr10db,test,Walking_On_Gravel-SoundBible_uid-jhzvu7,0,0.0,0
PC float32,noise_snr10db,test,Winston_Churchill Nazi Speech-SoundBible_uid-2unyd8,0,3.6686157584009393e-11,0
PC float32,noise_snr10db,test,Winston_Churchill Nazi Speech-SoundBible_uid-761zdn,0,9.708558103458651e-20,0
PC float32,noise_snr10db,test,Winston_Churchill Nazi Speech-SoundBible_uid-g4x51s,0,0.0,0
PC float32,noise_snr10db,test,Winston_Churchill Nazi Speech-SoundBible_uid-jp39dv,0,1.739090782815934e-18,0
PC float32,noise_snr10db,test,Winston_Churchill Nazi Speech-SoundBible_uid-rwukdv,0,0.0,0
PC float32,noise_snr10db,test,Woman_Screaming 2-SoundBible_uid-c9acqz,0,0.0,0
PC float32,noise_snr10db,test,church_chime-daniel_simon (1)_uid-zsrdac,0,0.0,0
PC float32,noise_snr10db,test,church_chime-daniel_simon_uid-bbyw01,0,0.0,0
PC float32,noise_snr10db,test,church_chime-daniel_simon_uid-sxzijw,0,0.0,0
PC float32,noise_snr10db,test,doberman_pincher_daniel-simion_uid-348sts,0,0.0,0
PC float32,noise_snr10db,test,doberman_pincher_daniel-simion_uid-4gutjw,0,0.0,0
PC float32,noise_snr10db,test,doberman_pincher_daniel-simion_uid-db2xc6,0,0.0,0
PC float32,noise_snr10db,test,doberman_pincher_daniel-simion_uid-m6nbjk,0,0.0,0
PC float32,noise_snr10db,test,german_shephard-daniel_simon (1)_uid-x57o4h,0,0.0,0
PC float32,noise_snr10db,test,german_shephard-daniel_simon_uid-35by3o,0,0.0,0
PC float32,noise_snr10db,test,hard_shoes_1-daniel_simon_uid-lqfqp3,0,0.0,0
PC float32,noise_snr10db,test,harley_davidson-daniel_simon_uid-3gnkx0,0,3.967712269847823e-10,0
PC float32,noise_snr10db,test,harley_davidson-daniel_simon_uid-5tbvav,0,1.9822208783363483e-18,0
PC float32,noise_snr10db,test,labrador_barking-daniel_simon_uid-cpx5m6,0,0.0,0
PC float32,noise_snr10db,test,labrador_barking-daniel_simon_uid-cvf4k1,0,0.0,0
PC float32,noise_snr10db,test,labrador_barking-daniel_simon_uid-j0e09a,0,0.0,0
PC float32,noise_snr10db,test,labrador_barking-daniel_simon_uid-mwgdoo,0,0.0,0
PC float32,noise_snr10db,test,labrador_barking-daniel_simon_uid-p1nd4y,0,0.0,0
PC float32,noise_snr10db,test,labrador_barking-daniel_simon_uid-px7218,0,0.0,0
PC float32,noise_snr10db,test,muscle_car-daniel_simon (1)_uid-hvisfn,0,2.476792415382222e-21,0
PC float32,noise_snr10db,test,muscle_car-daniel_simon_uid-jpcsdl,0,1.2582822154008633e-12,0
PC float32,noise_snr10db,test,old_car-engine_daniel_simion_uid-2lzarp,0,0.0,0
PC float32,noise_snr10db,test,old_car-engine_daniel_simion_uid-5xyl64,0,0.0,0
PC float32,noise_snr10db,test,old_car-engine_daniel_simion_uid-8mfyeb,0,0.0,0
PC float32,noise_snr10db,test,old_car-engine_daniel_simion_uid-9xmt28,0,0.0,0
PC float32,noise_snr10db,test,old_fashioned-door-bell-daniel_simon_uid-1bqwmt,0,0.0,0
PC float32,noise_snr10db,test,old_fashioned-door-bell-daniel_simon_uid-8q7aiq,0,0.0,0
PC float32,noise_snr10db,test,party_crowd-daniel_simon_uid-8pwj7x,0,0.0,0
PC float32,noise_snr10db,test,party_crowd-daniel_simon_uid-vroqkp,0,0.0,0
PC float32,noise_snr10db,test,railroad_crossing_bell-Brylon_Terry-1551570865 (1)_uid-55is8o,0,0.0,0
PC float32,noise_snr10db,test,railroad_crossing_bell-Brylon_Terry-1551570865 (1)_uid-6mnkqh,0,0.0,0
PC float32,noise_snr10db,test,railroad_crossing_bell-Brylon_Terry-1551570865 (1)_uid-mi9sxj,0,0.0,0
PC float32,noise_snr10db,test,railroad_crossing_bell-Brylon_Terry-1551570865 (1)_uid-n15yft,0,0.0,0
PC float32,noise_snr10db,test,railroad_crossing_bell-Brylon_Terry-1551570865 (1)_uid-vxl8al,0,0.0,0
PC float32,noise_snr10db,test,railroad_crossing_bell-Brylon_Terry-1551570865 (1)_uid-waev1t,0,0.0,0
PC float32,noise_snr10db,test,railroad_crossing_bell-Brylon_Terry-1551570865 (1)_uid-zyz59r,0,0.0,0
PC float32,noise_snr10db,test,railroad_crossing_bell-Brylon_Terry-1551570865_uid-ejhzbl,0,0.0,0
PC float32,noise_snr10db,test,railroad_crossing_bell-Brylon_Terry-1551570865_uid-po2yqk,0,0.0,0
PC float32,noise_snr10db,test,tolling_bell_daniel-simion_uid-kg3lrg,0,0.0,0
PC float32,noise_snr10db,test,tolling_bell_daniel-simion_uid-witt3h,0,0.0,0
PC int8,noise_snr10db,test,0003_0397s_shot_019_ch1,1,0.99609375,1
PC int8,noise_snr10db,test,0005_0580s_shot_006_ch1,1,0.99609375,1
PC int8,noise_snr10db,test,0005_0607s_shot_150_ch1,1,0.99609375,1
PC int8,noise_snr10db,test,0005_0631s_shot_173_ch1,1,0.99609375,1
PC int8,noise_snr10db,test,0005_0632s_shot_176_ch1,1,0.99609375,1
PC int8,noise_snr10db,test,0005_0662s_shot_201_ch1,1,0.99609375,1
PC int8,noise_snr10db,test,0005_0685s_shot_220_ch1,1,0.99609375,1
PC int8,noise_snr10db,test,0005_0700s_shot_037_ch1,1,0.99609375,1
PC int8,noise_snr10db,test,0011_0226s_shot_011_ch1,1,0.99609375,1
PC int8,noise_snr10db,test,0011_0333s_shot_018_ch1,1,0.5,1
PC int8,noise_snr10db,test,171236__alukahn__gunshot2_uid-fcn21d,0,0.0,0
PC int8,noise_snr10db,test,371041__morganpurkis__single-gunshot-3_uid-1k053k,0,0.0,0
PC int8,noise_snr10db,test,384687__morganpurkis__single-gunshot-42_uid-u9d6r1,0,0.0,0
PC int8,noise_snr10db,test,384689__dobroide__20170318gunshotparadiso_uid-kwsehz,0,0.0,0
PC int8,noise_snr10db,test,384689__dobroide__20170318gunshotparadiso_uid-pjl13d,0,0.0,0
PC int8,noise_snr10db,test,402008__eardeer__gunshot__high_3_uid-4j4q67,0,0.0,0
PC int8,noise_snr10db,test,402791__acidsnowflake__ak47-and-various-other-gunshots-at-indoor-shooting-range_uid-6aezru,0,0.0,0
PC int8,noise_snr10db,test,402791__acidsnowflake__ak47-and-various-other-gunshots-at-indoor-shooting-range_uid-byjlki,0,0.0,0
PC int8,noise_snr10db,test,402791__acidsnowflake__ak47-and-various-other-gunshots-at-indoor-shooting-range_uid-garl1l,0,0.0,0
PC int8,noise_snr10db,test,402791__acidsnowflake__ak47-and-various-other-gunshots-at-indoor-shooting-range_uid-l3ibfo,0,0.0,0
PC int8,noise_snr10db,test,402791__acidsnowflake__ak47-and-various-other-gunshots-at-indoor-shooting-range_uid-qe3eyz,0,0.0,0
PC int8,noise_snr10db,test,405132__fstagi__gunshots_uid-xcyi0z,0,0.0,0
PC int8,noise_snr10db,test,51470__smcameron__synthetic_gunshot_2_uid-vatpwv,0,0.0,0
PC int8,noise_snr10db,test,518181__bolkmar__fx-gunshot_uid-al1o0i,0,0.0,0
PC int8,noise_snr10db,test,518181__bolkmar__fx-gunshot_uid-es96l9,0,0.0,0
PC int8,noise_snr10db,test,518181__bolkmar__fx-gunshot_uid-j3vsmz,0,0.0,0
PC int8,noise_snr10db,test,519623__nathanchurchyard__gunshots_uid-kvxx3q,0,0.0,0
PC int8,noise_snr10db,test,683312__pnmcarrierailfan__pistol-gunshot-mix-weapons_uid-tmmoay,0,0.0,0
PC int8,noise_snr10db,test,Amusement_Park Ambiance -SoundBible_uid-2t9w3e,0,0.0,0
PC int8,noise_snr10db,test,Amusement_Park Ambiance -SoundBible_uid-jwv6lq,0,0.0,0
PC int8,noise_snr10db,test,Amusement_Park Ambiance -SoundBible_uid-l24o63,0,0.0,0
PC int8,noise_snr10db,test,Background_Noise-SoundBible_uid-m7qaag,0,0.0,0
PC int8,noise_snr10db,test,Background_Noise-SoundBible_uid-mnn2bm,0,0.0,0
PC int8,noise_snr10db,test,Bi_Polar_Uncle-ScanMan-1810098860_uid-b8uks2,0,0.0,0
PC int8,noise_snr10db,test,Bi_Polar_Uncle-ScanMan-1810098860_uid-evaiic,0,0.0,0
PC int8,noise_snr10db,test,Bi_Polar_Uncle-ScanMan-1810098860_uid-l7n0jt,0,0.0,0
PC int8,noise_snr10db,test,Bi_Polar_Uncle-ScanMan-1810098860_uid-omv54z,0,0.0,0
PC int8,noise_snr10db,test,Bi_Polar_Uncle-ScanMan-1810098860_uid-p90ljg,0,0.0,0
PC int8,noise_snr10db,test,Big_door_closed-Clemens_F-941522533_uid-n02it9,0,0.0,0
PC int8,noise_snr10db,test,Cellar_Door Slam Shut-SoundBible_uid-pg4dq8,0,0.0,0
PC int8,noise_snr10db,test,Citty_Traffic Ambiance-SoundBible_uid-87yimc,0,0.0,0
PC int8,noise_snr10db,test,Citty_Traffic Ambiance-SoundBible_uid-8vk0wx,0,0.0,0
PC int8,noise_snr10db,test,Citty_Traffic Ambiance-SoundBible_uid-mxbe2e,0,0.0,0
PC int8,noise_snr10db,test,Citty_Traffic Ambiance-SoundBible_uid-q0srdn,0,0.0,0
PC int8,noise_snr10db,test,City_Ambiance-SoundBible_uid-8yrqh9,0,0.0,0
PC int8,noise_snr10db,test,City_Ambiance-SoundBible_uid-t8xlgr,0,0.0,0
PC int8,noise_snr10db,test,Classroom_Ambiance-SoundBible_uid-q49pv1,0,0.0,0
PC int8,noise_snr10db,test,Classroom_Ambiance-SoundBible_uid-qfbdk0,0,0.0,0
PC int8,noise_snr10db,test,Classroom_Ambiance-SoundBible_uid-uu3ewb,0,0.0,0
PC int8,noise_snr10db,test,Classroom_Ambiance-SoundBible_uid-xdl758,0,0.0,0
PC int8,noise_snr10db,test,Close_Vault_Or_Jail_Door-SoundBible_uid-lasl2n,0,0.0,0
PC int8,noise_snr10db,test,Dog_Barking-SoundBible_uid-3uyzqt,0,0.0,0
PC int8,noise_snr10db,test,Dog_Barking-SoundBible_uid-udwefz,0,0.0,0
PC int8,noise_snr10db,test,Dogs_Barking-SoundBible_uid-0ftva8,0,0.0,0
PC int8,noise_snr10db,test,Dogs_Barking-SoundBible_uid-itlawo,0,0.0,0
PC int8,noise_snr10db,test,Dogs_Barking-SoundBible_uid-k8qbi9,0,0.0,0
PC int8,noise_snr10db,test,End_of_Game-Mike_Koenig-617089079_uid-0scusn,0,0.0,0
PC int8,noise_snr10db,test,Engine_Inside_Car-SoundBible_uid-as3jed,0,0.0,0
PC int8,noise_snr10db,test,Fast_Heel_Walk-Kyanna_Johnson-1646343608_uid-8u9yx0,0,0.0,0
PC int8,noise_snr10db,test,Fast_Heel_Walk-Kyanna_Johnson-1646343608_uid-9pwmgu,0,0.0,0
PC int8,noise_snr10db,test,Female_Scream_Horror-NeoPhyTe-138499973_uid-w7fb5j,0,0.0,0
PC int8,noise_snr10db,test,Footsteps_SoundBible_uid-4v6zy1,0,0.0,0
PC int8,noise_snr10db,test,Footsteps_SoundBible_uid-dg95vk,0,0.0,0
PC int8,noise_snr10db,test,Footsteps_SoundBible_uid-hnz36f,0,0.0,0
PC int8,noise_snr10db,test,Frying_Pan_Impact-SoundBible_uid-nbylf3,0,0.0,0
PC int8,noise_snr10db,test,Indian_Bell-SoundBible_uid-t0u6xu,0,0.0,0
PC int8,noise_snr10db,test,Japanese_Temple Bell Small-SoundBible_uid-3fhudh,0,0.0,0
PC int8,noise_snr10db,test,Japanese_Temple Bell Small-SoundBible_uid-8kpqn1,0,0.0,0
PC int8,noise_snr10db,test,Large_Door_Slam-SoundBible_uid-ljg1k3,0,0.0,0
PC int8,noise_snr10db,test,Little_Girl_Talking-Mike_Koenig-782373463_uid-bstw5g,0,0.0,0
PC int8,noise_snr10db,test,Metal_Gong-Dianakc-109711828_uid-hlegwg,0,0.0,0
PC int8,noise_snr10db,test,Motorcycle_Engine-SoundBible_uid-bo8n5y,0,0.0,0
PC int8,noise_snr10db,test,Neighborhood_Dogs Barking-SoundBible_uid-6a1kho,0,0.0,0
PC int8,noise_snr10db,test,Neighborhood_Dogs Barking-SoundBible_uid-7mwktq,0,0.0,0
PC int8,noise_snr10db,test,Neighborhood_Dogs Barking-SoundBible_uid-dwmjp4,0,0.0,0
PC int8,noise_snr10db,test,Neighborhood_Dogs Barking-SoundBible_uid-kc7h7x,0,0.0,0
PC int8,noise_snr10db,test,Neighborhood_Dogs Barking-SoundBible_uid-p7gr4b,0,0.0,0
PC int8,noise_snr10db,test,Neighborhood_Dogs Barking-SoundBible_uid-rq1qkq,0,0.0,0
PC int8,noise_snr10db,test,Obama_Speech Liar-SoundBible_uid-8mnhtv,0,0.0,0
PC int8,noise_snr10db,test,Old_Door_Creaking-SoundBible_uid-e16ryq,0,0.0,0
PC int8,noise_snr10db,test,Old_Door_Creaking-SoundBible_uid-f2vs74,0,0.0,0
PC int8,noise_snr10db,test,Old_Door_Creaking-SoundBible_uid-ozrhlo,0,0.0,0
PC int8,noise_snr10db,test,Old_Door_Creaking-SoundBible_uid-q6uf3u,0,0.0,0
PC int8,noise_snr10db,test,Police Siren 3-SoundBible_uid-nytspf,0,0.0,0
PC int8,noise_snr10db,test,Police_Siren-SoundBible_uid-uyk0z0,0,0.0,0
PC int8,noise_snr10db,test,Psycho_Scream-SoundBible_uid-4qhwlo,0,0.0,0
PC int8,noise_snr10db,test,Psycho_Scream-SoundBible_uid-uococi,0,0.0,0
PC int8,noise_snr10db,test,Puppy_Dog Barking-SoundBible_uid-130qr7,0,0.0,0
PC int8,noise_snr10db,test,Puppy_Dog Barking-SoundBible_uid-zrfwba,0,0.0,0
PC int8,noise_snr10db,test,Race_Car Idle-SoundBible_uid-5il88u,0,0.0,0
PC int8,noise_snr10db,test,Race_Car Idle-SoundBible_uid-bjwy2y,0,0.0,0
PC int8,noise_snr10db,test,Race_Car Idle-SoundBible_uid-i7dn0k,0,0.0,0
PC int8,noise_snr10db,test,Restaurant Walla Track-SoundBible_uid-19b0uq,0,0.0,0
PC int8,noise_snr10db,test,Restaurant Walla Track-SoundBible_uid-e11kg8,0,0.0,0
PC int8,noise_snr10db,test,Restaurant Walla Track-SoundBible_uid-fk59q6,0,0.0,0
PC int8,noise_snr10db,test,School_Fire_Alarm-Cullen_Card-202875844_uid-rfkm7v,0,0.0,0
PC int8,noise_snr10db,test,Shift_Gears-SoundBible_uid-cvmuj8,0,0.0,0
PC int8,noise_snr10db,test,Ship_Bell-Mike_Koenig-1911209136_uid-e2z0y7,0,0.0,0
PC int8,noise_snr10db,test,Ship_Brass_Bell-Mike_Koenig-1458750630_uid-oksrz0,0,0.0,0
PC int8,noise_snr10db,test,Shopping_Mall Ambiance-SoundBible_uid-fa5yaq,0,0.0,0
PC int8,noise_snr10db,test,Sleigh_Bells_Ringing-SoundBible_uid-i52bxo,0,0.0,0
PC int8,noise_snr10db,test,Sleigh_Bells_Ringing-SoundBible_uid-xjtewi,0,0.0,0
PC int8,noise_snr10db,test,Soldiers_Marching-SoundBible_uid-0eax5q,0,0.0,0
PC int8,noise_snr10db,test,Soldiers_Marching-SoundBible_uid-4m3auc,0,0.0,0
PC int8,noise_snr10db,test,Soldiers_Marching-SoundBible_uid-51ygbj,0,0.0,0
PC int8,noise_snr10db,test,Soldiers_Marching-SoundBible_uid-5xkxw1,0,0.0,0
PC int8,noise_snr10db,test,Soldiers_Marching-SoundBible_uid-bqrx9i,0,0.0,0
PC int8,noise_snr10db,test,Sports_Bar Patrons Loud-SoundBible_uid-0qx8ca,0,0.0,0
PC int8,noise_snr10db,test,Steam_Engine-John-1826274710_uid-1hznao,0,0.0,0
PC int8,noise_snr10db,test,Steam_Engine-John-1826274710_uid-9qykmv,0,0.0,0
PC int8,noise_snr10db,test,Steam_Engine-John-1826274710_uid-pe5dcl,0,0.0,0
PC int8,noise_snr10db,test,Swimming_Pool Ambiance-SoundBible_uid-thd1td,0,0.0,0
PC int8,noise_snr10db,test,Temple_Bell Huge-SoundBible_uid-vwd9pv,0,0.0,0
PC int8,noise_snr10db,test,Tornado_Siren_II-Delilah-747233690_uid-9imkus,0,0.0,0
PC int8,noise_snr10db,test,Tornado_Siren_II-Delilah-747233690_uid-k23l64,0,0.0,0
PC int8,noise_snr10db,test,Tornado_Siren_II-Delilah-747233690_uid-yu5cjs,0,0.0,0
PC int8,noise_snr10db,test,Tornado_Siren_SoundBible_uid-6dnh9z,0,0.0,0
PC int8,noise_snr10db,test,Tornado_Siren_SoundBible_uid-g7d17q,0,0.0,0
PC int8,noise_snr10db,test,Walking-SoundBible_uid-62j3do,0,0.0,0
PC int8,noise_snr10db,test,Walking_In_Snow-SoundBible_uid-hoifci,0,0.0,0
PC int8,noise_snr10db,test,Walking_On_Gravel-SoundBible_uid-7duozg,0,0.0,0
PC int8,noise_snr10db,test,Walking_On_Gravel-SoundBible_uid-fi611q,0,0.0,0
PC int8,noise_snr10db,test,Walking_On_Gravel-SoundBible_uid-jhzvu7,0,0.0,0
PC int8,noise_snr10db,test,Winston_Churchill Nazi Speech-SoundBible_uid-2unyd8,0,0.0,0
PC int8,noise_snr10db,test,Winston_Churchill Nazi Speech-SoundBible_uid-761zdn,0,0.0,0
PC int8,noise_snr10db,test,Winston_Churchill Nazi Speech-SoundBible_uid-g4x51s,0,0.0,0
PC int8,noise_snr10db,test,Winston_Churchill Nazi Speech-SoundBible_uid-jp39dv,0,0.0,0
PC int8,noise_snr10db,test,Winston_Churchill Nazi Speech-SoundBible_uid-rwukdv,0,0.0,0
PC int8,noise_snr10db,test,Woman_Screaming 2-SoundBible_uid-c9acqz,0,0.0,0
PC int8,noise_snr10db,test,church_chime-daniel_simon (1)_uid-zsrdac,0,0.0,0
PC int8,noise_snr10db,test,church_chime-daniel_simon_uid-bbyw01,0,0.0,0
PC int8,noise_snr10db,test,church_chime-daniel_simon_uid-sxzijw,0,0.0,0
PC int8,noise_snr10db,test,doberman_pincher_daniel-simion_uid-348sts,0,0.0,0
PC int8,noise_snr10db,test,doberman_pincher_daniel-simion_uid-4gutjw,0,0.0,0
PC int8,noise_snr10db,test,doberman_pincher_daniel-simion_uid-db2xc6,0,0.0,0
PC int8,noise_snr10db,test,doberman_pincher_daniel-simion_uid-m6nbjk,0,0.0,0
PC int8,noise_snr10db,test,german_shephard-daniel_simon (1)_uid-x57o4h,0,0.0,0
PC int8,noise_snr10db,test,german_shephard-daniel_simon_uid-35by3o,0,0.0,0
PC int8,noise_snr10db,test,hard_shoes_1-daniel_simon_uid-lqfqp3,0,0.0,0
PC int8,noise_snr10db,test,harley_davidson-daniel_simon_uid-3gnkx0,0,0.0,0
PC int8,noise_snr10db,test,harley_davidson-daniel_simon_uid-5tbvav,0,0.0,0
PC int8,noise_snr10db,test,labrador_barking-daniel_simon_uid-cpx5m6,0,0.0,0
PC int8,noise_snr10db,test,labrador_barking-daniel_simon_uid-cvf4k1,0,0.0,0
PC int8,noise_snr10db,test,labrador_barking-daniel_simon_uid-j0e09a,0,0.0,0
PC int8,noise_snr10db,test,labrador_barking-daniel_simon_uid-mwgdoo,0,0.0,0
PC int8,noise_snr10db,test,labrador_barking-daniel_simon_uid-p1nd4y,0,0.0,0
PC int8,noise_snr10db,test,labrador_barking-daniel_simon_uid-px7218,0,0.0,0
PC int8,noise_snr10db,test,muscle_car-daniel_simon (1)_uid-hvisfn,0,0.0,0
PC int8,noise_snr10db,test,muscle_car-daniel_simon_uid-jpcsdl,0,0.0,0
PC int8,noise_snr10db,test,old_car-engine_daniel_simion_uid-2lzarp,0,0.0,0
PC int8,noise_snr10db,test,old_car-engine_daniel_simion_uid-5xyl64,0,0.0,0
PC int8,noise_snr10db,test,old_car-engine_daniel_simion_uid-8mfyeb,0,0.0,0
PC int8,noise_snr10db,test,old_car-engine_daniel_simion_uid-9xmt28,0,0.0,0
PC int8,noise_snr10db,test,old_fashioned-door-bell-daniel_simon_uid-1bqwmt,0,0.0,0
PC int8,noise_snr10db,test,old_fashioned-door-bell-daniel_simon_uid-8q7aiq,0,0.0,0
PC int8,noise_snr10db,test,party_crowd-daniel_simon_uid-8pwj7x,0,0.0,0
PC int8,noise_snr10db,test,party_crowd-daniel_simon_uid-vroqkp,0,0.0,0
PC int8,noise_snr10db,test,railroad_crossing_bell-Brylon_Terry-1551570865 (1)_uid-55is8o,0,0.0,0
PC int8,noise_snr10db,test,railroad_crossing_bell-Brylon_Terry-1551570865 (1)_uid-6mnkqh,0,0.0,0
PC int8,noise_snr10db,test,railroad_crossing_bell-Brylon_Terry-1551570865 (1)_uid-mi9sxj,0,0.0,0
PC int8,noise_snr10db,test,railroad_crossing_bell-Brylon_Terry-1551570865 (1)_uid-n15yft,0,0.0,0
PC int8,noise_snr10db,test,railroad_crossing_bell-Brylon_Terry-1551570865 (1)_uid-vxl8al,0,0.0,0
PC int8,noise_snr10db,test,railroad_crossing_bell-Brylon_Terry-1551570865 (1)_uid-waev1t,0,0.0,0
PC int8,noise_snr10db,test,railroad_crossing_bell-Brylon_Terry-1551570865 (1)_uid-zyz59r,0,0.0,0
PC int8,noise_snr10db,test,railroad_crossing_bell-Brylon_Terry-1551570865_uid-ejhzbl,0,0.0,0
PC int8,noise_snr10db,test,railroad_crossing_bell-Brylon_Terry-1551570865_uid-po2yqk,0,0.0,0
PC int8,noise_snr10db,test,tolling_bell_daniel-simion_uid-kg3lrg,0,0.0,0
PC int8,noise_snr10db,test,tolling_bell_daniel-simion_uid-witt3h,0,0.0,0
PC float32,noise_snr5db,test,0003_0397s_shot_019_ch1,1,0.9999999403953552,1
PC float32,noise_snr5db,test,0005_0580s_shot_006_ch1,1,1.0,1
PC float32,noise_snr5db,test,0005_0607s_shot_150_ch1,1,0.9999998807907104,1
PC float32,noise_snr5db,test,0005_0631s_shot_173_ch1,1,1.0,1
PC float32,noise_snr5db,test,0005_0632s_shot_176_ch1,1,0.9999991655349731,1
PC float32,noise_snr5db,test,0005_0662s_shot_201_ch1,1,1.0,1
PC float32,noise_snr5db,test,0005_0685s_shot_220_ch1,1,1.0,1
PC float32,noise_snr5db,test,0005_0700s_shot_037_ch1,1,1.0,1
PC float32,noise_snr5db,test,0011_0226s_shot_011_ch1,1,0.99843430519104,1
PC float32,noise_snr5db,test,0011_0333s_shot_018_ch1,1,0.27385061979293823,0
PC float32,noise_snr5db,test,171236__alukahn__gunshot2_uid-fcn21d,0,8.149082410503742e-28,0
PC float32,noise_snr5db,test,371041__morganpurkis__single-gunshot-3_uid-1k053k,0,1.2816052666676251e-27,0
PC float32,noise_snr5db,test,384687__morganpurkis__single-gunshot-42_uid-u9d6r1,0,2.0448364681201203e-13,0
PC float32,noise_snr5db,test,384689__dobroide__20170318gunshotparadiso_uid-kwsehz,0,0.0,0
PC float32,noise_snr5db,test,384689__dobroide__20170318gunshotparadiso_uid-pjl13d,0,0.0,0
PC float32,noise_snr5db,test,402008__eardeer__gunshot__high_3_uid-4j4q67,0,0.0,0
PC float32,noise_snr5db,test,402791__acidsnowflake__ak47-and-various-other-gunshots-at-indoor-shooting-range_uid-6aezru,0,0.0,0
PC float32,noise_snr5db,test,402791__acidsnowflake__ak47-and-various-other-gunshots-at-indoor-shooting-range_uid-byjlki,0,0.0,0
PC float32,noise_snr5db,test,402791__acidsnowflake__ak47-and-various-other-gunshots-at-indoor-shooting-range_uid-garl1l,0,0.0,0
PC float32,noise_snr5db,test,402791__acidsnowflake__ak47-and-various-other-gunshots-at-indoor-shooting-range_uid-l3ibfo,0,0.0,0
PC float32,noise_snr5db,test,402791__acidsnowflake__ak47-and-various-other-gunshots-at-indoor-shooting-range_uid-qe3eyz,0,0.0,0
PC float32,noise_snr5db,test,405132__fstagi__gunshots_uid-xcyi0z,0,4.159402243055541e-26,0
PC float32,noise_snr5db,test,51470__smcameron__synthetic_gunshot_2_uid-vatpwv,0,9.475054696395091e-08,0
PC float32,noise_snr5db,test,518181__bolkmar__fx-gunshot_uid-al1o0i,0,0.0,0
PC float32,noise_snr5db,test,518181__bolkmar__fx-gunshot_uid-es96l9,0,5.320418328125243e-09,0
PC float32,noise_snr5db,test,518181__bolkmar__fx-gunshot_uid-j3vsmz,0,1.0224782085534256e-36,0
PC float32,noise_snr5db,test,519623__nathanchurchyard__gunshots_uid-kvxx3q,0,7.917141783811876e-16,0
PC float32,noise_snr5db,test,683312__pnmcarrierailfan__pistol-gunshot-mix-weapons_uid-tmmoay,0,1.132353110345677e-23,0
PC float32,noise_snr5db,test,Amusement_Park Ambiance -SoundBible_uid-2t9w3e,0,5.9926008646924224e-34,0
PC float32,noise_snr5db,test,Amusement_Park Ambiance -SoundBible_uid-jwv6lq,0,1.531644101091768e-31,0
PC float32,noise_snr5db,test,Amusement_Park Ambiance -SoundBible_uid-l24o63,0,1.4377476260322292e-14,0
PC float32,noise_snr5db,test,Background_Noise-SoundBible_uid-m7qaag,0,2.145099642802961e-06,0
PC float32,noise_snr5db,test,Background_Noise-SoundBible_uid-mnn2bm,0,6.998624634468528e-14,0
PC float32,noise_snr5db,test,Bi_Polar_Uncle-ScanMan-1810098860_uid-b8uks2,0,0.0,0
PC float32,noise_snr5db,test,Bi_Polar_Uncle-ScanMan-1810098860_uid-evaiic,0,0.0,0
PC float32,noise_snr5db,test,Bi_Polar_Uncle-ScanMan-1810098860_uid-l7n0jt,0,0.0,0
PC float32,noise_snr5db,test,Bi_Polar_Uncle-ScanMan-1810098860_uid-omv54z,0,0.0,0
PC float32,noise_snr5db,test,Bi_Polar_Uncle-ScanMan-1810098860_uid-p90ljg,0,0.0,0
PC float32,noise_snr5db,test,Big_door_closed-Clemens_F-941522533_uid-n02it9,0,0.0,0
PC float32,noise_snr5db,test,Cellar_Door Slam Shut-SoundBible_uid-pg4dq8,0,2.1457872445963362e-33,0
PC float32,noise_snr5db,test,Citty_Traffic Ambiance-SoundBible_uid-87yimc,0,0.0,0
PC float32,noise_snr5db,test,Citty_Traffic Ambiance-SoundBible_uid-8vk0wx,0,0.0,0
PC float32,noise_snr5db,test,Citty_Traffic Ambiance-SoundBible_uid-mxbe2e,0,0.0,0
PC float32,noise_snr5db,test,Citty_Traffic Ambiance-SoundBible_uid-q0srdn,0,0.0,0
PC float32,noise_snr5db,test,City_Ambiance-SoundBible_uid-8yrqh9,0,0.0,0
PC float32,noise_snr5db,test,City_Ambiance-SoundBible_uid-t8xlgr,0,0.0,0
PC float32,noise_snr5db,test,Classroom_Ambiance-SoundBible_uid-q49pv1,0,2.180325431311303e-08,0
PC float32,noise_snr5db,test,Classroom_Ambiance-SoundBible_uid-qfbdk0,0,5.913853442507389e-07,0
PC float32,noise_snr5db,test,Classroom_Ambiance-SoundBible_uid-uu3ewb,0,1.8987270422599067e-08,0
PC float32,noise_snr5db,test,Classroom_Ambiance-SoundBible_uid-xdl758,0,1.1631772878217816e-08,0
PC float32,noise_snr5db,test,Close_Vault_Or_Jail_Door-SoundBible_uid-lasl2n,0,2.0834576730521803e-07,0
PC float32,noise_snr5db,test,Dog_Barking-SoundBible_uid-3uyzqt,0,0.0,0
PC float32,noise_snr5db,test,Dog_Barking-SoundBible_uid-udwefz,0,0.0,0
PC float32,noise_snr5db,test,Dogs_Barking-SoundBible_uid-0ftva8,0,0.0,0
PC float32,noise_snr5db,test,Dogs_Barking-SoundBible_uid-itlawo,0,0.0,0
PC float32,noise_snr5db,test,Dogs_Barking-SoundBible_uid-k8qbi9,0,0.0,0
PC float32,noise_snr5db,test,End_of_Game-Mike_Koenig-617089079_uid-0scusn,0,0.0,0
PC float32,noise_snr5db,test,Engine_Inside_Car-SoundBible_uid-as3jed,0,3.3912343496922404e-05,0
PC float32,noise_snr5db,test,Fast_Heel_Walk-Kyanna_Johnson-1646343608_uid-8u9yx0,0,0.0,0
PC float32,noise_snr5db,test,Fast_Heel_Walk-Kyanna_Johnson-1646343608_uid-9pwmgu,0,0.0,0
PC float32,noise_snr5db,test,Female_Scream_Horror-NeoPhyTe-138499973_uid-w7fb5j,0,0.0,0
PC float32,noise_snr5db,test,Footsteps_SoundBible_uid-4v6zy1,0,0.0,0
PC float32,noise_snr5db,test,Footsteps_SoundBible_uid-dg95vk,0,0.0,0
PC float32,noise_snr5db,test,Footsteps_SoundBible_uid-hnz36f,0,9.470599041911494e-22,0
PC float32,noise_snr5db,test,Frying_Pan_Impact-SoundBible_uid-nbylf3,0,0.0,0
PC float32,noise_snr5db,test,Indian_Bell-SoundBible_uid-t0u6xu,0,0.0,0
PC float32,noise_snr5db,test,Japanese_Temple Bell Small-SoundBible_uid-3fhudh,0,0.0,0
PC float32,noise_snr5db,test,Japanese_Temple Bell Small-SoundBible_uid-8kpqn1,0,0.0,0
PC float32,noise_snr5db,test,Large_Door_Slam-SoundBible_uid-ljg1k3,0,4.6054859126343217e-07,0
PC float32,noise_snr5db,test,Little_Girl_Talking-Mike_Koenig-782373463_uid-bstw5g,0,0.0,0
PC float32,noise_snr5db,test,Metal_Gong-Dianakc-109711828_uid-hlegwg,0,2.727999572016415e-06,0
PC float32,noise_snr5db,test,Motorcycle_Engine-SoundBible_uid-bo8n5y,0,1.0365341722717858e-06,0
PC float32,noise_snr5db,test,Neighborhood_Dogs Barking-SoundBible_uid-6a1kho,0,0.0,0
PC float32,noise_snr5db,test,Neighborhood_Dogs Barking-SoundBible_uid-7mwktq,0,0.0,0
PC float32,noise_snr5db,test,Neighborhood_Dogs Barking-SoundBible_uid-dwmjp4,0,0.0,0
PC float32,noise_snr5db,test,Neighborhood_Dogs Barking-SoundBible_uid-kc7h7x,0,0.0,0
PC float32,noise_snr5db,test,Neighborhood_Dogs Barking-SoundBible_uid-p7gr4b,0,0.0,0
PC float32,noise_snr5db,test,Neighborhood_Dogs Barking-SoundBible_uid-rq1qkq,0,0.0,0
PC float32,noise_snr5db,test,Obama_Speech Liar-SoundBible_uid-8mnhtv,0,0.0,0
PC float32,noise_snr5db,test,Old_Door_Creaking-SoundBible_uid-e16ryq,0,2.4552203891511167e-22,0
PC float32,noise_snr5db,test,Old_Door_Creaking-SoundBible_uid-f2vs74,0,8.739160575037764e-27,0
PC float32,noise_snr5db,test,Old_Door_Creaking-SoundBible_uid-ozrhlo,0,1.3738249883102274e-18,0
PC float32,noise_snr5db,test,Old_Door_Creaking-SoundBible_uid-q6uf3u,0,2.0494332583563795e-31,0
PC float32,noise_snr5db,test,Police Siren 3-SoundBible_uid-nytspf,0,0.0,0
PC float32,noise_snr5db,test,Police_Siren-SoundBible_uid-uyk0z0,0,0.0,0
PC float32,noise_snr5db,test,Psycho_Scream-SoundBible_uid-4qhwlo,0,0.0,0
PC float32,noise_snr5db,test,Psycho_Scream-SoundBible_uid-uococi,0,0.0,0
PC float32,noise_snr5db,test,Puppy_Dog Barking-SoundBible_uid-130qr7,0,0.0,0
PC float32,noise_snr5db,test,Puppy_Dog Barking-SoundBible_uid-zrfwba,0,0.0,0
PC float32,noise_snr5db,test,Race_Car Idle-SoundBible_uid-5il88u,0,0.0,0
PC float32,noise_snr5db,test,Race_Car Idle-SoundBible_uid-bjwy2y,0,0.0,0
PC float32,noise_snr5db,test,Race_Car Idle-SoundBible_uid-i7dn0k,0,0.0,0
PC float32,noise_snr5db,test,Restaurant Walla Track-SoundBible_uid-19b0uq,0,0.0,0
PC float32,noise_snr5db,test,Restaurant Walla Track-SoundBible_uid-e11kg8,0,0.0,0
PC float32,noise_snr5db,test,Restaurant Walla Track-SoundBible_uid-fk59q6,0,0.0,0
PC float32,noise_snr5db,test,School_Fire_Alarm-Cullen_Card-202875844_uid-rfkm7v,0,0.0,0
PC float32,noise_snr5db,test,Shift_Gears-SoundBible_uid-cvmuj8,0,0.0,0
PC float32,noise_snr5db,test,Ship_Bell-Mike_Koenig-1911209136_uid-e2z0y7,0,0.0,0
PC float32,noise_snr5db,test,Ship_Brass_Bell-Mike_Koenig-1458750630_uid-oksrz0,0,0.0,0
PC float32,noise_snr5db,test,Shopping_Mall Ambiance-SoundBible_uid-fa5yaq,0,0.0,0
PC float32,noise_snr5db,test,Sleigh_Bells_Ringing-SoundBible_uid-i52bxo,0,0.0,0
PC float32,noise_snr5db,test,Sleigh_Bells_Ringing-SoundBible_uid-xjtewi,0,0.0,0
PC float32,noise_snr5db,test,Soldiers_Marching-SoundBible_uid-0eax5q,0,7.3198204161695715e-37,0
PC float32,noise_snr5db,test,Soldiers_Marching-SoundBible_uid-4m3auc,0,0.0,0
PC float32,noise_snr5db,test,Soldiers_Marching-SoundBible_uid-51ygbj,0,3.549531609608077e-37,0
PC float32,noise_snr5db,test,Soldiers_Marching-SoundBible_uid-5xkxw1,0,0.0,0
PC float32,noise_snr5db,test,Soldiers_Marching-SoundBible_uid-bqrx9i,0,0.0,0
PC float32,noise_snr5db,test,Sports_Bar Patrons Loud-SoundBible_uid-0qx8ca,0,0.0,0
PC float32,noise_snr5db,test,Steam_Engine-John-1826274710_uid-1hznao,0,0.0,0
PC float32,noise_snr5db,test,Steam_Engine-John-1826274710_uid-9qykmv,0,0.0,0
PC float32,noise_snr5db,test,Steam_Engine-John-1826274710_uid-pe5dcl,0,0.0,0
PC float32,noise_snr5db,test,Swimming_Pool Ambiance-SoundBible_uid-thd1td,0,0.0,0
PC float32,noise_snr5db,test,Temple_Bell Huge-SoundBible_uid-vwd9pv,0,1.5029257352527914e-11,0
PC float32,noise_snr5db,test,Tornado_Siren_II-Delilah-747233690_uid-9imkus,0,6.940204458342395e-32,0
PC float32,noise_snr5db,test,Tornado_Siren_II-Delilah-747233690_uid-k23l64,0,0.0,0
PC float32,noise_snr5db,test,Tornado_Siren_II-Delilah-747233690_uid-yu5cjs,0,0.0,0
PC float32,noise_snr5db,test,Tornado_Siren_SoundBible_uid-6dnh9z,0,0.0,0
PC float32,noise_snr5db,test,Tornado_Siren_SoundBible_uid-g7d17q,0,0.0,0
PC float32,noise_snr5db,test,Walking-SoundBible_uid-62j3do,0,0.0,0
PC float32,noise_snr5db,test,Walking_In_Snow-SoundBible_uid-hoifci,0,4.0832739967022746e-10,0
PC float32,noise_snr5db,test,Walking_On_Gravel-SoundBible_uid-7duozg,0,9.375556971405463e-15,0
PC float32,noise_snr5db,test,Walking_On_Gravel-SoundBible_uid-fi611q,0,2.3087846301450554e-08,0
PC float32,noise_snr5db,test,Walking_On_Gravel-SoundBible_uid-jhzvu7,0,0.0,0
PC float32,noise_snr5db,test,Winston_Churchill Nazi Speech-SoundBible_uid-2unyd8,0,1.5458270774537652e-10,0
PC float32,noise_snr5db,test,Winston_Churchill Nazi Speech-SoundBible_uid-761zdn,0,1.2140314795128226e-12,0
PC float32,noise_snr5db,test,Winston_Churchill Nazi Speech-SoundBible_uid-g4x51s,0,0.0,0
PC float32,noise_snr5db,test,Winston_Churchill Nazi Speech-SoundBible_uid-jp39dv,0,3.330645763528761e-13,0
PC float32,noise_snr5db,test,Winston_Churchill Nazi Speech-SoundBible_uid-rwukdv,0,1.692891039544834e-19,0
PC float32,noise_snr5db,test,Woman_Screaming 2-SoundBible_uid-c9acqz,0,0.0,0
PC float32,noise_snr5db,test,church_chime-daniel_simon (1)_uid-zsrdac,0,0.0,0
PC float32,noise_snr5db,test,church_chime-daniel_simon_uid-bbyw01,0,0.0,0
PC float32,noise_snr5db,test,church_chime-daniel_simon_uid-sxzijw,0,0.0,0
PC float32,noise_snr5db,test,doberman_pincher_daniel-simion_uid-348sts,0,0.0,0
PC float32,noise_snr5db,test,doberman_pincher_daniel-simion_uid-4gutjw,0,0.0,0
PC float32,noise_snr5db,test,doberman_pincher_daniel-simion_uid-db2xc6,0,0.0,0
PC float32,noise_snr5db,test,doberman_pincher_daniel-simion_uid-m6nbjk,0,0.0,0
PC float32,noise_snr5db,test,german_shephard-daniel_simon (1)_uid-x57o4h,0,0.0,0
PC float32,noise_snr5db,test,german_shephard-daniel_simon_uid-35by3o,0,0.0,0
PC float32,noise_snr5db,test,hard_shoes_1-daniel_simon_uid-lqfqp3,0,0.0,0
PC float32,noise_snr5db,test,harley_davidson-daniel_simon_uid-3gnkx0,0,4.1978026423637065e-18,0
PC float32,noise_snr5db,test,harley_davidson-daniel_simon_uid-5tbvav,0,1.1715825792152357e-12,0
PC float32,noise_snr5db,test,labrador_barking-daniel_simon_uid-cpx5m6,0,0.0,0
PC float32,noise_snr5db,test,labrador_barking-daniel_simon_uid-cvf4k1,0,0.0,0
PC float32,noise_snr5db,test,labrador_barking-daniel_simon_uid-j0e09a,0,0.0,0
PC float32,noise_snr5db,test,labrador_barking-daniel_simon_uid-mwgdoo,0,0.0,0
PC float32,noise_snr5db,test,labrador_barking-daniel_simon_uid-p1nd4y,0,0.0,0
PC float32,noise_snr5db,test,labrador_barking-daniel_simon_uid-px7218,0,0.0,0
PC float32,noise_snr5db,test,muscle_car-daniel_simon (1)_uid-hvisfn,0,8.61145971993435e-18,0
PC float32,noise_snr5db,test,muscle_car-daniel_simon_uid-jpcsdl,0,4.155585597853673e-12,0
PC float32,noise_snr5db,test,old_car-engine_daniel_simion_uid-2lzarp,0,0.0,0
PC float32,noise_snr5db,test,old_car-engine_daniel_simion_uid-5xyl64,0,0.0,0
PC float32,noise_snr5db,test,old_car-engine_daniel_simion_uid-8mfyeb,0,0.0,0
PC float32,noise_snr5db,test,old_car-engine_daniel_simion_uid-9xmt28,0,0.0,0
PC float32,noise_snr5db,test,old_fashioned-door-bell-daniel_simon_uid-1bqwmt,0,0.0,0
PC float32,noise_snr5db,test,old_fashioned-door-bell-daniel_simon_uid-8q7aiq,0,0.0,0
PC float32,noise_snr5db,test,party_crowd-daniel_simon_uid-8pwj7x,0,0.0,0
PC float32,noise_snr5db,test,party_crowd-daniel_simon_uid-vroqkp,0,0.0,0
PC float32,noise_snr5db,test,railroad_crossing_bell-Brylon_Terry-1551570865 (1)_uid-55is8o,0,0.0,0
PC float32,noise_snr5db,test,railroad_crossing_bell-Brylon_Terry-1551570865 (1)_uid-6mnkqh,0,0.0,0
PC float32,noise_snr5db,test,railroad_crossing_bell-Brylon_Terry-1551570865 (1)_uid-mi9sxj,0,0.0,0
PC float32,noise_snr5db,test,railroad_crossing_bell-Brylon_Terry-1551570865 (1)_uid-n15yft,0,0.0,0
PC float32,noise_snr5db,test,railroad_crossing_bell-Brylon_Terry-1551570865 (1)_uid-vxl8al,0,0.0,0
PC float32,noise_snr5db,test,railroad_crossing_bell-Brylon_Terry-1551570865 (1)_uid-waev1t,0,0.0,0
PC float32,noise_snr5db,test,railroad_crossing_bell-Brylon_Terry-1551570865 (1)_uid-zyz59r,0,0.0,0
PC float32,noise_snr5db,test,railroad_crossing_bell-Brylon_Terry-1551570865_uid-ejhzbl,0,0.0,0
PC float32,noise_snr5db,test,railroad_crossing_bell-Brylon_Terry-1551570865_uid-po2yqk,0,0.0,0
PC float32,noise_snr5db,test,tolling_bell_daniel-simion_uid-kg3lrg,0,0.0,0
PC float32,noise_snr5db,test,tolling_bell_daniel-simion_uid-witt3h,0,0.0,0
PC int8,noise_snr5db,test,0003_0397s_shot_019_ch1,1,0.99609375,1
PC int8,noise_snr5db,test,0005_0580s_shot_006_ch1,1,0.99609375,1
PC int8,noise_snr5db,test,0005_0607s_shot_150_ch1,1,0.99609375,1
PC int8,noise_snr5db,test,0005_0631s_shot_173_ch1,1,0.99609375,1
PC int8,noise_snr5db,test,0005_0632s_shot_176_ch1,1,0.99609375,1
PC int8,noise_snr5db,test,0005_0662s_shot_201_ch1,1,0.99609375,1
PC int8,noise_snr5db,test,0005_0685s_shot_220_ch1,1,0.99609375,1
PC int8,noise_snr5db,test,0005_0700s_shot_037_ch1,1,0.99609375,1
PC int8,noise_snr5db,test,0011_0226s_shot_011_ch1,1,0.99609375,1
PC int8,noise_snr5db,test,0011_0333s_shot_018_ch1,1,0.03515625,0
PC int8,noise_snr5db,test,171236__alukahn__gunshot2_uid-fcn21d,0,0.0,0
PC int8,noise_snr5db,test,371041__morganpurkis__single-gunshot-3_uid-1k053k,0,0.0,0
PC int8,noise_snr5db,test,384687__morganpurkis__single-gunshot-42_uid-u9d6r1,0,0.0,0
PC int8,noise_snr5db,test,384689__dobroide__20170318gunshotparadiso_uid-kwsehz,0,0.0,0
PC int8,noise_snr5db,test,384689__dobroide__20170318gunshotparadiso_uid-pjl13d,0,0.0,0
PC int8,noise_snr5db,test,402008__eardeer__gunshot__high_3_uid-4j4q67,0,0.0,0
PC int8,noise_snr5db,test,402791__acidsnowflake__ak47-and-various-other-gunshots-at-indoor-shooting-range_uid-6aezru,0,0.0,0
PC int8,noise_snr5db,test,402791__acidsnowflake__ak47-and-various-other-gunshots-at-indoor-shooting-range_uid-byjlki,0,0.0,0
PC int8,noise_snr5db,test,402791__acidsnowflake__ak47-and-various-other-gunshots-at-indoor-shooting-range_uid-garl1l,0,0.0,0
PC int8,noise_snr5db,test,402791__acidsnowflake__ak47-and-various-other-gunshots-at-indoor-shooting-range_uid-l3ibfo,0,0.0,0
PC int8,noise_snr5db,test,402791__acidsnowflake__ak47-and-various-other-gunshots-at-indoor-shooting-range_uid-qe3eyz,0,0.0,0
PC int8,noise_snr5db,test,405132__fstagi__gunshots_uid-xcyi0z,0,0.0,0
PC int8,noise_snr5db,test,51470__smcameron__synthetic_gunshot_2_uid-vatpwv,0,0.0,0
PC int8,noise_snr5db,test,518181__bolkmar__fx-gunshot_uid-al1o0i,0,0.0,0
PC int8,noise_snr5db,test,518181__bolkmar__fx-gunshot_uid-es96l9,0,0.0,0
PC int8,noise_snr5db,test,518181__bolkmar__fx-gunshot_uid-j3vsmz,0,0.0,0
PC int8,noise_snr5db,test,519623__nathanchurchyard__gunshots_uid-kvxx3q,0,0.0,0
PC int8,noise_snr5db,test,683312__pnmcarrierailfan__pistol-gunshot-mix-weapons_uid-tmmoay,0,0.0,0
PC int8,noise_snr5db,test,Amusement_Park Ambiance -SoundBible_uid-2t9w3e,0,0.0,0
PC int8,noise_snr5db,test,Amusement_Park Ambiance -SoundBible_uid-jwv6lq,0,0.0,0
PC int8,noise_snr5db,test,Amusement_Park Ambiance -SoundBible_uid-l24o63,0,0.0,0
PC int8,noise_snr5db,test,Background_Noise-SoundBible_uid-m7qaag,0,0.0,0
PC int8,noise_snr5db,test,Background_Noise-SoundBible_uid-mnn2bm,0,0.0,0
PC int8,noise_snr5db,test,Bi_Polar_Uncle-ScanMan-1810098860_uid-b8uks2,0,0.0,0
PC int8,noise_snr5db,test,Bi_Polar_Uncle-ScanMan-1810098860_uid-evaiic,0,0.0,0
PC int8,noise_snr5db,test,Bi_Polar_Uncle-ScanMan-1810098860_uid-l7n0jt,0,0.0,0
PC int8,noise_snr5db,test,Bi_Polar_Uncle-ScanMan-1810098860_uid-omv54z,0,0.0,0
PC int8,noise_snr5db,test,Bi_Polar_Uncle-ScanMan-1810098860_uid-p90ljg,0,0.0,0
PC int8,noise_snr5db,test,Big_door_closed-Clemens_F-941522533_uid-n02it9,0,0.0,0
PC int8,noise_snr5db,test,Cellar_Door Slam Shut-SoundBible_uid-pg4dq8,0,0.0,0
PC int8,noise_snr5db,test,Citty_Traffic Ambiance-SoundBible_uid-87yimc,0,0.0,0
PC int8,noise_snr5db,test,Citty_Traffic Ambiance-SoundBible_uid-8vk0wx,0,0.0,0
PC int8,noise_snr5db,test,Citty_Traffic Ambiance-SoundBible_uid-mxbe2e,0,0.0,0
PC int8,noise_snr5db,test,Citty_Traffic Ambiance-SoundBible_uid-q0srdn,0,0.0,0
PC int8,noise_snr5db,test,City_Ambiance-SoundBible_uid-8yrqh9,0,0.0,0
PC int8,noise_snr5db,test,City_Ambiance-SoundBible_uid-t8xlgr,0,0.0,0
PC int8,noise_snr5db,test,Classroom_Ambiance-SoundBible_uid-q49pv1,0,0.0,0
PC int8,noise_snr5db,test,Classroom_Ambiance-SoundBible_uid-qfbdk0,0,0.0,0
PC int8,noise_snr5db,test,Classroom_Ambiance-SoundBible_uid-uu3ewb,0,0.0,0
PC int8,noise_snr5db,test,Classroom_Ambiance-SoundBible_uid-xdl758,0,0.0,0
PC int8,noise_snr5db,test,Close_Vault_Or_Jail_Door-SoundBible_uid-lasl2n,0,0.0,0
PC int8,noise_snr5db,test,Dog_Barking-SoundBible_uid-3uyzqt,0,0.0,0
PC int8,noise_snr5db,test,Dog_Barking-SoundBible_uid-udwefz,0,0.0,0
PC int8,noise_snr5db,test,Dogs_Barking-SoundBible_uid-0ftva8,0,0.0,0
PC int8,noise_snr5db,test,Dogs_Barking-SoundBible_uid-itlawo,0,0.0,0
PC int8,noise_snr5db,test,Dogs_Barking-SoundBible_uid-k8qbi9,0,0.0,0
PC int8,noise_snr5db,test,End_of_Game-Mike_Koenig-617089079_uid-0scusn,0,0.0,0
PC int8,noise_snr5db,test,Engine_Inside_Car-SoundBible_uid-as3jed,0,0.0,0
PC int8,noise_snr5db,test,Fast_Heel_Walk-Kyanna_Johnson-1646343608_uid-8u9yx0,0,0.0,0
PC int8,noise_snr5db,test,Fast_Heel_Walk-Kyanna_Johnson-1646343608_uid-9pwmgu,0,0.0,0
PC int8,noise_snr5db,test,Female_Scream_Horror-NeoPhyTe-138499973_uid-w7fb5j,0,0.0,0
PC int8,noise_snr5db,test,Footsteps_SoundBible_uid-4v6zy1,0,0.0,0
PC int8,noise_snr5db,test,Footsteps_SoundBible_uid-dg95vk,0,0.0,0
PC int8,noise_snr5db,test,Footsteps_SoundBible_uid-hnz36f,0,0.0,0
PC int8,noise_snr5db,test,Frying_Pan_Impact-SoundBible_uid-nbylf3,0,0.0,0
PC int8,noise_snr5db,test,Indian_Bell-SoundBible_uid-t0u6xu,0,0.0,0
PC int8,noise_snr5db,test,Japanese_Temple Bell Small-SoundBible_uid-3fhudh,0,0.0,0
PC int8,noise_snr5db,test,Japanese_Temple Bell Small-SoundBible_uid-8kpqn1,0,0.0,0
PC int8,noise_snr5db,test,Large_Door_Slam-SoundBible_uid-ljg1k3,0,0.0,0
PC int8,noise_snr5db,test,Little_Girl_Talking-Mike_Koenig-782373463_uid-bstw5g,0,0.0,0
PC int8,noise_snr5db,test,Metal_Gong-Dianakc-109711828_uid-hlegwg,0,0.0,0
PC int8,noise_snr5db,test,Motorcycle_Engine-SoundBible_uid-bo8n5y,0,0.0,0
PC int8,noise_snr5db,test,Neighborhood_Dogs Barking-SoundBible_uid-6a1kho,0,0.0,0
PC int8,noise_snr5db,test,Neighborhood_Dogs Barking-SoundBible_uid-7mwktq,0,0.0,0
PC int8,noise_snr5db,test,Neighborhood_Dogs Barking-SoundBible_uid-dwmjp4,0,0.0,0
PC int8,noise_snr5db,test,Neighborhood_Dogs Barking-SoundBible_uid-kc7h7x,0,0.0,0
PC int8,noise_snr5db,test,Neighborhood_Dogs Barking-SoundBible_uid-p7gr4b,0,0.0,0
PC int8,noise_snr5db,test,Neighborhood_Dogs Barking-SoundBible_uid-rq1qkq,0,0.0,0
PC int8,noise_snr5db,test,Obama_Speech Liar-SoundBible_uid-8mnhtv,0,0.0,0
PC int8,noise_snr5db,test,Old_Door_Creaking-SoundBible_uid-e16ryq,0,0.0,0
PC int8,noise_snr5db,test,Old_Door_Creaking-SoundBible_uid-f2vs74,0,0.0,0
PC int8,noise_snr5db,test,Old_Door_Creaking-SoundBible_uid-ozrhlo,0,0.0,0
PC int8,noise_snr5db,test,Old_Door_Creaking-SoundBible_uid-q6uf3u,0,0.0,0
PC int8,noise_snr5db,test,Police Siren 3-SoundBible_uid-nytspf,0,0.0,0
PC int8,noise_snr5db,test,Police_Siren-SoundBible_uid-uyk0z0,0,0.0,0
PC int8,noise_snr5db,test,Psycho_Scream-SoundBible_uid-4qhwlo,0,0.0,0
PC int8,noise_snr5db,test,Psycho_Scream-SoundBible_uid-uococi,0,0.0,0
PC int8,noise_snr5db,test,Puppy_Dog Barking-SoundBible_uid-130qr7,0,0.0,0
PC int8,noise_snr5db,test,Puppy_Dog Barking-SoundBible_uid-zrfwba,0,0.0,0
PC int8,noise_snr5db,test,Race_Car Idle-SoundBible_uid-5il88u,0,0.0,0
PC int8,noise_snr5db,test,Race_Car Idle-SoundBible_uid-bjwy2y,0,0.0,0
PC int8,noise_snr5db,test,Race_Car Idle-SoundBible_uid-i7dn0k,0,0.0,0
PC int8,noise_snr5db,test,Restaurant Walla Track-SoundBible_uid-19b0uq,0,0.0,0
PC int8,noise_snr5db,test,Restaurant Walla Track-SoundBible_uid-e11kg8,0,0.0,0
PC int8,noise_snr5db,test,Restaurant Walla Track-SoundBible_uid-fk59q6,0,0.0,0
PC int8,noise_snr5db,test,School_Fire_Alarm-Cullen_Card-202875844_uid-rfkm7v,0,0.0,0
PC int8,noise_snr5db,test,Shift_Gears-SoundBible_uid-cvmuj8,0,0.0,0
PC int8,noise_snr5db,test,Ship_Bell-Mike_Koenig-1911209136_uid-e2z0y7,0,0.0,0
PC int8,noise_snr5db,test,Ship_Brass_Bell-Mike_Koenig-1458750630_uid-oksrz0,0,0.0,0
PC int8,noise_snr5db,test,Shopping_Mall Ambiance-SoundBible_uid-fa5yaq,0,0.0,0
PC int8,noise_snr5db,test,Sleigh_Bells_Ringing-SoundBible_uid-i52bxo,0,0.0,0
PC int8,noise_snr5db,test,Sleigh_Bells_Ringing-SoundBible_uid-xjtewi,0,0.0,0
PC int8,noise_snr5db,test,Soldiers_Marching-SoundBible_uid-0eax5q,0,0.0,0
PC int8,noise_snr5db,test,Soldiers_Marching-SoundBible_uid-4m3auc,0,0.0,0
PC int8,noise_snr5db,test,Soldiers_Marching-SoundBible_uid-51ygbj,0,0.0,0
PC int8,noise_snr5db,test,Soldiers_Marching-SoundBible_uid-5xkxw1,0,0.0,0
PC int8,noise_snr5db,test,Soldiers_Marching-SoundBible_uid-bqrx9i,0,0.0,0
PC int8,noise_snr5db,test,Sports_Bar Patrons Loud-SoundBible_uid-0qx8ca,0,0.0,0
PC int8,noise_snr5db,test,Steam_Engine-John-1826274710_uid-1hznao,0,0.0,0
PC int8,noise_snr5db,test,Steam_Engine-John-1826274710_uid-9qykmv,0,0.0,0
PC int8,noise_snr5db,test,Steam_Engine-John-1826274710_uid-pe5dcl,0,0.0,0
PC int8,noise_snr5db,test,Swimming_Pool Ambiance-SoundBible_uid-thd1td,0,0.0,0
PC int8,noise_snr5db,test,Temple_Bell Huge-SoundBible_uid-vwd9pv,0,0.0,0
PC int8,noise_snr5db,test,Tornado_Siren_II-Delilah-747233690_uid-9imkus,0,0.0,0
PC int8,noise_snr5db,test,Tornado_Siren_II-Delilah-747233690_uid-k23l64,0,0.0,0
PC int8,noise_snr5db,test,Tornado_Siren_II-Delilah-747233690_uid-yu5cjs,0,0.0,0
PC int8,noise_snr5db,test,Tornado_Siren_SoundBible_uid-6dnh9z,0,0.0,0
PC int8,noise_snr5db,test,Tornado_Siren_SoundBible_uid-g7d17q,0,0.0,0
PC int8,noise_snr5db,test,Walking-SoundBible_uid-62j3do,0,0.0,0
PC int8,noise_snr5db,test,Walking_In_Snow-SoundBible_uid-hoifci,0,0.0,0
PC int8,noise_snr5db,test,Walking_On_Gravel-SoundBible_uid-7duozg,0,0.0,0
PC int8,noise_snr5db,test,Walking_On_Gravel-SoundBible_uid-fi611q,0,0.0,0
PC int8,noise_snr5db,test,Walking_On_Gravel-SoundBible_uid-jhzvu7,0,0.0,0
PC int8,noise_snr5db,test,Winston_Churchill Nazi Speech-SoundBible_uid-2unyd8,0,0.0,0
PC int8,noise_snr5db,test,Winston_Churchill Nazi Speech-SoundBible_uid-761zdn,0,0.0,0
PC int8,noise_snr5db,test,Winston_Churchill Nazi Speech-SoundBible_uid-g4x51s,0,0.0,0
PC int8,noise_snr5db,test,Winston_Churchill Nazi Speech-SoundBible_uid-jp39dv,0,0.0,0
PC int8,noise_snr5db,test,Winston_Churchill Nazi Speech-SoundBible_uid-rwukdv,0,0.0,0
PC int8,noise_snr5db,test,Woman_Screaming 2-SoundBible_uid-c9acqz,0,0.0,0
PC int8,noise_snr5db,test,church_chime-daniel_simon (1)_uid-zsrdac,0,0.0,0
PC int8,noise_snr5db,test,church_chime-daniel_simon_uid-bbyw01,0,0.0,0
PC int8,noise_snr5db,test,church_chime-daniel_simon_uid-sxzijw,0,0.0,0
PC int8,noise_snr5db,test,doberman_pincher_daniel-simion_uid-348sts,0,0.0,0
PC int8,noise_snr5db,test,doberman_pincher_daniel-simion_uid-4gutjw,0,0.0,0
PC int8,noise_snr5db,test,doberman_pincher_daniel-simion_uid-db2xc6,0,0.0,0
PC int8,noise_snr5db,test,doberman_pincher_daniel-simion_uid-m6nbjk,0,0.0,0
PC int8,noise_snr5db,test,german_shephard-daniel_simon (1)_uid-x57o4h,0,0.0,0
PC int8,noise_snr5db,test,german_shephard-daniel_simon_uid-35by3o,0,0.0,0
PC int8,noise_snr5db,test,hard_shoes_1-daniel_simon_uid-lqfqp3,0,0.0,0
PC int8,noise_snr5db,test,harley_davidson-daniel_simon_uid-3gnkx0,0,0.0,0
PC int8,noise_snr5db,test,harley_davidson-daniel_simon_uid-5tbvav,0,0.0,0
PC int8,noise_snr5db,test,labrador_barking-daniel_simon_uid-cpx5m6,0,0.0,0
PC int8,noise_snr5db,test,labrador_barking-daniel_simon_uid-cvf4k1,0,0.0,0
PC int8,noise_snr5db,test,labrador_barking-daniel_simon_uid-j0e09a,0,0.0,0
PC int8,noise_snr5db,test,labrador_barking-daniel_simon_uid-mwgdoo,0,0.0,0
PC int8,noise_snr5db,test,labrador_barking-daniel_simon_uid-p1nd4y,0,0.0,0
PC int8,noise_snr5db,test,labrador_barking-daniel_simon_uid-px7218,0,0.0,0
PC int8,noise_snr5db,test,muscle_car-daniel_simon (1)_uid-hvisfn,0,0.0,0
PC int8,noise_snr5db,test,muscle_car-daniel_simon_uid-jpcsdl,0,0.0,0
PC int8,noise_snr5db,test,old_car-engine_daniel_simion_uid-2lzarp,0,0.0,0
PC int8,noise_snr5db,test,old_car-engine_daniel_simion_uid-5xyl64,0,0.0,0
PC int8,noise_snr5db,test,old_car-engine_daniel_simion_uid-8mfyeb,0,0.0,0
PC int8,noise_snr5db,test,old_car-engine_daniel_simion_uid-9xmt28,0,0.0,0
PC int8,noise_snr5db,test,old_fashioned-door-bell-daniel_simon_uid-1bqwmt,0,0.0,0
PC int8,noise_snr5db,test,old_fashioned-door-bell-daniel_simon_uid-8q7aiq,0,0.0,0
PC int8,noise_snr5db,test,party_crowd-daniel_simon_uid-8pwj7x,0,0.0,0
PC int8,noise_snr5db,test,party_crowd-daniel_simon_uid-vroqkp,0,0.0,0
PC int8,noise_snr5db,test,railroad_crossing_bell-Brylon_Terry-1551570865 (1)_uid-55is8o,0,0.0,0
PC int8,noise_snr5db,test,railroad_crossing_bell-Brylon_Terry-1551570865 (1)_uid-6mnkqh,0,0.0,0
PC int8,noise_snr5db,test,railroad_crossing_bell-Brylon_Terry-1551570865 (1)_uid-mi9sxj,0,0.0,0
PC int8,noise_snr5db,test,railroad_crossing_bell-Brylon_Terry-1551570865 (1)_uid-n15yft,0,0.0,0
PC int8,noise_snr5db,test,railroad_crossing_bell-Brylon_Terry-1551570865 (1)_uid-vxl8al,0,0.0,0
PC int8,noise_snr5db,test,railroad_crossing_bell-Brylon_Terry-1551570865 (1)_uid-waev1t,0,0.0,0
PC int8,noise_snr5db,test,railroad_crossing_bell-Brylon_Terry-1551570865 (1)_uid-zyz59r,0,0.0,0
PC int8,noise_snr5db,test,railroad_crossing_bell-Brylon_Terry-1551570865_uid-ejhzbl,0,0.0,0
PC int8,noise_snr5db,test,railroad_crossing_bell-Brylon_Terry-1551570865_uid-po2yqk,0,0.0,0
PC int8,noise_snr5db,test,tolling_bell_daniel-simion_uid-kg3lrg,0,0.0,0
PC int8,noise_snr5db,test,tolling_bell_daniel-simion_uid-witt3h,0,0.0,0
